rainfall_mm,avg_temperature_celsius,sunlight_hours_per_day,nitrogen_n_kg_per_acre,phosphorus_p_kg_per_acre,potassium_k_kg_per_acre,soil_type,crop_duration_days,irrigation_frequency_per_month,pest_control_applied,seed_variety,yield_quintal_per_acre,soil_ph,relative_humidity_percent,wind_speed_kmph,soil_moisture_percent,water_requirement_liters_per_day
1734.13,33.61,8.95,214.67,76.9,94.82,Alluvial,400,3,1.0,Co86032,520.17,6.82,88.9,10.1,36.1,15.9
1286.61,31.25,7.89,163.85,61.71,80.61,Alluvial,374,3,0.95,CoM0265,463.89,6.99,82.2,8.1,28.1,18.2
1323.73,29.54,7.52,133.31,48.41,65.28,Red Soil,352,2,0.99,Co0238,343.14,6.5,77.9,8.6,35.0,18.5
1459.15,32.62,8.55,190.85,69.67,82.79,Clay Loam,384,4,1.0,Co0238,508.21,6.83,87.5,10.7,33.0,19.6
1114.87,30.31,7.92,148.93,57.0,71.42,Clay Loam,359,4,1.0,CoM0265,433.1,7.1,79.0,20.1,25.8,18.6
1418.24,32.03,8.29,185.99,66.77,81.9,Alluvial,381,3,1.0,Co0238,498.09,6.96,84.8,12.7,31.1,17.5
864.72,27.11,7.01,111.31,40.16,53.54,Sandy Loam,323,5,1.0,Co86032,283.3,6.8,71.1,5.8,23.9,19.4
811.86,26.7,6.8,100.0,42.51,51.98,Sandy Loam,322,5,0.89,Co86032,267.94,6.89,70.9,11.0,24.2,19.8
1433.42,32.41,8.53,179.97,65.92,78.38,Alluvial,378,3,0.92,Co86032,498.0,7.08,90.6,7.4,33.3,17.2
1970.0,35.2,9.3,239.26,85.18,112.0,Alluvial,422,3,0.97,Co86032,579.08,6.92,98.0,10.2,44.3,17.1
1733.47,33.14,8.82,210.46,75.08,93.26,Clay Loam,402,4,0.88,Co0238,510.28,6.9,91.2,10.8,38.5,15.6
1076.7,29.24,7.51,125.68,49.4,61.61,Red Soil,339,2,0.0,CoM0265,225.76,6.72,74.2,6.7,30.7,20.6
1138.29,31.05,7.67,154.46,56.38,71.08,Clay Loam,364,4,0.81,CoM0265,418.02,7.07,83.6,8.9,30.5,23.3
1829.1,33.97,9.05,222.24,81.85,102.67,Alluvial,412,3,0.85,Co86032,544.8,6.97,92.7,6.3,39.3,16.9
816.89,27.09,6.81,101.49,42.06,51.37,Sandy Loam,323,5,0.82,Co0238,279.69,6.49,68.8,7.8,25.1,19.3
1476.32,32.36,8.35,185.56,67.98,83.94,Clay Loam,381,3,1.0,Co86032,488.3,6.82,80.1,9.0,38.5,17.9
1898.63,34.61,9.06,231.5,83.99,103.96,Alluvial,415,3,0.16,CoM0265,386.52,6.65,90.1,9.6,37.5,15.4
1454.53,32.17,8.47,180.63,65.69,83.01,Alluvial,381,3,0.95,Co86032,486.09,6.68,80.7,9.2,32.6,16.9
983.15,28.8,7.3,119.82,44.45,60.85,Red Soil,328,2,1.0,Co0238,329.94,6.77,72.3,10.2,33.9,20.2
1826.24,34.12,9.01,224.0,80.64,101.06,Alluvial,415,3,0.97,Co86032,544.3,7.03,94.0,13.2,36.8,15.0
1058.1,28.77,7.28,128.32,47.3,63.2,Red Soil,341,2,0.09,CoM0265,222.92,6.96,79.3,7.5,26.3,20.3
847.61,26.57,6.84,104.68,40.0,52.25,Sandy Loam,324,5,0.89,Co86032,264.58,6.96,75.1,3.2,17.6,19.8
1743.1,33.68,8.87,207.91,80.29,96.5,Alluvial,400,3,1.0,Co86032,517.72,6.95,93.2,7.9,37.6,13.5
1851.07,34.38,9.04,217.31,80.1,99.64,Alluvial,413,3,0.86,CoM0265,528.19,6.82,97.3,10.7,38.2,16.9
1499.28,32.85,8.73,197.04,72.03,85.77,Clay Loam,387,4,1.0,Co0238,501.85,6.86,80.8,11.6,38.6,17.6
931.59,27.51,7.02,119.64,42.66,58.06,Sandy Loam,329,4,0.0,Co0238,196.14,6.59,70.1,7.1,30.5,18.6
1616.8,32.41,8.35,174.68,63.81,77.09,Clay Loam,380,3,0.81,CoM0265,471.23,6.91,92.2,12.2,40.3,18.1
1846.18,33.94,9.02,229.78,80.46,102.48,Alluvial,412,3,0.93,CoM0265,566.19,6.72,88.5,10.3,40.1,19.1
800.15,26.51,6.8,102.13,40.0,50.0,Sandy Loam,320,5,0.07,Co0238,188.4,6.49,77.4,11.0,22.0,22.5
1713.34,33.44,8.92,209.5,77.2,91.56,Clay Loam,400,4,1.0,Co0238,518.42,6.73,80.6,14.3,39.8,16.6
1301.47,31.01,7.87,147.83,55.28,68.32,Red Soil,355,2,1.0,Co86032,369.48,6.5,87.1,11.1,27.3,19.1
860.51,27.58,7.01,113.25,41.73,57.91,Sandy Loam,330,4,0.05,Co0238,188.4,6.64,71.7,6.9,23.4,18.2
1884.85,34.45,9.2,228.93,83.15,109.79,Alluvial,416,3,0.02,CoM0265,390.49,6.8,94.3,9.9,39.8,16.4
996.07,28.28,7.1,120.1,46.16,58.63,Red Soil,330,2,0.75,Co0238,303.36,6.62,74.0,9.9,23.9,18.4
1254.99,31.54,8.17,159.79,63.61,75.15,Alluvial,381,3,1.0,CoM0265,488.01,7.1,90.0,5.4,27.1,19.0
1714.22,32.1,8.66,193.78,72.42,88.16,Clay Loam,389,4,0.0,Co0238,361.38,6.79,88.1,7.3,35.5,17.7
1303.53,31.42,8.13,171.09,62.49,75.88,Alluvial,370,3,1.0,CoM0265,481.38,7.0,84.9,10.0,28.7,18.1
1113.75,30.17,7.76,147.94,55.91,71.56,Clay Loam,362,4,1.0,CoM0265,405.25,6.59,78.1,10.3,30.1,21.5
1846.71,34.31,9.08,225.18,80.47,102.65,Alluvial,414,3,0.97,Co86032,554.48,7.14,96.1,15.3,37.9,16.6
1223.24,31.5,8.27,161.12,59.74,76.17,Alluvial,364,3,0.08,Co86032,301.83,7.03,81.2,8.8,31.9,22.3
1773.89,33.71,8.85,211.32,78.79,93.72,Alluvial,409,3,1.0,Co86032,520.01,6.64,79.5,10.2,45.6,15.0
1415.85,30.2,7.7,147.73,52.21,63.7,Red Soil,353,2,0.95,Co0238,354.37,6.97,78.9,3.0,33.7,21.6
1725.03,32.3,8.61,197.7,73.28,91.84,Clay Loam,390,4,0.04,Co0238,358.73,6.55,84.0,11.6,33.4,18.6
845.09,26.79,6.8,109.81,41.09,51.18,Sandy Loam,320,5,1.0,Co0238,277.82,6.5,70.7,9.2,16.9,19.9
924.96,27.05,6.91,107.54,42.09,52.9,Sandy Loam,325,5,1.0,Co86032,288.31,6.53,74.2,6.8,22.8,17.6
954.87,28.48,7.42,134.77,45.68,62.96,Red Soil,329,2,0.88,Co0238,311.09,6.84,75.5,9.2,25.9,20.5
866.84,27.2,7.02,100.0,40.08,52.12,Sandy Loam,330,5,1.0,Co0238,262.94,6.83,77.2,12.6,27.1,20.0
1161.78,29.52,7.72,132.31,49.74,64.84,Red Soil,345,2,0.87,Co86032,344.18,6.76,75.6,13.1,27.2,16.8
1834.19,33.86,9.09,215.77,79.58,100.36,Alluvial,411,3,0.87,CoM0265,541.59,7.26,77.8,12.6,42.0,14.2
1336.46,30.23,7.91,139.44,52.66,70.83,Red Soil,357,2,1.0,Co86032,375.57,7.11,76.7,11.5,31.4,19.3
937.92,28.41,7.24,119.6,44.73,61.7,Red Soil,331,2,1.0,Co0238,312.02,6.9,73.2,9.9,22.8,20.2
885.4,27.58,7.21,125.74,43.89,60.62,Sandy Loam,328,4,0.18,Co0238,188.4,7.16,76.2,8.3,27.3,21.4
1828.43,33.87,9.02,226.64,80.83,101.82,Alluvial,412,3,1.0,Co86032,540.3,6.85,95.2,9.2,39.2,15.8
1153.34,29.67,7.61,136.52,48.74,64.59,Red Soil,345,2,1.0,Co86032,320.4,6.9,72.9,13.8,28.5,19.1
1605.06,32.29,8.52,172.85,58.83,79.03,Clay Loam,374,3,1.0,CoM0265,460.42,6.93,86.2,9.9,34.0,14.7
1966.38,34.94,9.13,243.0,85.2,109.99,Alluvial,420,3,0.95,Co86032,578.92,7.12,96.6,9.3,38.0,15.3
1685.22,32.23,8.83,193.73,74.4,91.29,Clay Loam,387,4,0.0,Co0238,353.4,6.91,85.6,8.5,36.2,16.2
1676.15,33.44,8.8,205.7,78.13,94.95,Clay Loam,403,4,1.0,Co0238,508.69,6.66,85.5,9.9,38.1,16.6
1494.9,32.63,8.46,187.5,69.96,87.53,Clay Loam,384,4,1.0,Co0238,510.11,7.31,82.2,8.5,37.2,18.7
873.27,26.63,6.97,100.71,40.65,50.62,Sandy Loam,320,5,0.93,Co86032,261.58,6.92,77.7,9.7,26.0,19.6
1382.06,30.78,7.88,147.01,53.98,66.9,Red Soil,357,2,1.0,Co86032,355.01,7.1,83.7,10.8,31.4,18.7
1131.38,30.25,7.76,155.63,56.81,71.73,Clay Loam,361,4,1.0,CoM0265,423.12,6.79,87.7,7.8,23.8,21.2
1725.16,32.29,8.54,201.42,70.27,84.9,Clay Loam,391,4,0.0,Co0238,361.7,6.85,86.7,6.2,40.1,17.5
1717.14,33.43,8.95,203.19,75.6,95.33,Clay Loam,404,4,0.97,Co0238,530.51,7.14,98.0,5.0,35.9,16.1
1120.41,30.35,7.85,152.07,53.87,70.46,Clay Loam,363,4,0.9,CoM0265,421.04,6.87,73.6,5.9,27.7,18.1
879.59,27.19,6.83,109.01,40.95,53.83,Sandy Loam,321,5,1.0,Co86032,292.05,6.95,77.3,12.5,24.5,19.9
1903.36,34.49,8.98,226.09,82.25,100.12,Alluvial,412,3,0.9,CoM0265,556.72,7.16,96.3,8.3,41.7,18.0
1676.67,33.46,8.94,194.76,76.03,91.79,Clay Loam,396,3,1.0,CoM0265,511.08,7.2,95.3,11.4,34.8,16.9
1279.34,31.44,8.0,164.19,61.74,78.59,Alluvial,381,3,0.91,CoM0265,476.31,6.57,83.4,8.5,31.6,20.2
1546.81,33.14,8.67,199.73,71.91,86.04,Alluvial,392,3,1.0,Co86032,497.64,6.82,93.8,5.4,38.7,18.2
928.82,26.97,7.15,115.71,41.25,56.56,Sandy Loam,327,4,0.94,CoM0265,284.24,6.79,79.4,11.6,25.0,20.8
1617.84,32.36,8.73,192.48,75.28,91.48,Clay Loam,391,4,0.0,Co0238,347.45,7.11,83.5,7.7,35.3,18.6
1659.57,33.55,8.77,211.21,77.78,92.04,Clay Loam,400,4,1.0,Co0238,537.12,7.04,87.7,11.1,40.3,16.6
1570.95,32.93,8.65,196.51,71.43,86.12,Alluvial,388,3,1.0,Co86032,500.69,6.31,78.7,11.5,28.7,17.8
1351.96,29.68,7.66,138.4,50.25,68.7,Red Soil,351,2,1.0,Co0238,354.05,6.83,83.9,17.2,32.0,18.2
1200.31,29.74,7.67,137.62,50.9,65.18,Red Soil,352,2,0.96,Co86032,323.29,6.99,77.3,10.6,28.1,18.2
1251.4,29.6,7.6,141.95,50.86,65.9,Red Soil,353,2,1.0,Co0238,336.46,6.54,71.8,7.3,35.4,16.1
911.24,27.44,7.1,110.94,43.37,59.79,Sandy Loam,330,4,0.0,Co0238,188.4,6.83,61.1,8.4,30.7,20.3
1921.89,34.56,9.11,229.79,81.1,104.6,Alluvial,411,3,0.0,CoM0265,380.37,6.84,98.0,12.8,35.5,14.4
1827.14,34.02,9.13,218.16,80.61,101.34,Alluvial,408,3,0.98,Co86032,535.96,7.03,86.5,10.2,46.4,16.9
1014.41,28.13,7.51,123.97,45.67,62.06,Red Soil,337,2,1.0,Co0238,313.36,7.16,71.1,10.7,24.9,22.8
1374.3,32.01,8.26,184.43,65.74,82.23,Alluvial,377,3,0.94,Co0238,467.43,6.95,79.8,10.5,31.0,17.1
1176.82,31.85,8.27,158.11,60.68,77.3,Alluvial,369,3,0.0,Co86032,306.09,6.67,72.4,10.1,27.0,19.5
1005.12,29.26,7.39,129.16,46.16,59.88,Red Soil,337,2,0.01,CoM0265,228.07,6.44,81.7,12.1,26.1,17.7
1325.67,31.24,8.23,160.85,60.36,74.01,Alluvial,372,3,1.0,CoM0265,476.96,6.65,82.6,8.4,32.7,19.1
1316.8,29.66,7.38,134.75,48.58,65.08,Red Soil,346,2,1.0,Co0238,350.02,6.69,89.8,15.7,31.9,14.3
832.36,26.68,6.89,102.01,40.32,52.45,Sandy Loam,320,5,0.98,Co86032,265.56,6.91,67.2,10.1,24.7,21.7
1493.69,32.18,8.48,181.51,69.36,84.41,Clay Loam,382,3,1.0,Co86032,491.54,6.59,77.0,10.1,34.7,16.2
1466.69,32.96,8.73,192.29,71.65,84.19,Alluvial,385,3,0.93,Co86032,500.82,6.69,82.3,8.9,31.4,18.4
1181.89,31.53,8.1,161.49,61.42,76.34,Alluvial,366,3,0.09,Co86032,302.86,6.76,72.8,4.6,31.1,20.2
1013.29,28.38,7.54,131.67,45.81,62.82,Red Soil,333,2,1.0,Co0238,335.08,6.78,73.1,12.4,23.3,16.9
1779.86,33.55,8.9,218.99,77.97,94.75,Alluvial,407,3,0.77,CoM0265,538.01,6.84,96.3,6.6,33.3,15.8
1947.47,35.03,9.26,241.74,82.09,109.86,Alluvial,416,3,0.99,Co86032,580.4,6.79,95.2,12.4,44.2,15.7
1402.72,31.52,8.1,179.1,67.21,80.52,Alluvial,379,3,1.0,Co0238,484.94,6.65,75.9,14.5,31.8,17.6
1348.51,30.26,7.54,143.13,52.74,68.54,Red Soil,354,2,0.91,Co0238,356.1,6.91,80.9,8.2,28.4,15.3
1643.81,32.39,8.62,197.72,74.61,89.55,Clay Loam,392,4,0.0,Co0238,365.07,6.47,81.7,11.8,32.3,17.3
1655.22,32.83,8.84,197.78,74.37,90.83,Clay Loam,398,3,1.0,CoM0265,520.72,6.85,98.0,11.7,31.0,18.1
1260.99,31.06,8.1,155.7,56.56,72.84,Alluvial,367,3,1.0,CoM0265,447.45,6.76,73.8,13.2,33.0,19.5
1435.16,32.27,8.53,184.97,63.27,78.44,Alluvial,379,3,0.92,Co86032,466.08,6.92,85.4,4.9,37.5,20.5
1228.34,31.01,7.88,158.35,57.69,74.53,Alluvial,365,3,0.97,CoM0265,442.96,6.82,92.1,9.0,29.4,18.8
800.0,26.6,6.8,100.45,40.83,52.35,Sandy Loam,321,5,0.89,Co86032,268.32,6.66,61.7,9.8,23.9,22.4
1638.2,32.01,8.61,173.56,62.71,77.13,Clay Loam,377,3,1.0,CoM0265,471.17,6.81,90.3,7.4,41.2,19.5
1915.31,35.2,9.3,242.33,85.56,112.0,Alluvial,422,3,0.89,Co86032,579.93,6.84,91.4,2.0,39.5,17.4
1882.44,34.2,8.97,228.49,81.79,102.55,Alluvial,413,3,0.93,CoM0265,558.69,6.85,98.0,9.3,37.5,15.3
1880.07,35.19,9.27,239.04,85.08,110.73,Alluvial,416,3,1.0,Co86032,561.29,6.86,85.8,11.4,39.4,13.8
1543.6,32.63,8.58,192.6,72.29,86.43,Clay Loam,380,4,1.0,Co0238,489.52,6.91,84.7,13.5,35.9,16.1
1777.07,34.32,9.18,212.47,79.15,99.1,Alluvial,413,3,0.94,CoM0265,538.56,6.67,93.6,7.9,36.5,18.4
997.84,28.39,7.55,132.4,47.45,64.58,Red Soil,342,2,0.93,Co0238,318.21,6.5,72.4,13.6,20.3,18.0
1763.27,33.3,8.99,208.72,80.24,97.52,Alluvial,405,3,1.0,Co86032,539.33,6.9,86.0,8.1,40.9,16.0
1288.36,29.86,7.58,139.32,48.61,63.96,Red Soil,351,2,1.0,Co0238,350.68,6.8,82.1,9.9,34.7,20.4
1775.14,34.08,8.94,220.95,79.37,98.23,Alluvial,411,3,1.0,Co86032,536.26,6.53,95.9,12.2,36.4,16.6
1380.06,30.68,7.95,144.18,51.56,67.45,Red Soil,353,2,0.97,Co86032,371.87,7.1,87.6,8.7,33.7,17.9
800.84,26.5,6.95,100.0,40.0,50.16,Sandy Loam,320,5,0.0,Co0238,190.34,6.7,78.2,11.0,24.9,21.2
1402.86,32.06,8.37,175.71,66.64,81.15,Alluvial,378,3,0.97,Co0238,495.2,6.72,81.2,10.0,31.5,18.0
1070.46,28.81,7.35,129.11,48.88,62.87,Red Soil,338,2,0.0,CoM0265,227.52,6.87,85.6,9.3,27.1,19.1
1691.26,32.66,8.61,194.76,74.18,88.31,Clay Loam,389,4,0.01,Co0238,357.18,6.46,93.1,7.9,42.5,18.0
1920.02,34.85,9.13,233.19,83.78,109.79,Alluvial,411,3,0.15,CoM0265,390.97,6.98,94.6,16.3,36.8,17.8
1730.47,32.6,8.71,193.76,71.4,86.74,Clay Loam,388,4,0.0,Co0238,349.48,6.49,90.1,8.6,36.9,17.0
1109.44,29.48,7.45,137.59,49.1,60.94,Red Soil,344,2,1.0,Co86032,345.6,6.42,77.8,9.5,30.7,19.4
873.31,27.42,7.01,108.51,42.08,54.59,Sandy Loam,325,5,0.99,Co86032,283.31,6.58,75.4,11.0,21.7,21.2
1586.57,32.89,8.71,193.9,71.15,87.48,Alluvial,387,3,0.91,Co86032,502.28,7.1,84.3,11.5,34.8,19.2
1703.38,33.35,8.89,199.11,76.01,91.64,Clay Loam,394,3,1.0,CoM0265,517.73,6.98,76.8,14.7,36.4,15.7
1504.61,32.58,8.73,187.04,71.16,85.6,Clay Loam,383,4,0.88,Co0238,507.64,7.0,81.7,14.2,33.3,18.1
842.51,26.72,6.82,103.07,40.91,52.81,Sandy Loam,320,5,1.0,Co86032,271.19,6.83,73.0,3.7,28.7,19.2
1532.03,32.55,8.44,194.34,72.26,84.35,Clay Loam,385,4,1.0,Co0238,494.83,6.78,87.7,6.7,33.5,14.8
1489.76,32.71,8.71,188.38,67.27,85.18,Clay Loam,385,4,1.0,Co0238,489.33,6.87,98.0,4.6,32.3,16.8
1748.05,33.89,8.92,214.88,79.8,99.33,Alluvial,405,3,0.89,CoM0265,544.9,7.21,85.4,2.4,36.8,18.3
876.49,26.51,6.8,101.9,40.0,50.0,Sandy Loam,322,5,1.0,Co86032,266.78,6.86,69.2,12.6,25.1,18.0
1916.27,34.53,8.91,230.73,86.0,104.24,Alluvial,411,3,0.07,CoM0265,395.92,7.07,89.2,9.7,43.0,19.0
1216.29,31.22,8.01,154.33,57.82,71.72,Alluvial,368,3,0.71,CoM0265,451.22,6.84,79.2,8.8,33.4,20.2
1924.6,34.4,9.11,227.67,83.45,101.77,Alluvial,417,3,1.0,CoM0265,546.09,6.84,94.2,8.1,41.2,18.2
1899.92,34.35,9.04,231.35,82.34,107.15,Alluvial,417,3,0.06,CoM0265,393.35,6.76,98.0,10.0,39.3,16.1
1698.31,33.56,8.84,201.84,74.1,89.93,Clay Loam,396,3,1.0,CoM0265,509.46,6.83,95.0,8.8,32.8,15.8
1506.83,32.06,8.62,192.15,70.48,84.3,Clay Loam,382,3,0.9,Co86032,500.07,6.9,90.4,18.3,35.3,16.9
1337.61,30.63,7.8,150.2,51.96,68.7,Red Soil,358,2,1.0,Co86032,382.05,6.84,86.3,3.8,30.7,18.4
1789.63,34.32,8.93,221.46,82.13,100.68,Alluvial,413,3,1.0,Co86032,559.7,6.53,93.4,7.6,38.8,16.6
1911.03,34.33,9.3,228.6,79.1,104.96,Alluvial,415,3,0.03,CoM0265,382.85,6.74,94.9,3.5,44.0,14.7
1360.87,30.12,7.59,144.29,49.72,63.81,Red Soil,353,2,0.91,Co0238,341.52,7.03,76.3,14.9,29.7,18.8
1970.0,35.11,9.22,243.0,85.36,109.1,Alluvial,421,3,1.0,Co86032,580.26,6.63,98.0,9.2,42.2,16.7
1300.6,31.7,8.04,160.21,60.61,76.38,Alluvial,372,3,1.0,CoM0265,467.64,6.66,75.4,8.6,25.6,17.4
1482.94,32.93,8.38,179.99,69.2,84.07,Clay Loam,382,3,0.98,Co86032,505.77,6.48,80.5,9.7,29.0,17.5
1347.92,31.53,8.2,167.64,60.09,78.82,Alluvial,377,3,1.0,CoM0265,478.98,6.63,86.1,10.8,30.6,19.5
944.39,27.62,7.07,122.39,42.6,60.2,Sandy Loam,332,4,0.0,Co0238,188.4,6.87,77.0,6.7,25.9,19.7
1616.86,32.1,8.39,170.37,62.49,76.15,Clay Loam,375,3,0.84,CoM0265,460.07,7.02,88.8,12.1,28.8,17.9
1853.9,34.6,9.3,225.35,82.23,104.07,Alluvial,416,3,0.0,CoM0265,394.98,7.16,91.1,12.2,35.2,14.9
908.63,27.32,7.04,113.88,42.42,54.22,Sandy Loam,328,5,1.0,Co86032,287.25,6.54,70.1,12.3,24.1,17.6
1877.04,34.57,9.02,224.65,80.39,102.74,Alluvial,416,3,0.01,CoM0265,395.89,7.04,89.6,11.2,34.8,18.2
1814.09,34.3,9.07,226.51,79.97,101.49,Alluvial,408,3,1.0,CoM0265,538.86,6.65,90.4,10.5,41.2,16.2
994.54,28.59,7.39,130.16,44.26,60.98,Red Soil,332,2,1.0,Co0238,314.64,6.28,75.9,11.3,28.2,21.4
1819.11,34.42,8.95,215.01,82.49,101.76,Alluvial,414,3,1.0,CoM0265,549.64,6.83,98.0,7.5,37.0,15.5
1470.29,32.64,8.72,189.8,69.7,86.6,Clay Loam,381,3,1.0,Co86032,503.72,6.71,78.7,14.4,28.4,17.0
1556.59,32.93,8.53,197.65,69.33,82.84,Alluvial,387,3,1.0,Co86032,502.98,6.59,89.7,12.9,31.3,17.1
1590.75,32.38,8.42,171.7,62.8,78.6,Clay Loam,377,3,0.94,CoM0265,450.5,6.89,90.7,11.4,40.5,17.2
1249.29,31.97,7.86,165.71,59.74,76.36,Alluvial,370,3,0.04,Co86032,315.31,6.62,89.4,10.0,37.5,21.6
1832.47,33.81,8.88,215.92,79.29,99.96,Alluvial,405,3,0.89,CoM0265,526.11,6.88,95.7,8.1,41.3,17.9
1205.8,29.51,7.61,132.74,48.41,61.27,Red Soil,344,2,0.99,Co86032,342.56,6.76,72.0,11.8,28.0,18.3
1567.79,32.26,8.38,168.13,62.19,78.71,Clay Loam,378,3,0.96,CoM0265,448.43,6.72,87.7,7.1,32.3,17.8
1298.6,31.59,8.2,167.39,60.88,77.06,Alluvial,375,3,0.87,CoM0265,473.78,6.51,81.8,7.9,36.3,18.7
977.36,27.83,7.21,121.35,44.9,60.26,Red Soil,331,2,1.0,Co0238,322.25,7.04,79.6,5.3,29.6,20.5
1635.68,32.76,8.5,190.07,73.71,88.2,Clay Loam,389,4,0.0,Co0238,361.64,6.81,91.3,7.3,40.4,18.0
1649.32,33.06,8.82,198.74,74.84,91.17,Clay Loam,394,3,1.0,CoM0265,517.78,6.54,91.4,8.5,37.0,17.5
1643.24,32.89,8.61,201.57,73.39,87.57,Clay Loam,398,3,0.97,CoM0265,503.87,6.32,92.4,7.9,37.2,13.3
1684.45,32.66,8.58,192.88,72.18,89.08,Clay Loam,386,4,0.08,Co0238,352.73,7.02,91.9,16.4,34.6,18.0
1930.66,35.2,9.22,240.12,86.0,110.45,Alluvial,421,3,0.81,Co86032,576.77,6.66,91.1,14.3,36.5,17.1
1321.23,29.69,7.69,145.27,50.75,67.79,Red Soil,351,2,0.84,Co0238,352.74,6.75,82.2,10.3,32.1,19.0
800.0,26.5,6.8,102.42,40.01,51.5,Sandy Loam,320,5,0.0,Co0238,199.53,6.97,71.9,10.5,23.1,22.5
1009.41,28.21,7.66,124.82,46.73,58.6,Red Soil,341,2,1.0,Co0238,335.49,6.66,80.0,3.8,28.7,21.9
1463.26,32.45,8.37,184.26,68.63,87.43,Clay Loam,383,3,0.94,Co86032,501.47,7.22,76.3,4.4,39.2,18.4
1388.16,32.04,8.35,169.31,67.57,83.08,Alluvial,379,3,1.0,Co0238,479.53,6.87,82.5,6.9,32.6,19.3
921.98,26.53,7.03,108.84,41.09,57.86,Sandy Loam,327,5,1.0,Co86032,295.72,6.83,75.2,11.0,19.8,19.3
1630.12,32.66,8.36,174.15,61.61,77.99,Clay Loam,380,3,0.87,CoM0265,459.8,6.93,89.9,11.1,36.2,18.2
800.0,26.6,7.06,105.83,40.0,53.12,Sandy Loam,324,5,0.78,Co86032,289.13,7.05,74.3,6.6,23.6,20.2
1307.75,30.12,7.64,141.42,50.9,65.88,Red Soil,347,2,1.0,Co0238,359.91,6.66,83.8,10.5,31.2,18.7
1806.29,33.73,9.2,218.81,80.49,102.24,Alluvial,411,3,0.83,CoM0265,535.31,7.1,84.8,11.1,41.5,16.9
1800.45,34.19,8.91,225.19,80.61,101.45,Alluvial,408,3,0.89,Co86032,548.37,6.83,93.8,6.5,35.8,17.3
1722.65,33.72,8.95,209.47,79.56,96.04,Alluvial,407,3,0.95,Co86032,513.1,6.75,94.1,9.4,38.6,18.4
1124.37,29.85,7.67,135.0,48.44,64.91,Red Soil,344,2,1.0,Co86032,328.26,6.87,79.1,9.7,27.3,20.9
1602.76,31.98,8.61,172.12,62.67,76.53,Clay Loam,373,3,0.98,CoM0265,480.25,6.96,82.9,11.2,40.6,19.9
1810.6,33.56,9.06,220.02,79.29,100.17,Alluvial,415,3,0.89,CoM0265,556.3,7.19,91.2,13.0,42.6,15.2
1816.0,34.13,9.13,218.49,83.67,101.75,Alluvial,409,3,0.95,Co86032,551.13,6.94,97.2,10.9,36.6,16.7
1569.84,32.44,8.42,171.49,65.11,79.37,Clay Loam,378,3,1.0,CoM0265,464.77,6.77,87.5,7.3,38.2,17.7
1302.16,29.73,7.41,133.12,48.5,66.03,Red Soil,351,2,0.82,Co0238,342.27,7.07,80.6,6.2,31.2,16.9
1868.22,34.5,9.19,224.78,80.56,102.53,Alluvial,413,3,0.92,CoM0265,550.91,6.71,93.3,11.8,37.7,15.6
868.27,26.79,6.98,114.62,42.34,55.33,Sandy Loam,322,5,1.0,Co86032,273.61,6.96,68.1,9.9,19.6,19.3
1761.26,34.11,8.89,214.28,80.75,96.12,Alluvial,409,3,1.0,CoM0265,535.87,7.22,88.3,15.5,39.6,15.4
1919.54,34.24,9.01,236.34,82.67,105.66,Alluvial,415,3,0.16,CoM0265,414.56,6.77,94.9,5.5,44.6,14.1
1056.71,28.85,7.04,129.13,48.26,63.17,Red Soil,344,2,0.12,CoM0265,214.94,6.74,79.8,11.6,32.9,22.9
1415.39,30.64,8.04,143.02,52.16,66.14,Red Soil,353,2,0.83,Co86032,354.86,6.61,84.0,11.7,35.2,19.3
1600.75,32.19,8.55,199.74,71.54,88.54,Clay Loam,390,4,0.08,Co0238,357.18,6.9,98.0,3.7,40.8,16.7
908.29,27.04,7.07,108.54,40.0,55.19,Sandy Loam,325,4,1.0,CoM0265,306.15,6.97,74.6,5.7,26.4,20.1
991.54,28.46,7.55,126.47,46.16,59.3,Red Soil,337,2,1.0,Co0238,308.48,6.57,80.6,11.0,28.5,18.1
861.7,27.51,6.95,101.96,42.69,56.96,Sandy Loam,324,5,0.96,Co86032,292.1,6.71,73.9,10.1,24.9,21.0
1329.35,29.66,7.61,131.79,50.78,63.7,Red Soil,354,2,1.0,Co0238,363.46,6.61,90.3,12.8,31.2,19.7
1418.09,32.85,8.46,180.5,65.74,80.32,Alluvial,381,3,0.87,Co86032,488.5,6.65,87.2,14.1,27.5,20.1
1962.0,35.2,9.3,243.0,86.0,112.0,Alluvial,421,3,1.0,Co86032,580.4,6.84,89.7,6.9,40.4,16.0
800.0,26.79,7.05,100.76,40.57,51.41,Sandy Loam,321,5,0.16,Co0238,190.28,6.49,67.5,12.3,24.2,19.6
1366.05,30.22,7.95,139.72,53.29,67.33,Red Soil,355,2,0.87,Co86032,347.88,6.68,87.5,5.4,23.8,17.3
1265.91,31.15,7.89,157.56,58.83,70.77,Alluvial,363,3,0.92,CoM0265,451.08,6.83,74.9,7.5,34.4,20.8
1849.71,34.11,8.99,217.59,80.32,98.72,Alluvial,410,3,0.98,Co86032,534.42,6.36,97.7,11.2,40.4,13.8
1439.8,31.79,8.25,175.71,69.96,79.51,Alluvial,379,3,0.91,Co0238,471.61,6.81,84.3,5.4,31.7,18.2
1350.62,29.8,7.52,142.36,48.48,67.4,Red Soil,351,2,0.93,Co0238,362.58,6.96,84.8,10.7,31.5,19.7
1704.05,33.35,8.66,195.29,76.02,92.43,Clay Loam,396,4,0.97,Co0238,522.0,6.75,95.3,10.7,40.1,18.4
1173.49,30.35,7.93,148.98,57.61,70.33,Clay Loam,363,4,1.0,CoM0265,439.48,6.89,72.7,7.9,26.3,15.6
916.38,27.04,6.89,112.75,40.68,55.33,Sandy Loam,327,5,0.94,Co86032,275.58,6.76,76.5,8.5,25.6,20.1
1284.17,31.22,7.99,159.53,56.72,74.86,Alluvial,367,3,0.99,CoM0265,452.06,6.45,88.2,10.1,32.4,19.9
1040.55,29.05,7.48,129.85,48.08,64.71,Red Soil,341,2,0.07,CoM0265,231.63,6.69,65.9,8.2,29.6,18.2
830.48,26.71,6.8,108.04,40.6,53.6,Sandy Loam,320,5,1.0,Co86032,267.7,7.14,73.3,6.9,19.5,19.9
1857.43,34.28,8.96,222.77,82.73,101.14,Alluvial,415,3,0.92,CoM0265,545.84,6.7,97.0,11.5,42.2,16.9
1373.71,30.62,7.82,147.24,52.93,68.34,Red Soil,354,2,0.95,Co86032,357.9,6.81,90.5,8.9,37.0,21.1
867.5,27.44,7.02,113.17,42.65,57.07,Sandy Loam,326,5,0.93,Co86032,292.08,6.72,70.1,12.7,27.9,22.5
1689.72,33.29,8.92,198.67,74.5,92.08,Clay Loam,394,3,1.0,CoM0265,506.23,6.87,82.6,7.0,36.1,17.0
1291.24,29.79,7.62,142.35,51.32,64.92,Red Soil,355,2,1.0,Co0238,357.43,6.72,75.0,11.0,31.1,17.9
1705.66,33.13,8.76,204.18,74.72,91.61,Clay Loam,397,4,1.0,Co0238,521.15,6.82,89.9,13.5,40.6,16.6
1657.29,33.05,8.81,199.24,75.65,89.77,Clay Loam,392,3,0.98,CoM0265,504.33,6.16,91.6,9.1,32.3,18.4
1893.57,34.99,9.3,232.46,83.1,107.78,Alluvial,415,3,0.0,CoM0265,405.64,6.49,98.0,9.0,39.0,15.2
1611.69,32.03,8.48,165.3,63.53,76.19,Clay Loam,376,3,1.0,CoM0265,483.12,6.96,94.0,7.7,33.4,17.6
1899.87,34.57,9.1,230.7,82.89,106.03,Alluvial,413,3,1.0,CoM0265,566.01,6.74,91.8,17.7,37.9,14.7
937.46,27.54,7.2,116.75,43.8,59.06,Sandy Loam,332,4,0.0,Co0238,208.61,7.02,68.2,10.4,29.2,20.8
1070.37,28.85,7.2,134.2,46.85,64.3,Red Soil,339,2,0.07,CoM0265,218.84,6.7,74.7,11.3,28.4,18.2
930.22,27.7,7.13,118.05,43.96,57.86,Sandy Loam,336,4,0.0,Co0238,207.62,6.68,72.1,8.9,24.4,18.6
1298.17,30.81,7.82,143.77,50.66,67.49,Red Soil,353,2,1.0,Co86032,354.45,7.0,82.2,4.5,34.1,18.6
1800.11,33.78,8.91,205.62,77.04,95.9,Alluvial,406,3,0.86,Co86032,536.14,7.1,98.0,8.8,39.9,17.2
947.19,27.39,7.0,110.47,45.52,58.61,Sandy Loam,323,4,0.05,Co0238,202.56,6.97,72.2,4.2,29.0,19.1
861.99,26.93,6.84,105.2,41.97,52.59,Sandy Loam,320,5,1.0,Co0238,288.28,6.69,78.6,10.6,28.9,20.8
1786.8,33.93,8.98,215.86,79.51,98.97,Alluvial,410,3,0.93,CoM0265,547.5,6.83,96.9,14.3,33.9,15.2
833.47,26.5,6.84,100.0,42.46,52.54,Sandy Loam,320,5,0.0,Co0238,207.66,7.18,72.5,13.1,25.3,18.0
1443.43,32.68,8.48,197.7,70.85,84.89,Clay Loam,387,4,1.0,Co0238,507.66,6.75,81.4,7.1,34.8,17.7
967.93,27.74,7.27,122.38,46.61,59.71,Red Soil,335,2,0.94,Co0238,320.3,7.01,67.3,17.9,23.9,17.6
1606.67,32.39,8.51,172.16,63.91,81.48,Clay Loam,381,3,0.98,CoM0265,468.26,6.91,84.5,12.8,32.9,17.7
1293.96,30.43,7.94,150.37,50.35,68.71,Red Soil,350,2,1.0,Co86032,358.76,6.57,79.9,16.2,25.7,16.8
1364.07,31.65,8.09,176.96,66.73,80.99,Alluvial,378,3,1.0,Co0238,474.82,7.04,78.2,6.1,31.1,16.5
831.13,26.62,6.8,109.18,40.0,50.0,Sandy Loam,321,5,0.98,Co86032,281.62,6.62,71.9,8.9,22.1,19.9
1874.35,34.79,9.06,228.12,80.39,106.2,Alluvial,412,3,0.0,CoM0265,398.01,7.04,94.9,5.4,42.0,14.9
1166.22,31.32,8.04,157.22,58.72,78.0,Alluvial,373,3,0.0,Co86032,316.05,6.54,74.8,7.2,33.0,18.5
1628.8,31.93,8.29,166.48,60.97,76.29,Clay Loam,380,3,1.0,CoM0265,465.76,6.81,87.9,8.8,35.2,14.8
931.2,27.12,6.86,112.39,41.71,55.02,Sandy Loam,323,4,1.0,CoM0265,299.73,6.9,72.6,7.8,28.8,19.1
800.0,26.5,6.92,103.05,40.0,50.5,Sandy Loam,320,5,0.19,Co0238,188.4,6.63,74.8,5.4,22.3,21.1
876.7,27.3,7.05,113.82,41.11,55.57,Sandy Loam,323,5,1.0,Co86032,288.12,6.82,76.5,8.2,25.9,18.8
924.12,27.85,7.14,118.44,44.4,59.2,Sandy Loam,327,4,0.22,Co0238,193.18,6.59,73.6,13.0,24.2,19.6
1019.83,28.42,7.47,128.15,47.7,61.05,Red Soil,336,2,0.93,Co0238,335.43,7.07,79.4,8.7,28.9,20.9
1137.4,30.22,8.05,152.9,57.53,70.79,Clay Loam,363,4,1.0,CoM0265,435.5,6.97,76.2,8.3,29.8,20.5
828.58,26.76,6.8,102.69,41.62,53.36,Sandy Loam,326,5,1.0,Co86032,276.63,6.47,69.7,8.9,23.2,20.0
1797.18,34.21,9.02,221.08,79.14,104.46,Alluvial,416,3,1.0,Co86032,544.45,6.6,98.0,5.0,37.5,16.6
1347.63,29.62,7.61,138.38,50.81,63.88,Red Soil,357,2,1.0,Co0238,353.49,6.69,86.1,12.7,33.3,18.9
1170.13,31.73,8.09,159.83,61.04,76.41,Alluvial,372,3,0.08,Co86032,307.92,6.96,71.3,9.7,26.9,20.4
1592.17,33.24,8.7,195.27,73.8,86.99,Alluvial,390,3,0.84,Co86032,507.75,6.69,79.7,8.4,33.8,18.9
856.37,27.23,6.93,109.62,41.26,53.24,Sandy Loam,326,5,1.0,Co86032,293.99,7.05,72.8,13.8,22.1,21.3
1023.25,28.57,7.31,126.62,48.56,61.83,Red Soil,335,2,0.98,Co0238,321.97,6.73,74.6,10.6,24.4,17.8
1221.63,29.33,7.51,138.1,50.5,63.72,Red Soil,343,2,0.92,Co86032,338.81,7.06,77.2,8.1,28.7,19.8
1520.58,32.82,8.59,187.38,68.34,85.86,Clay Loam,382,3,0.85,Co86032,492.21,6.73,86.8,12.6,30.6,15.9
1655.42,33.24,8.85,203.16,73.12,90.45,Clay Loam,396,3,1.0,CoM0265,522.73,6.83,91.6,14.8,36.8,15.7
1707.76,32.29,8.65,200.42,71.68,88.48,Clay Loam,391,4,0.06,Co0238,352.26,6.76,86.9,7.6,37.1,16.3
974.49,28.63,7.32,119.74,47.97,61.88,Red Soil,332,2,0.96,Co0238,315.78,6.87,77.5,12.4,21.9,19.9
1675.4,32.38,8.59,197.11,73.81,87.66,Clay Loam,386,4,0.0,Co0238,353.89,6.96,90.0,9.7,35.0,12.4
1673.05,33.47,8.74,197.03,77.34,89.68,Clay Loam,398,3,0.83,CoM0265,522.23,6.69,88.7,8.9,41.5,18.9
1697.72,33.78,8.76,212.0,77.12,93.0,Alluvial,406,3,0.92,Co86032,514.94,6.78,88.5,11.6,39.8,16.8
925.31,27.04,7.01,110.23,40.0,53.6,Sandy Loam,320,5,0.9,Co0238,274.93,6.93,75.7,10.0,28.2,20.8
1932.77,34.31,9.29,230.05,83.24,108.42,Alluvial,416,3,0.15,CoM0265,408.29,6.78,97.9,8.9,40.6,15.7
1656.63,32.6,8.65,198.51,72.6,89.36,Clay Loam,390,4,0.17,Co0238,360.02,6.9,92.3,10.4,37.1,15.3
1924.15,35.01,9.28,237.92,85.43,110.44,Alluvial,415,3,1.0,Co86032,569.15,6.58,95.2,10.3,41.2,16.3
1245.93,31.42,7.98,149.97,57.1,72.06,Alluvial,368,3,0.94,CoM0265,459.4,6.69,86.6,13.5,30.6,19.8
1917.8,34.62,9.08,230.02,82.98,106.67,Alluvial,413,3,0.0,CoM0265,395.98,6.75,93.5,9.2,39.8,18.5
1915.85,35.2,9.14,237.16,83.17,106.28,Alluvial,422,3,1.0,Co86032,571.43,6.74,90.8,8.8,43.4,15.9
930.91,27.48,7.04,113.36,43.83,57.27,Sandy Loam,328,4,0.0,Co0238,188.4,6.96,70.2,9.0,23.8,19.3
1380.39,31.18,7.91,139.77,53.55,69.21,Red Soil,354,2,0.93,Co86032,359.22,6.77,78.3,6.3,33.1,17.7
1087.42,30.24,7.91,146.79,55.04,71.93,Clay Loam,356,4,0.95,CoM0265,422.64,6.94,77.9,7.0,26.6,21.5
1460.44,32.84,8.5,193.2,71.05,84.34,Clay Loam,390,4,0.84,Co0238,492.05,6.59,86.1,6.3,31.9,18.3
924.0,27.42,6.9,113.67,42.63,58.89,Sandy Loam,326,4,0.0,Co0238,200.43,6.76,77.8,10.2,29.5,19.1
896.89,26.79,7.29,108.33,43.67,54.23,Sandy Loam,325,4,0.93,CoM0265,286.19,6.77,71.1,5.7,24.0,22.0
968.32,27.46,6.99,113.99,45.7,56.47,Sandy Loam,334,4,0.07,Co0238,189.47,6.74,68.0,9.7,23.3,16.9
1456.43,32.72,8.61,177.95,64.75,79.44,Alluvial,376,3,1.0,Co86032,498.52,6.64,89.6,13.5,33.5,14.7
1775.22,33.98,9.03,210.81,76.85,99.55,Alluvial,409,3,1.0,CoM0265,538.55,7.03,90.9,7.8,41.0,16.2
1534.2,32.81,8.61,189.4,72.49,86.01,Alluvial,391,3,1.0,Co86032,489.35,6.76,82.3,4.1,33.1,17.4
1931.44,34.79,9.3,239.67,83.68,108.15,Alluvial,422,3,1.0,Co86032,557.12,7.33,98.0,9.2,39.3,17.0
1278.06,31.12,7.98,149.17,58.39,71.82,Alluvial,366,3,1.0,CoM0265,448.29,6.59,69.8,7.5,35.0,21.2
1963.14,35.2,9.11,243.0,86.0,112.0,Alluvial,421,3,0.82,Co86032,558.45,6.97,94.2,13.5,36.7,16.5
1251.05,31.07,8.03,153.79,58.21,70.04,Alluvial,364,3,0.91,CoM0265,454.33,6.64,83.9,9.1,29.5,18.7
1311.25,30.52,7.95,148.61,52.24,70.3,Red Soil,357,2,0.98,Co86032,339.95,6.62,79.3,11.6,29.2,16.4
1786.03,34.19,8.95,217.4,79.63,99.39,Alluvial,411,3,1.0,Co86032,554.84,6.82,98.0,13.6,40.0,16.0
1780.01,33.4,8.92,215.15,78.72,95.72,Alluvial,404,3,0.98,Co86032,539.77,6.49,85.3,10.4,35.2,15.3
1673.06,33.3,8.8,199.17,74.73,91.44,Clay Loam,390,3,0.91,CoM0265,517.58,6.7,80.3,10.7,35.5,16.1
1250.96,30.94,7.91,160.57,59.91,74.32,Alluvial,365,3,0.82,CoM0265,460.95,7.02,85.4,14.8,31.9,20.9
1661.67,32.13,8.52,166.63,62.46,81.47,Clay Loam,376,3,1.0,CoM0265,462.54,6.87,84.0,9.8,34.6,14.1
1623.9,32.19,8.57,171.78,62.61,79.83,Clay Loam,378,3,0.92,CoM0265,466.84,7.04,84.5,16.3,34.4,17.1
1265.3,29.9,7.55,136.45,51.23,64.74,Red Soil,359,2,0.88,Co0238,357.48,6.77,84.6,11.1,29.2,16.3
850.89,26.51,6.8,103.97,40.0,52.58,Sandy Loam,322,5,1.0,Co86032,261.82,6.99,65.0,13.7,26.0,19.7
1186.65,31.21,8.13,157.9,60.05,76.48,Alluvial,366,3,0.08,Co86032,322.82,6.53,80.8,13.6,30.6,18.8
1082.87,28.94,7.36,130.89,45.67,61.5,Red Soil,334,2,0.0,CoM0265,231.62,6.99,72.2,6.6,29.4,17.8
1449.87,32.58,8.54,182.08,68.32,80.06,Alluvial,378,3,0.88,Co86032,496.64,6.94,77.2,17.4,34.3,18.6
964.73,27.24,6.97,105.65,42.4,54.31,Sandy Loam,324,4,0.94,CoM0265,289.48,6.68,71.6,13.0,30.0,16.9
893.2,27.3,7.07,108.29,43.17,56.6,Sandy Loam,326,5,1.0,Co86032,276.63,7.01,68.9,7.9,26.2,16.6
1235.07,31.35,8.29,166.64,60.66,75.95,Alluvial,376,3,0.02,Co86032,313.66,6.73,82.9,8.1,28.1,19.8
1854.92,34.2,8.95,221.73,81.0,104.29,Alluvial,409,3,1.0,Co86032,540.8,7.09,94.8,8.5,33.7,16.5
1368.71,30.35,7.87,146.26,53.32,67.13,Red Soil,358,2,1.0,Co86032,368.25,6.52,78.5,9.8,30.8,19.5
1484.87,32.51,8.56,187.17,69.42,82.73,Clay Loam,382,3,1.0,Co86032,514.74,7.04,90.4,5.8,36.1,17.7
1704.11,33.26,8.8,200.69,75.95,96.74,Clay Loam,401,4,0.97,Co0238,522.83,6.91,91.6,8.8,36.4,18.7
1630.32,31.89,8.71,192.36,72.16,87.84,Clay Loam,388,4,0.0,Co0238,353.02,6.85,91.2,7.1,38.6,19.2
1748.86,33.86,9.02,216.34,79.33,98.78,Alluvial,407,3,1.0,CoM0265,540.0,6.77,87.4,9.5,38.1,19.3
1873.33,34.08,8.93,224.24,79.59,104.57,Alluvial,411,3,1.0,CoM0265,546.56,6.8,96.4,9.4,43.1,17.6
1786.51,33.87,8.83,207.29,78.0,93.61,Alluvial,408,3,0.97,Co86032,527.89,6.98,95.1,9.3,40.0,17.7
1466.43,33.19,8.53,187.71,68.95,86.62,Clay Loam,382,4,0.97,Co0238,508.71,6.69,86.4,6.5,40.4,17.5
910.25,27.17,7.04,109.76,42.71,55.94,Sandy Loam,326,4,0.89,CoM0265,283.61,6.78,82.4,14.4,23.9,19.8
1915.09,34.24,8.9,220.33,82.97,105.18,Alluvial,414,3,0.06,CoM0265,405.33,6.52,93.1,5.1,39.5,15.5
1668.07,33.26,8.8,202.67,75.32,88.35,Clay Loam,395,3,1.0,CoM0265,499.9,6.62,88.1,8.1,35.5,16.8
1654.38,32.6,8.51,196.69,71.5,90.03,Clay Loam,393,4,0.1,Co0238,373.25,6.57,84.1,12.7,39.8,15.9
858.54,26.96,7.06,109.06,40.27,52.51,Sandy Loam,322,5,0.99,Co86032,292.6,6.96,76.1,10.8,22.2,20.5
831.65,26.57,7.04,100.35,41.14,50.95,Sandy Loam,320,5,0.04,Co0238,197.78,6.82,71.4,17.2,28.2,21.2
1753.22,33.15,9.01,212.92,78.69,93.85,Alluvial,406,3,1.0,Co86032,537.72,6.69,95.7,10.3,39.2,14.6
1790.64,34.02,9.02,213.78,80.92,98.12,Alluvial,401,3,0.94,CoM0265,542.61,7.2,98.0,9.5,35.8,17.4
889.32,27.29,7.01,110.99,42.71,54.61,Sandy Loam,324,4,0.92,CoM0265,284.29,7.05,70.1,9.7,24.3,17.2
1329.69,31.67,8.2,163.67,62.77,77.03,Alluvial,368,3,1.0,CoM0265,483.93,6.58,65.7,10.8,32.5,15.8
1531.78,33.08,8.72,196.7,72.96,90.65,Alluvial,392,3,0.97,Co86032,503.26,6.55,89.0,7.0,33.4,18.6
1079.86,28.64,7.18,126.83,47.99,60.08,Red Soil,342,2,0.02,CoM0265,214.79,6.79,68.6,13.0,25.4,17.4
918.62,26.6,6.96,104.04,42.51,51.15,Sandy Loam,320,5,0.83,Co0238,271.11,6.73,74.5,7.0,23.4,21.4
950.74,28.47,7.5,129.38,45.55,61.21,Red Soil,335,2,0.92,Co0238,314.24,6.63,66.8,10.7,31.1,19.5
1684.56,32.97,9.04,207.1,76.43,93.73,Clay Loam,398,4,0.92,Co0238,540.94,6.81,91.9,7.6,39.1,16.9
1630.18,32.81,8.79,194.25,75.23,89.95,Clay Loam,395,3,1.0,CoM0265,517.58,6.55,88.8,8.2,32.9,15.1
1212.47,31.45,8.01,157.56,59.71,74.45,Alluvial,369,3,0.0,Co86032,306.63,6.87,79.9,11.5,24.8,19.1
970.78,28.04,7.4,122.76,45.7,59.64,Red Soil,338,2,0.96,Co0238,321.97,6.52,67.2,11.1,25.3,18.3
1007.4,28.3,7.29,122.32,45.29,55.76,Red Soil,338,2,0.98,Co0238,320.78,6.78,73.0,7.0,21.7,17.4
967.99,27.56,7.16,119.83,43.54,57.29,Sandy Loam,327,4,0.0,Co0238,188.4,7.02,63.4,14.6,30.0,18.8
1965.67,35.2,8.93,239.43,83.37,109.46,Alluvial,422,3,1.0,Co86032,580.4,6.77,98.0,14.8,41.3,17.4
864.1,26.68,6.8,104.29,41.27,51.28,Sandy Loam,322,5,0.89,Co86032,268.71,6.9,71.6,12.4,24.1,19.4
1513.97,32.51,8.74,186.16,68.79,84.33,Clay Loam,380,3,1.0,Co86032,507.0,6.47,94.1,9.6,30.9,15.7
936.29,27.85,7.08,115.24,43.23,61.38,Sandy Loam,323,4,0.0,Co0238,193.6,6.67,73.5,12.1,35.6,20.9
825.54,27.11,6.85,105.99,41.84,52.44,Sandy Loam,320,5,1.0,Co0238,277.22,6.84,79.9,7.8,25.9,19.3
991.23,28.5,7.37,122.79,45.43,61.27,Red Soil,329,2,0.75,Co0238,302.42,6.43,80.1,10.0,23.1,20.3
1798.52,33.79,8.78,212.99,81.4,97.86,Alluvial,411,3,1.0,Co86032,537.04,6.9,92.2,10.0,40.7,15.6
1015.09,28.43,7.58,130.66,44.52,61.97,Red Soil,340,2,1.0,Co0238,328.42,6.87,73.9,6.4,23.8,20.5
1300.56,31.37,8.14,166.13,61.75,77.99,Alluvial,373,3,1.0,CoM0265,466.9,6.97,85.7,4.7,32.1,17.7
1127.72,29.69,7.76,137.22,50.85,63.12,Red Soil,350,2,0.83,Co86032,335.33,6.82,75.4,11.5,28.9,18.0
1859.23,34.18,9.01,234.65,81.98,103.18,Alluvial,412,3,0.89,CoM0265,576.7,6.78,90.2,12.9,36.6,17.2
1507.16,32.82,8.64,190.69,68.77,85.07,Clay Loam,382,4,0.95,Co0238,522.5,6.79,78.1,9.6,35.7,20.2
1033.0,28.94,7.26,127.99,46.35,63.35,Red Soil,340,2,0.0,CoM0265,225.14,6.81,76.6,10.1,23.8,20.8
940.28,28.13,7.25,121.45,45.05,62.02,Red Soil,332,2,0.96,Co0238,305.68,6.93,70.7,8.7,29.4,20.0
1654.57,32.17,8.48,174.55,64.39,82.21,Clay Loam,375,3,0.95,CoM0265,459.92,6.8,88.8,18.8,35.9,15.1
1194.87,31.08,8.0,157.01,60.75,74.5,Alluvial,374,3,0.17,Co86032,306.99,6.9,76.5,11.0,27.3,20.8
887.3,27.4,7.02,108.31,40.33,57.4,Sandy Loam,326,4,0.94,CoM0265,283.04,6.31,71.6,14.3,22.8,17.6
1060.07,30.42,7.83,153.69,58.27,68.16,Clay Loam,356,4,1.0,CoM0265,424.26,6.83,77.4,8.2,28.2,20.0
1658.14,31.89,8.28,176.09,62.02,77.68,Clay Loam,373,3,0.89,CoM0265,456.66,6.88,91.2,12.9,42.0,17.5
1505.88,33.08,8.59,187.42,68.28,85.91,Clay Loam,389,4,1.0,Co0238,486.58,6.69,86.5,4.8,34.1,16.4
1807.44,33.82,9.08,214.13,79.19,96.84,Alluvial,408,3,0.96,CoM0265,544.72,6.45,81.3,7.8,39.9,16.8
932.38,27.1,7.09,105.46,42.32,56.73,Sandy Loam,326,5,1.0,Co86032,283.35,7.37,81.8,5.2,23.8,18.1
1968.62,34.86,9.27,243.0,85.72,112.0,Alluvial,421,3,1.0,Co86032,567.25,6.98,98.0,11.4,36.3,14.3
1830.65,34.19,8.91,219.21,80.18,99.36,Alluvial,403,3,0.96,Co86032,542.29,6.6,95.7,17.3,36.4,18.4
1080.58,29.06,7.54,128.64,47.46,63.92,Red Soil,342,2,0.0,CoM0265,225.14,7.03,68.6,7.9,22.7,20.0
1507.86,32.81,8.69,194.91,71.17,85.08,Clay Loam,385,4,1.0,Co0238,508.68,6.98,98.0,5.6,36.2,17.8
1276.79,29.78,7.64,137.19,50.33,65.53,Red Soil,356,2,0.78,Co0238,334.46,6.81,83.6,11.1,31.6,20.0
1536.61,32.92,8.73,193.72,70.95,85.79,Alluvial,394,3,1.0,Co86032,485.03,6.92,88.4,6.2,35.3,19.1
966.42,28.02,7.15,119.46,47.22,60.63,Red Soil,330,2,1.0,Co0238,316.85,6.59,77.8,9.5,26.7,18.2
1294.76,29.92,7.41,139.18,48.55,66.39,Red Soil,354,2,1.0,Co0238,353.82,6.39,81.8,8.5,34.1,14.3
1335.57,30.02,7.61,138.18,51.96,66.34,Red Soil,354,2,1.0,Co0238,341.9,6.72,84.4,10.3,29.4,18.0
1463.95,32.55,8.58,180.78,69.93,83.11,Clay Loam,387,3,1.0,Co86032,496.31,6.17,91.6,11.5,35.5,16.4
848.76,26.5,6.86,100.51,41.95,52.59,Sandy Loam,323,5,0.95,Co0238,269.0,6.61,69.9,6.6,25.6,21.1
1418.62,31.95,8.33,175.06,68.16,84.46,Alluvial,376,3,1.0,Co0238,470.74,6.88,87.9,6.3,33.1,17.8
1401.38,32.23,8.23,170.28,67.97,83.41,Alluvial,381,3,1.0,Co0238,497.11,6.88,81.2,8.5,32.2,20.5
1297.97,29.61,7.53,142.81,48.02,64.03,Red Soil,350,2,1.0,Co0238,339.37,6.61,79.9,10.4,29.2,19.6
871.53,27.23,6.86,107.75,41.74,54.04,Sandy Loam,323,5,1.0,Co0238,272.02,6.45,66.3,9.7,23.0,18.7
1019.66,28.42,7.39,131.92,48.87,60.33,Red Soil,336,2,0.0,CoM0265,234.36,7.0,73.1,10.9,25.3,19.9
887.17,27.74,7.1,114.39,42.87,59.82,Sandy Loam,326,4,0.02,Co0238,188.4,7.3,67.5,8.9,21.8,21.3
1679.46,33.75,8.66,207.2,76.2,95.68,Clay Loam,401,4,1.0,Co0238,524.56,6.77,83.1,8.4,39.4,14.3
1792.85,34.04,8.97,221.36,79.7,102.85,Alluvial,411,3,1.0,Co86032,536.27,6.82,84.8,10.0,36.9,14.8
968.58,27.98,7.22,123.5,43.81,56.72,Red Soil,332,2,1.0,Co0238,312.65,6.74,82.3,9.8,26.1,20.9
1396.03,31.99,8.27,176.39,68.55,82.73,Alluvial,379,3,1.0,Co0238,483.44,6.84,76.6,8.9,35.3,18.1
1311.03,30.07,7.6,148.31,51.49,67.96,Red Soil,352,2,1.0,Co0238,345.72,6.91,77.8,10.3,34.2,20.5
1024.7,28.73,7.54,132.08,48.33,62.5,Red Soil,336,2,0.99,Co0238,333.95,6.97,74.0,5.6,31.4,20.3
1177.0,31.3,8.13,164.23,57.6,75.13,Alluvial,368,3,0.0,Co86032,316.6,6.8,84.2,16.1,26.0,17.6
1929.27,34.52,9.12,235.45,82.95,108.95,Alluvial,415,3,0.0,CoM0265,397.67,6.5,91.1,5.7,42.4,16.9
800.0,26.58,6.87,106.09,41.4,52.72,Sandy Loam,324,5,1.0,Co0238,285.65,6.73,73.7,9.4,19.7,21.5
1383.84,31.91,8.19,174.03,67.12,80.58,Alluvial,375,3,1.0,Co0238,474.69,6.65,76.8,10.1,36.0,21.1
1802.76,33.91,9.15,208.13,80.17,100.59,Alluvial,404,3,0.92,CoM0265,540.11,6.64,95.9,9.1,40.9,17.1
827.1,26.64,7.09,105.3,40.0,53.21,Sandy Loam,323,5,0.96,Co0238,279.53,6.75,74.3,4.3,23.3,22.7
1528.77,32.68,8.43,186.92,69.66,85.24,Clay Loam,385,4,1.0,Co0238,498.02,6.84,82.8,14.5,33.4,17.6
1539.85,33.45,8.63,191.39,69.93,85.69,Clay Loam,388,4,1.0,Co0238,480.97,6.76,81.3,11.0,29.7,16.8
1384.63,31.84,8.29,171.62,65.02,81.28,Alluvial,377,3,0.92,Co0238,483.76,6.82,84.4,8.9,30.2,17.6
1714.39,32.22,8.66,199.01,74.91,88.33,Clay Loam,394,4,0.0,Co0238,350.06,6.85,95.7,10.1,34.4,13.8
1610.5,31.84,8.69,171.11,63.79,79.63,Clay Loam,377,3,0.87,CoM0265,469.45,6.88,90.7,15.7,29.2,17.0
1354.37,29.93,7.59,138.68,51.04,66.27,Red Soil,356,2,0.83,Co0238,339.87,6.62,80.0,6.9,34.7,16.2
898.95,27.64,7.2,117.92,42.67,60.69,Sandy Loam,328,4,0.0,Co0238,193.42,6.83,79.8,9.3,25.2,18.2
1733.67,33.18,8.84,207.61,73.06,93.57,Clay Loam,408,4,0.99,Co0238,504.53,6.62,80.0,10.5,39.8,17.3
1204.32,31.83,8.11,168.37,58.92,72.52,Alluvial,369,3,0.11,Co86032,302.55,6.55,83.9,5.9,29.3,18.7
1686.28,32.32,8.62,200.45,71.63,88.66,Clay Loam,392,4,0.0,Co0238,356.31,6.78,98.0,8.6,34.1,16.7
1637.35,32.65,8.53,192.15,69.29,87.5,Clay Loam,389,4,0.0,Co0238,341.25,6.89,92.8,5.3,39.4,17.0
1191.49,29.77,7.64,136.47,47.65,64.04,Red Soil,346,2,0.96,Co86032,340.5,6.73,81.0,12.4,28.2,17.6
1638.51,33.2,8.85,206.8,75.2,88.5,Clay Loam,395,3,1.0,CoM0265,490.28,6.85,83.3,8.3,38.6,18.2
1080.44,30.45,7.71,151.11,55.13,68.65,Clay Loam,362,4,1.0,CoM0265,414.68,6.51,75.4,10.7,26.5,14.8
1482.66,33.05,8.43,181.9,70.16,85.04,Clay Loam,382,3,1.0,Co86032,506.28,6.78,87.7,8.7,40.0,16.5
1260.73,31.17,8.12,164.29,60.34,75.11,Alluvial,369,3,0.0,Co86032,300.51,6.58,77.6,12.3,29.3,19.0
966.4,28.43,7.43,120.9,46.54,61.33,Red Soil,338,2,1.0,Co0238,308.99,6.63,83.1,10.5,31.8,20.4
1921.74,34.4,9.22,232.61,80.95,103.72,Alluvial,414,3,0.1,CoM0265,394.5,6.91,94.4,10.7,35.4,17.1
1343.82,30.68,7.87,139.59,53.36,66.82,Red Soil,355,2,1.0,Co86032,370.74,6.9,77.6,16.5,32.6,17.9
1737.8,33.44,8.7,206.12,76.31,94.33,Clay Loam,401,4,0.94,Co0238,528.87,7.06,89.5,6.9,40.7,17.6
1726.98,33.55,8.88,209.31,76.67,95.9,Clay Loam,400,4,1.0,Co0238,527.6,6.35,89.6,12.6,33.3,17.8
846.25,26.66,6.85,104.03,41.4,52.06,Sandy Loam,324,5,0.91,Co86032,288.34,7.22,71.9,15.1,22.6,19.2
1315.01,31.29,8.16,160.85,61.22,77.64,Alluvial,377,3,0.87,CoM0265,461.18,6.53,88.0,14.6,32.4,20.2
933.86,27.46,6.91,118.06,42.05,56.88,Sandy Loam,330,4,0.02,Co0238,188.4,6.73,74.5,7.1,31.3,18.6
1307.49,31.74,8.07,156.78,58.75,71.45,Alluvial,366,3,1.0,CoM0265,442.23,6.73,71.8,6.5,32.4,17.1
845.68,26.57,6.8,111.25,40.97,51.34,Sandy Loam,320,5,0.21,Co0238,200.79,6.82,79.3,10.4,26.3,21.4
1853.9,34.01,8.92,213.08,81.3,99.19,Alluvial,410,3,0.95,CoM0265,542.28,6.8,95.5,11.8,38.6,16.2
809.28,26.74,6.82,100.51,40.0,51.61,Sandy Loam,323,5,0.92,Co86032,268.14,7.08,65.1,13.4,24.5,17.7
1737.24,33.72,8.73,215.37,76.68,99.26,Alluvial,405,3,0.96,CoM0265,551.1,6.94,80.1,6.0,36.4,20.0
962.92,28.38,7.42,118.04,45.41,60.1,Red Soil,334,2,1.0,Co0238,322.27,6.73,75.9,7.5,28.5,18.9
856.76,27.67,7.06,115.37,43.64,58.49,Sandy Loam,329,4,0.23,Co0238,210.24,6.57,80.0,8.8,25.4,20.0
1380.97,32.39,8.25,180.98,67.95,82.79,Alluvial,378,3,0.93,Co0238,470.75,6.96,83.7,8.7,35.3,18.1
1000.96,28.89,7.32,133.29,47.13,60.76,Red Soil,339,2,0.1,CoM0265,219.9,7.0,63.2,12.4,23.7,22.2
1019.3,28.66,7.19,127.23,48.33,60.91,Red Soil,341,2,0.0,CoM0265,219.53,6.69,73.8,7.6,27.7,18.5
1831.06,34.23,9.14,228.64,81.81,103.44,Alluvial,411,3,1.0,CoM0265,568.19,6.99,94.1,8.9,41.0,16.2
1068.79,30.39,7.96,149.31,54.59,69.66,Clay Loam,362,4,0.99,CoM0265,429.13,6.67,83.3,11.9,22.3,18.7
1849.31,34.34,9.14,222.22,81.54,103.39,Alluvial,410,3,0.93,Co86032,545.69,6.63,88.6,12.6,38.8,16.7
1134.12,29.46,7.51,135.93,48.24,63.23,Red Soil,344,2,1.0,Co86032,310.65,6.91,82.4,8.1,31.8,17.5
1185.58,29.5,7.56,139.46,48.41,61.01,Red Soil,344,2,1.0,Co86032,334.32,7.06,71.9,8.7,28.9,18.5
1372.43,30.87,7.84,144.76,53.06,69.97,Red Soil,357,2,1.0,Co86032,365.41,6.45,79.9,15.2,33.5,17.0
1158.08,30.63,7.63,149.47,55.86,68.76,Clay Loam,368,4,1.0,CoM0265,426.35,6.68,68.3,4.8,35.0,21.3
1113.39,30.39,7.87,157.75,58.14,70.65,Clay Loam,357,4,0.96,CoM0265,427.12,6.76,82.9,13.8,28.0,20.9
1100.84,30.29,7.77,145.44,56.5,70.48,Clay Loam,357,4,1.0,CoM0265,421.17,6.8,84.9,7.1,33.6,20.7
800.0,26.62,6.8,105.0,40.0,51.47,Sandy Loam,320,5,1.0,Co86032,274.89,7.07,70.6,10.9,23.0,20.4
1374.3,30.2,7.7,142.15,48.9,63.84,Red Soil,352,2,0.94,Co0238,355.97,7.0,79.0,6.1,30.5,16.3
1927.1,34.67,9.04,234.75,83.0,106.53,Alluvial,414,3,0.27,CoM0265,410.72,6.79,98.0,13.6,38.4,14.8
1640.1,32.49,8.68,191.93,71.08,87.35,Clay Loam,384,4,0.0,Co0238,364.1,6.58,84.7,5.5,33.1,15.2
923.73,27.58,7.07,109.25,40.9,54.5,Sandy Loam,329,5,1.0,Co86032,288.6,6.85,74.9,11.5,23.6,19.3
902.24,27.48,7.26,118.32,43.66,60.06,Sandy Loam,325,4,0.02,Co0238,188.4,6.51,73.7,14.2,24.9,18.6
985.52,28.38,7.28,126.26,47.04,63.69,Red Soil,331,2,0.88,Co0238,313.58,6.71,77.7,11.7,24.2,20.5
1690.73,33.15,8.93,203.68,73.54,93.01,Clay Loam,400,3,0.92,CoM0265,506.09,6.83,85.3,15.1,37.2,12.8
909.79,26.95,7.04,112.88,42.72,54.51,Sandy Loam,326,4,1.0,CoM0265,287.46,6.99,80.4,9.0,26.0,18.4
1021.85,29.04,7.3,128.63,46.07,62.12,Red Soil,341,2,0.07,CoM0265,226.11,6.81,75.5,12.8,28.5,18.4
884.3,27.1,7.12,110.36,41.11,54.6,Sandy Loam,321,5,1.0,Co86032,290.59,7.08,71.2,14.0,24.8,22.1
1055.79,28.89,7.53,138.45,48.74,63.54,Red Soil,342,2,0.16,CoM0265,225.22,6.71,81.2,9.8,30.8,18.7
1749.35,33.72,8.51,205.95,78.85,94.73,Clay Loam,405,4,0.88,Co0238,530.62,7.11,84.3,8.8,39.0,14.3
1033.09,28.86,7.33,132.47,48.28,64.75,Red Soil,345,2,0.0,CoM0265,208.9,6.43,80.8,12.5,25.7,17.2
1649.8,32.53,8.84,190.09,71.73,84.64,Clay Loam,390,4,0.0,Co0238,349.19,6.39,89.9,14.4,34.4,17.7
980.0,27.3,7.08,114.88,42.15,57.22,Sandy Loam,327,4,0.87,CoM0265,289.0,7.04,70.1,8.4,27.5,16.9
868.61,27.03,7.08,108.25,42.3,53.49,Sandy Loam,321,5,0.99,Co0238,281.26,6.61,74.7,9.6,25.9,19.8
805.83,26.84,6.84,100.46,40.0,50.0,Sandy Loam,321,5,0.03,Co0238,200.11,6.85,81.2,8.4,25.6,19.8
829.0,26.83,6.92,110.31,42.08,53.63,Sandy Loam,322,4,0.98,CoM0265,308.15,7.01,72.7,11.7,27.7,21.1
1422.34,31.84,8.11,172.99,69.57,83.32,Alluvial,375,3,0.99,Co0238,483.14,6.77,89.4,6.5,32.3,19.7
1280.99,30.56,8.09,150.4,50.32,65.96,Red Soil,351,2,1.0,Co86032,355.59,6.63,85.8,11.6,25.9,19.9
1705.6,33.75,8.72,206.24,75.75,96.52,Clay Loam,406,4,1.0,Co0238,519.66,6.92,91.7,12.4,38.1,21.2
1030.35,28.58,7.39,126.66,47.74,61.1,Red Soil,339,2,0.0,CoM0265,214.56,6.66,73.2,7.4,26.4,19.8
1822.3,34.44,9.09,223.52,81.0,100.98,Alluvial,412,3,1.0,Co86032,568.0,6.86,80.7,7.1,44.1,17.4
1962.29,34.99,9.3,237.68,85.25,108.28,Alluvial,420,3,0.89,Co86032,580.4,6.44,93.2,12.5,47.4,16.0
1457.87,32.74,8.54,181.67,63.5,78.86,Alluvial,377,3,1.0,Co86032,482.9,6.88,84.3,10.7,37.5,17.9
1519.3,33.05,8.64,184.4,69.34,85.37,Clay Loam,381,4,0.82,Co0238,501.58,6.7,82.3,8.2,30.1,17.0
1915.71,34.49,9.3,231.83,83.62,106.83,Alluvial,418,3,0.0,CoM0265,397.88,7.39,97.3,17.8,40.0,15.5
1769.02,34.08,8.88,220.17,77.88,99.18,Alluvial,409,3,0.94,CoM0265,559.87,6.63,98.0,11.3,38.3,17.3
1837.66,33.91,9.22,221.98,82.74,105.67,Alluvial,415,3,1.0,CoM0265,570.49,6.92,85.7,15.5,39.0,17.1
840.51,26.62,6.92,104.4,40.42,50.0,Sandy Loam,321,5,1.0,Co86032,279.19,6.74,68.5,14.7,23.0,18.2
1257.02,31.35,8.1,170.77,57.68,75.54,Alluvial,372,3,0.92,CoM0265,464.82,6.61,76.3,14.1,32.5,19.8
934.02,27.44,7.24,114.58,43.36,57.98,Sandy Loam,327,4,0.0,Co0238,201.79,6.81,75.8,8.6,25.0,20.1
1185.68,29.62,7.6,140.13,49.05,63.23,Red Soil,343,2,0.97,Co86032,330.39,6.67,84.8,8.3,32.7,18.4
1375.15,31.8,7.97,174.6,68.28,84.01,Alluvial,380,3,1.0,Co0238,470.11,6.75,77.1,10.1,37.2,17.8
823.58,26.71,7.06,106.12,40.0,50.99,Sandy Loam,320,5,1.0,Co0238,290.37,6.5,75.8,10.5,23.7,19.5
854.59,27.22,7.07,106.45,43.4,53.93,Sandy Loam,324,4,0.82,CoM0265,291.27,7.16,85.4,10.3,28.3,20.4
1794.36,33.95,9.02,220.02,79.39,100.25,Alluvial,409,3,1.0,Co86032,540.07,7.17,84.1,9.7,35.5,17.4
1145.74,29.45,7.77,142.62,50.02,64.92,Red Soil,345,2,0.92,Co86032,325.37,6.5,80.0,5.9,27.6,18.9
929.94,28.54,7.11,118.34,45.52,59.29,Red Soil,334,2,1.0,Co0238,303.05,6.67,73.6,10.1,28.2,18.4
1786.5,34.13,9.14,224.98,81.6,101.23,Alluvial,415,3,1.0,Co86032,560.79,6.25,89.7,13.8,41.1,20.4
812.89,26.71,6.98,100.06,40.0,51.4,Sandy Loam,320,5,0.0,Co0238,198.57,6.71,69.4,6.9,28.7,19.7
1779.48,34.16,8.96,218.57,78.18,101.13,Alluvial,409,3,0.99,CoM0265,531.03,6.57,95.4,11.2,41.3,17.0
1519.66,32.23,8.4,169.12,63.18,80.44,Clay Loam,376,3,0.84,CoM0265,466.71,6.77,81.5,4.2,36.3,18.8
918.71,27.18,6.92,107.16,42.81,51.8,Sandy Loam,328,5,1.0,Co86032,282.11,7.19,84.0,8.2,27.8,22.5
883.98,26.6,7.01,110.95,40.43,56.37,Sandy Loam,320,5,1.0,Co86032,265.15,7.34,72.4,7.4,21.2,19.5
1686.33,32.7,8.77,199.48,71.63,88.63,Clay Loam,392,4,0.01,Co0238,359.1,7.02,86.2,13.5,33.9,15.6
815.06,26.86,6.8,103.08,40.57,51.98,Sandy Loam,320,5,0.97,Co86032,254.94,6.78,69.4,11.7,24.8,22.1
1492.02,32.81,8.58,182.54,70.25,84.89,Clay Loam,383,3,1.0,Co86032,488.71,6.91,82.1,12.4,33.4,18.7
1138.93,30.6,7.86,143.95,57.63,69.96,Clay Loam,365,4,0.91,CoM0265,435.56,6.72,67.4,13.5,26.6,17.8
1408.37,32.07,8.34,176.6,67.47,84.38,Alluvial,381,3,0.9,Co0238,497.47,6.82,77.0,10.2,32.2,17.7
1698.12,33.41,8.74,209.17,77.24,94.14,Clay Loam,409,4,0.8,Co0238,521.83,7.29,86.1,16.3,35.7,16.5
1444.91,32.13,8.46,178.33,68.2,83.32,Alluvial,376,3,1.0,Co0238,488.07,6.5,83.3,14.3,31.6,19.7
812.76,26.71,6.9,106.92,40.29,54.2,Sandy Loam,320,5,1.0,Co0238,254.53,6.76,86.8,10.0,21.1,20.1
1058.53,28.86,7.3,132.16,46.14,60.42,Red Soil,339,2,0.0,CoM0265,204.07,6.9,74.2,8.1,26.6,19.1
984.57,28.33,7.24,120.63,46.35,62.94,Red Soil,333,2,0.91,Co0238,315.75,7.04,79.9,12.9,29.7,20.2
1791.57,33.83,9.03,215.07,77.55,99.39,Alluvial,407,3,1.0,CoM0265,540.0,6.63,89.9,12.0,39.3,14.1
1115.76,30.26,7.89,152.27,56.22,69.82,Clay Loam,358,4,1.0,CoM0265,423.73,7.09,73.8,6.8,28.4,19.1
1082.21,28.9,7.44,125.89,49.39,61.67,Red Soil,338,2,0.0,CoM0265,220.59,6.49,73.6,7.6,32.0,19.3
1251.77,31.55,8.2,163.46,59.63,75.91,Alluvial,374,3,0.99,CoM0265,459.55,7.2,80.4,13.4,32.0,18.7
800.0,26.5,6.82,102.34,40.0,50.0,Sandy Loam,322,5,0.01,Co0238,196.01,7.0,73.2,11.3,27.9,22.6
970.32,28.4,7.69,128.47,49.83,62.97,Red Soil,337,2,1.0,Co0238,305.95,6.8,80.5,8.2,27.7,21.0
1373.76,31.48,8.13,179.47,66.88,83.26,Alluvial,378,3,1.0,Co0238,464.01,6.65,82.4,17.2,32.3,18.5
862.2,26.77,7.06,111.22,40.6,56.15,Sandy Loam,322,5,1.0,Co86032,269.67,7.2,70.0,13.6,25.5,20.5
1175.99,29.78,7.39,137.16,48.36,64.48,Red Soil,342,2,1.0,Co86032,338.5,6.65,77.9,9.7,35.1,19.3
1851.27,33.81,9.14,225.49,81.46,103.93,Alluvial,410,3,0.99,CoM0265,553.91,6.65,98.0,8.9,41.2,13.4
1334.04,31.62,8.3,165.12,61.75,79.31,Alluvial,376,3,0.92,CoM0265,481.77,6.64,76.3,10.3,24.5,19.3
1114.82,29.83,7.71,148.23,53.3,69.3,Clay Loam,356,4,0.88,CoM0265,421.78,7.03,81.2,9.8,25.7,19.4
1129.93,29.54,7.58,129.81,50.69,62.04,Red Soil,345,2,0.98,Co86032,345.73,6.56,86.3,12.0,28.2,18.6
1332.21,30.22,7.84,144.89,50.59,66.37,Red Soil,360,2,0.97,Co86032,357.33,6.72,84.8,12.8,30.9,16.3
1186.76,29.37,7.8,129.01,46.35,64.24,Red Soil,342,2,1.0,Co86032,328.74,6.98,75.7,11.1,28.1,17.4
1389.61,31.93,8.28,169.84,68.03,78.79,Alluvial,378,3,1.0,Co0238,465.95,6.72,66.7,11.7,32.3,18.2
1326.92,30.83,7.91,147.32,52.4,68.39,Red Soil,355,2,1.0,Co86032,373.88,6.54,77.1,7.9,31.5,15.7
1415.09,32.0,8.29,173.3,69.21,82.43,Alluvial,375,3,1.0,Co0238,485.26,6.82,81.1,8.4,29.7,17.3
1308.85,30.68,7.85,142.57,50.36,67.58,Red Soil,360,2,0.98,Co86032,374.1,6.54,81.5,4.6,32.5,18.7
1876.01,34.3,8.87,229.18,83.38,101.85,Alluvial,414,3,0.96,CoM0265,573.75,6.77,89.9,13.8,36.8,14.9
1624.17,33.05,8.69,200.07,74.08,92.18,Clay Loam,394,3,1.0,CoM0265,511.88,6.62,83.5,11.4,36.0,18.5
1884.3,34.34,9.0,229.66,81.79,100.84,Alluvial,409,3,1.0,CoM0265,557.16,6.63,95.7,7.7,39.4,18.2
1080.94,30.49,7.83,144.93,54.51,70.67,Clay Loam,362,4,0.97,CoM0265,429.38,6.67,77.5,12.2,29.8,20.3
836.43,27.2,6.97,106.74,43.31,55.94,Sandy Loam,331,5,0.94,Co86032,278.39,6.7,68.4,10.3,20.1,21.1
912.63,27.53,7.05,105.52,42.47,57.51,Sandy Loam,324,4,1.0,CoM0265,307.4,6.72,67.8,8.9,30.2,17.0
1485.13,31.98,8.1,175.07,67.57,83.27,Alluvial,379,3,0.85,Co0238,474.57,6.86,80.9,13.3,31.8,17.8
1326.97,30.05,7.77,144.95,51.75,66.99,Red Soil,350,2,1.0,Co0238,333.98,6.66,74.9,10.7,30.5,19.0
847.99,26.55,6.92,102.78,40.53,52.44,Sandy Loam,326,5,0.93,Co0238,270.77,6.93,62.2,6.9,25.6,17.4
1120.99,30.82,7.78,155.11,57.74,72.46,Clay Loam,359,4,1.0,CoM0265,437.68,6.58,74.1,13.0,26.4,18.7
911.08,27.5,7.05,110.59,43.51,56.2,Sandy Loam,328,4,0.98,CoM0265,272.69,6.69,77.2,11.7,22.9,21.7
935.76,26.5,7.03,110.38,40.0,52.1,Sandy Loam,324,5,1.0,Co0238,275.5,6.5,72.0,10.0,26.5,17.0
1295.79,29.82,7.68,139.55,50.96,66.67,Red Soil,349,2,0.89,Co0238,341.62,6.75,81.1,12.5,27.7,19.2
1509.3,32.7,8.93,187.2,69.45,87.86,Clay Loam,389,4,1.0,Co0238,517.97,6.79,98.0,4.8,36.1,19.5
1034.19,28.3,7.48,126.64,46.3,62.68,Red Soil,335,2,1.0,Co0238,330.68,6.92,78.3,10.6,25.3,19.4
1076.43,29.13,7.32,127.19,47.96,59.3,Red Soil,342,2,0.0,CoM0265,227.01,6.81,79.6,12.9,26.6,17.9
1918.06,34.85,9.05,227.47,78.78,104.83,Alluvial,417,3,0.13,CoM0265,393.16,6.9,93.7,12.1,37.3,13.8
886.1,27.18,6.91,109.47,42.28,56.85,Sandy Loam,328,4,1.0,CoM0265,299.23,7.03,72.4,9.3,26.1,18.1
1798.08,33.88,9.02,218.52,77.78,100.61,Alluvial,409,3,0.95,CoM0265,532.84,6.77,93.5,9.2,40.1,15.8
1201.01,31.64,8.33,159.6,58.96,74.69,Alluvial,369,3,0.0,Co86032,322.6,6.87,72.7,12.9,27.2,17.3
1858.21,34.48,9.07,226.41,79.43,103.63,Alluvial,412,3,1.0,CoM0265,550.69,6.92,95.2,11.6,40.4,17.1
1713.31,33.18,8.84,198.49,75.71,92.81,Clay Loam,397,3,1.0,CoM0265,523.34,6.47,92.2,9.2,37.7,18.3
1038.44,28.25,7.24,121.2,46.72,61.16,Red Soil,334,2,0.98,Co0238,316.7,6.69,84.5,12.5,24.4,18.1
1366.31,30.39,8.14,149.28,52.82,68.63,Red Soil,356,2,1.0,Co86032,361.07,6.38,80.5,9.3,30.0,17.2
1304.01,29.94,7.39,143.3,48.39,65.51,Red Soil,350,2,1.0,Co0238,348.49,6.67,76.0,11.5,32.7,18.4
815.26,26.67,6.8,104.08,41.61,50.75,Sandy Loam,324,5,0.08,Co0238,188.4,7.28,78.8,9.1,18.6,20.5
1682.61,32.58,8.86,199.84,72.1,89.59,Clay Loam,393,4,0.0,Co0238,356.43,6.81,83.2,13.3,42.3,17.4
1713.3,33.92,8.87,205.24,77.0,96.12,Clay Loam,404,4,0.95,Co0238,519.37,6.66,87.3,6.8,38.0,17.3
1154.64,31.38,7.99,156.87,62.8,76.0,Alluvial,363,3,0.0,Co86032,301.85,6.91,67.9,13.3,33.4,22.7
1754.59,33.98,9.19,220.81,78.99,100.31,Alluvial,409,3,1.0,Co86032,551.3,6.8,98.0,12.7,35.5,20.0
1970.0,34.95,9.25,243.0,84.78,109.42,Alluvial,421,3,0.97,Co86032,580.4,6.79,98.0,9.7,36.9,10.6
826.98,26.7,6.96,109.06,40.75,54.28,Sandy Loam,327,5,1.0,Co86032,287.83,6.76,70.4,7.0,24.5,16.8
1008.48,28.59,7.49,121.72,48.29,61.68,Red Soil,342,2,0.75,Co0238,313.44,6.37,68.7,5.1,27.9,19.0
831.36,26.5,6.88,100.0,41.13,52.35,Sandy Loam,322,5,0.0,Co0238,188.4,6.82,66.2,6.5,23.4,19.3
1538.23,32.98,8.68,178.31,70.53,86.22,Clay Loam,382,4,0.9,Co0238,508.63,6.61,81.8,8.6,41.3,19.1
861.51,26.62,6.8,104.95,40.0,53.01,Sandy Loam,320,5,0.04,Co0238,203.44,6.7,74.0,4.8,24.8,17.6
1662.25,33.58,8.84,200.1,74.76,91.69,Clay Loam,397,3,1.0,CoM0265,506.58,6.69,85.3,7.2,33.2,19.8
1503.6,32.29,8.53,188.36,67.76,83.37,Clay Loam,380,4,1.0,Co0238,509.36,6.88,80.3,4.2,28.9,15.7
1293.01,31.55,7.95,157.59,59.96,73.47,Alluvial,362,3,1.0,CoM0265,457.85,6.56,81.6,12.5,28.6,17.5
1304.82,31.4,8.13,165.95,60.78,76.14,Alluvial,371,3,1.0,CoM0265,472.38,6.6,82.2,6.0,29.8,16.2
993.41,27.91,7.38,116.83,44.38,59.32,Red Soil,330,2,1.0,Co0238,308.98,6.79,77.3,9.0,28.3,19.5
1342.69,30.87,7.97,142.43,51.86,67.23,Red Soil,358,2,0.92,Co86032,356.38,7.02,89.9,14.6,34.2,17.8
1502.72,32.75,8.78,195.11,70.49,86.29,Clay Loam,381,4,0.96,Co0238,494.36,6.49,87.2,14.2,34.0,18.7
1298.77,29.81,7.67,140.13,52.64,63.17,Red Soil,350,2,0.95,Co0238,341.56,6.66,89.6,14.3,32.6,17.5
1673.51,33.17,8.49,208.32,76.5,90.58,Clay Loam,395,4,1.0,Co0238,517.63,6.67,83.8,13.7,34.4,16.3
1360.05,29.91,7.82,142.16,51.88,66.01,Red Soil,347,2,0.94,Co0238,362.49,6.96,86.8,7.0,37.1,16.5
1464.92,32.95,8.56,193.63,68.79,83.69,Clay Loam,387,4,0.97,Co0238,490.7,6.72,84.1,10.0,32.5,18.4
854.26,27.05,6.85,113.89,42.04,52.48,Sandy Loam,323,5,0.93,Co0238,259.33,6.69,72.0,8.1,21.2,18.8
1244.9,30.88,8.02,153.45,58.17,74.9,Alluvial,367,3,0.9,CoM0265,458.88,7.14,80.2,17.0,27.9,17.7
1878.75,34.12,9.11,224.92,83.64,104.14,Alluvial,405,3,1.0,CoM0265,560.69,6.6,89.4,4.3,39.3,19.4
1041.83,28.54,7.42,126.66,49.09,60.37,Red Soil,339,2,0.84,Co0238,314.33,6.68,81.3,13.7,28.7,18.5
863.72,27.22,6.99,107.6,42.88,54.68,Sandy Loam,322,5,0.81,Co86032,298.23,6.9,67.4,10.1,23.9,21.2
1653.93,33.1,9.06,205.09,73.11,88.73,Clay Loam,393,3,0.86,CoM0265,503.46,6.65,83.6,16.1,34.2,16.4
1571.39,32.92,8.7,203.82,69.41,83.19,Alluvial,389,3,1.0,Co86032,506.76,7.06,78.9,8.3,36.4,18.5
966.1,27.89,7.21,117.76,43.51,58.34,Red Soil,330,2,1.0,Co0238,299.38,6.74,76.8,10.5,28.7,18.9
916.72,26.9,6.89,110.82,40.0,55.4,Sandy Loam,325,5,1.0,Co86032,305.25,7.04,69.2,12.2,21.7,17.6
962.29,28.14,7.3,122.67,44.65,58.31,Red Soil,326,2,0.82,Co0238,313.1,6.74,84.0,11.0,26.4,17.2
828.59,27.05,7.02,109.13,40.8,54.91,Sandy Loam,320,5,0.83,Co0238,274.45,6.79,70.8,13.0,21.4,20.5
1904.08,34.58,9.0,222.94,84.04,104.69,Alluvial,415,3,0.06,CoM0265,410.17,6.82,95.9,9.3,37.4,16.8
882.43,27.37,6.91,110.73,41.79,57.49,Sandy Loam,325,5,0.95,Co86032,275.42,6.76,81.5,13.7,31.6,20.6
813.01,27.04,6.84,106.37,40.7,52.55,Sandy Loam,323,5,0.81,Co0238,285.41,6.77,73.1,12.1,23.1,20.9
800.0,26.7,6.8,105.38,40.0,51.85,Sandy Loam,324,5,0.0,Co0238,193.81,7.11,67.7,8.2,25.7,19.3
1143.19,29.53,7.56,136.32,46.95,63.16,Red Soil,343,2,0.9,Co86032,342.43,6.8,68.7,7.4,31.7,20.1
1182.52,31.54,7.98,159.65,62.91,74.16,Alluvial,376,3,0.0,Co86032,318.85,6.93,82.9,10.0,32.6,20.4
1022.9,29.13,7.12,132.3,49.76,60.77,Red Soil,338,2,0.0,CoM0265,230.84,6.58,84.3,12.0,27.6,21.9
1579.75,32.71,8.56,196.64,72.65,87.79,Alluvial,390,3,1.0,Co86032,504.45,6.93,85.0,5.9,33.2,17.3
1332.89,30.46,7.49,141.2,51.07,66.76,Red Soil,347,2,1.0,Co0238,348.9,7.34,87.8,13.5,35.6,19.8
1619.37,32.06,8.59,178.03,64.57,79.35,Clay Loam,376,3,1.0,CoM0265,460.98,6.74,83.1,10.0,36.3,19.5
1770.65,33.45,8.89,210.0,77.81,93.28,Clay Loam,403,4,0.99,Co0238,518.51,6.38,96.7,11.3,34.0,17.6
1236.58,31.41,8.2,156.35,60.41,74.46,Alluvial,368,3,0.04,Co86032,321.03,7.03,72.6,15.3,22.7,17.6
1490.53,32.72,8.73,189.02,68.78,83.79,Clay Loam,387,4,0.95,Co0238,518.92,6.8,83.4,7.3,33.3,16.6
1845.88,34.14,9.05,225.78,83.75,104.07,Alluvial,413,3,1.0,CoM0265,552.37,6.55,89.9,10.5,36.9,17.3
984.03,28.03,7.09,125.59,45.54,60.39,Red Soil,330,2,1.0,Co0238,306.38,6.74,69.6,6.6,26.0,21.2
1630.17,33.37,8.97,200.89,76.03,89.61,Clay Loam,394,3,1.0,CoM0265,519.19,7.11,87.3,13.6,34.8,18.6
1253.35,31.45,8.02,158.14,58.11,73.17,Alluvial,361,3,0.89,CoM0265,446.49,6.88,84.1,11.5,29.6,17.5
1182.43,31.15,8.06,154.45,58.81,72.1,Alluvial,365,3,0.89,CoM0265,434.73,6.84,85.0,9.6,32.1,20.0
972.36,27.81,7.12,120.18,44.33,59.5,Red Soil,330,2,0.99,Co0238,292.72,6.68,76.9,12.3,29.2,21.2
1353.42,30.64,7.91,146.79,51.04,67.56,Red Soil,355,2,1.0,Co86032,359.43,6.72,97.9,12.7,33.4,17.7
933.18,27.81,7.36,118.1,43.76,57.33,Sandy Loam,324,4,0.0,Co0238,188.4,6.73,74.9,12.2,29.2,21.1
876.03,26.72,6.8,108.9,40.0,52.77,Sandy Loam,324,5,1.0,Co0238,287.75,6.64,73.3,9.3,19.9,20.2
1120.28,31.84,7.98,159.02,59.55,76.74,Alluvial,374,3,0.14,Co86032,327.68,6.8,82.1,13.1,27.9,19.1
1267.0,31.23,7.97,157.32,57.15,69.01,Alluvial,364,3,0.97,CoM0265,434.57,6.44,77.8,12.7,34.6,20.3
1935.22,34.64,9.1,229.94,84.17,103.42,Alluvial,413,3,0.0,CoM0265,399.07,6.95,84.1,4.8,44.2,14.4
1742.72,34.07,8.99,207.8,80.13,98.75,Alluvial,411,3,0.95,Co86032,525.56,6.86,93.5,8.5,37.1,13.6
1478.24,31.95,8.36,178.31,66.08,82.42,Alluvial,378,3,1.0,Co0238,478.49,6.69,76.1,10.0,31.0,16.1
916.72,27.16,7.01,107.55,40.02,55.67,Sandy Loam,328,5,0.92,Co86032,284.71,6.53,78.6,10.2,20.6,19.2
1305.93,31.71,8.33,158.9,59.13,74.48,Alluvial,371,3,0.11,Co86032,298.39,6.83,85.6,13.2,29.9,17.9
1297.35,29.99,7.35,145.73,49.45,65.44,Red Soil,352,2,0.95,Co0238,347.11,6.63,75.6,7.1,35.1,18.7
1008.81,28.47,7.17,125.06,46.17,60.22,Red Soil,333,2,1.0,Co0238,316.26,6.49,74.5,8.7,29.2,20.7
1185.32,31.26,8.16,155.39,59.64,73.58,Alluvial,370,3,0.02,Co86032,315.61,6.6,81.8,9.9,26.6,22.4
965.95,27.74,7.19,120.79,44.51,57.2,Sandy Loam,331,4,0.0,Co0238,196.2,6.16,75.6,10.9,23.2,20.0
1955.48,34.92,9.09,238.86,86.0,109.61,Alluvial,419,3,1.0,Co86032,580.4,6.88,94.8,10.7,45.0,16.5
1373.43,30.52,7.84,145.59,53.47,67.0,Red Soil,357,2,0.96,Co86032,361.34,6.84,81.7,12.1,33.7,15.6
1922.31,35.2,9.29,239.47,82.83,109.97,Alluvial,420,3,1.0,Co86032,566.51,6.96,97.3,13.2,41.6,13.1
939.39,27.27,7.12,110.07,40.47,56.53,Sandy Loam,327,4,0.91,CoM0265,288.09,6.65,73.1,9.5,23.6,20.3
1393.82,31.46,8.27,178.03,67.06,81.49,Alluvial,374,3,1.0,Co0238,490.43,7.14,77.7,14.4,26.8,17.2
1509.15,32.88,8.6,195.6,70.93,84.99,Clay Loam,387,4,1.0,Co0238,485.05,6.74,77.8,13.8,34.0,17.4
1255.87,31.95,8.16,159.87,58.85,72.27,Alluvial,373,3,0.14,Co86032,312.5,6.49,74.5,10.6,24.9,19.6
1016.07,28.05,7.2,124.28,48.09,60.18,Red Soil,333,2,0.91,Co0238,324.99,6.87,81.1,13.3,21.1,17.5
907.92,26.96,7.08,112.2,42.13,56.34,Sandy Loam,328,4,0.91,CoM0265,288.49,6.91,72.6,7.0,26.3,16.7
1445.09,31.93,8.17,171.8,68.13,82.29,Alluvial,378,3,1.0,Co0238,492.25,6.6,82.2,12.3,34.8,20.1
862.13,26.9,6.8,102.87,42.41,51.09,Sandy Loam,320,5,1.0,Co0238,267.98,7.04,67.6,9.7,25.0,18.7
1009.49,27.83,7.41,127.26,47.0,61.84,Red Soil,337,2,1.0,Co0238,320.31,6.77,75.8,9.2,30.5,20.3
869.01,27.22,6.83,108.35,40.9,54.13,Sandy Loam,328,5,1.0,Co86032,264.75,6.93,79.8,2.0,25.2,19.7
955.32,27.65,7.05,111.65,43.8,57.51,Sandy Loam,329,4,0.87,CoM0265,282.93,6.85,75.8,6.7,26.6,20.5
1116.79,29.42,7.52,135.41,48.68,63.4,Red Soil,347,2,1.0,Co86032,328.33,7.03,73.1,5.2,25.5,20.6
1112.73,30.37,7.59,151.33,56.86,70.81,Clay Loam,363,4,0.97,CoM0265,432.51,7.09,69.6,9.0,35.6,19.4
878.99,27.22,7.0,109.79,40.0,52.34,Sandy Loam,327,5,0.86,Co86032,286.79,6.8,70.5,14.5,29.4,19.6
1324.99,31.51,8.04,170.1,62.44,77.38,Alluvial,371,3,1.0,CoM0265,467.67,6.99,73.9,5.5,32.2,17.6
881.91,27.02,7.1,109.4,42.17,54.48,Sandy Loam,326,4,0.96,CoM0265,283.6,6.63,72.3,9.8,25.5,20.6
800.0,26.5,6.81,100.0,40.57,51.2,Sandy Loam,323,5,0.04,Co0238,188.4,6.53,68.9,7.8,23.8,18.6
1354.3,30.11,7.53,144.69,50.44,63.68,Red Soil,353,2,0.89,Co0238,367.9,6.65,85.1,8.9,36.9,17.5
817.75,26.78,6.8,101.95,41.37,52.15,Sandy Loam,320,5,1.0,Co86032,249.36,6.89,73.3,10.1,27.2,19.1
829.71,26.67,6.89,108.74,40.0,51.86,Sandy Loam,322,5,1.0,Co86032,267.65,6.86,65.1,8.4,27.8,21.6
1452.22,33.19,8.71,191.67,69.85,83.11,Clay Loam,384,4,0.89,Co0238,498.56,6.56,82.1,5.9,28.9,18.5
1663.28,32.51,8.71,193.64,73.85,89.84,Clay Loam,391,4,0.0,Co0238,358.66,7.09,87.5,7.4,38.9,17.2
1473.43,32.88,8.65,185.36,70.66,83.7,Clay Loam,383,3,0.91,Co86032,496.41,7.08,86.7,10.1,33.2,18.4
1931.63,34.88,8.95,232.78,80.36,105.4,Alluvial,419,3,0.03,CoM0265,401.43,6.52,96.3,12.6,48.1,14.9
1011.32,28.46,7.23,122.58,48.34,61.61,Red Soil,341,2,1.0,Co0238,332.57,6.69,72.8,9.1,25.9,20.2
1768.65,33.74,9.11,219.56,80.89,100.09,Alluvial,413,3,0.72,Co86032,557.19,6.85,95.7,13.8,35.1,16.7
1179.63,29.67,7.59,140.17,48.74,62.96,Red Soil,345,2,1.0,Co86032,328.94,6.69,81.8,12.1,28.5,16.4
804.02,26.66,6.96,100.0,42.21,52.86,Sandy Loam,320,5,0.02,Co0238,188.4,6.68,75.5,7.5,21.0,19.5
1700.65,32.04,8.69,197.76,73.55,90.25,Clay Loam,391,4,0.0,Co0238,366.68,6.84,82.1,13.1,36.6,16.3
852.23,27.17,6.8,105.93,42.1,52.66,Sandy Loam,326,5,0.99,Co0238,288.92,6.92,67.4,11.3,25.6,18.6
921.37,26.63,6.92,106.11,40.54,55.04,Sandy Loam,324,5,0.94,Co86032,283.01,6.96,69.8,12.3,26.2,21.2
909.19,27.34,7.12,113.49,42.62,54.83,Sandy Loam,325,4,0.98,CoM0265,289.82,6.92,78.3,13.6,24.0,21.2
1601.8,33.54,8.8,193.3,76.43,88.94,Clay Loam,398,3,0.84,CoM0265,507.5,6.84,92.8,11.6,31.8,18.8
1748.06,33.61,8.87,207.24,78.88,96.41,Alluvial,404,3,1.0,Co86032,532.2,7.16,81.9,5.1,33.5,17.2
863.31,26.71,6.89,103.48,40.0,52.17,Sandy Loam,320,5,0.1,Co0238,189.81,6.84,65.5,15.5,28.8,19.6
923.33,27.68,7.13,119.89,42.98,60.79,Sandy Loam,332,4,0.0,Co0238,189.58,6.98,77.0,9.1,25.6,19.1
1881.44,34.7,9.15,232.07,81.25,102.57,Alluvial,415,3,0.0,CoM0265,398.92,6.79,88.6,11.8,41.4,15.0
1685.58,33.03,8.83,200.77,72.51,90.59,Clay Loam,391,3,1.0,CoM0265,510.02,7.04,83.3,7.8,38.1,18.7
913.56,27.22,6.9,111.76,44.58,54.46,Sandy Loam,324,4,0.95,CoM0265,263.41,6.88,69.0,5.2,28.2,18.1
870.23,27.12,6.99,110.54,40.26,51.81,Sandy Loam,328,5,0.97,Co86032,278.92,6.68,77.9,11.1,24.3,18.0
1289.76,32.02,8.17,165.12,62.15,78.37,Alluvial,372,3,1.0,CoM0265,482.58,6.84,92.9,15.9,26.9,16.0
1092.95,29.0,7.44,135.47,46.6,64.45,Red Soil,340,2,0.0,CoM0265,227.47,6.98,70.7,8.0,29.0,22.7
1132.65,30.21,7.69,149.92,52.66,70.82,Clay Loam,360,4,0.97,CoM0265,415.01,6.67,66.3,5.0,28.2,18.5
1128.09,30.17,7.65,148.99,55.85,69.77,Clay Loam,359,4,1.0,CoM0265,427.87,6.94,84.7,10.5,23.9,20.4
1698.87,33.32,8.66,199.72,75.56,94.32,Clay Loam,402,4,0.88,Co0238,521.25,6.82,89.5,11.7,37.5,15.0
827.69,26.5,6.8,104.37,40.0,50.0,Sandy Loam,323,5,0.0,Co0238,191.93,6.86,74.0,9.1,32.3,19.7
800.0,26.5,6.8,100.0,40.0,50.0,Sandy Loam,321,5,0.97,Co86032,279.24,6.74,70.9,7.3,17.4,19.9
812.04,26.7,6.8,101.59,40.42,53.06,Sandy Loam,321,5,0.91,Co86032,259.5,6.54,69.1,16.2,23.3,20.7
957.47,27.78,7.2,122.1,44.54,56.54,Red Soil,330,2,0.97,Co0238,323.91,6.64,68.3,10.0,24.0,20.1
1589.25,32.16,8.35,169.57,61.34,76.0,Clay Loam,373,3,1.0,CoM0265,461.96,6.74,91.5,10.2,37.6,14.5
1512.96,31.85,8.47,167.43,62.68,77.92,Clay Loam,377,3,1.0,CoM0265,464.88,6.83,86.0,13.6,29.3,17.7
1785.12,34.52,9.23,217.21,82.18,99.08,Alluvial,411,3,0.87,Co86032,538.53,6.87,91.6,6.9,36.0,14.4
1175.2,29.5,7.64,141.25,49.94,64.53,Red Soil,347,2,1.0,Co86032,342.72,7.26,73.4,12.5,25.6,19.0
1438.17,31.68,8.16,176.65,67.94,81.48,Alluvial,377,3,0.89,Co0238,482.87,6.59,85.0,6.5,29.9,14.2
1643.47,33.39,8.76,200.16,72.03,89.53,Clay Loam,394,3,0.93,CoM0265,517.92,6.64,84.4,10.5,32.8,19.4
1713.14,32.49,8.57,197.71,75.32,87.07,Clay Loam,386,4,0.0,Co0238,354.49,7.05,88.7,9.9,36.0,16.5
1261.56,31.27,8.17,162.81,60.32,76.84,Alluvial,370,3,1.0,CoM0265,484.55,6.92,82.6,11.6,27.4,18.8
1249.14,30.75,7.98,154.41,57.1,70.01,Alluvial,363,3,0.86,CoM0265,452.81,6.86,77.7,3.8,29.6,19.4
814.85,26.61,6.8,100.23,40.0,51.22,Sandy Loam,320,5,1.0,Co86032,278.33,6.61,75.6,11.9,24.2,19.0
1196.3,31.47,8.3,160.67,59.97,74.21,Alluvial,375,3,0.01,Co86032,321.87,7.17,75.5,12.9,27.7,21.1
1818.88,34.06,9.13,215.16,79.78,100.13,Alluvial,407,3,0.83,CoM0265,552.31,6.81,88.8,7.5,37.9,17.4
1115.8,30.24,7.74,151.22,57.33,68.37,Clay Loam,362,4,0.98,CoM0265,423.6,6.65,68.4,9.9,33.2,18.9
1230.78,31.39,7.85,158.02,62.41,75.42,Alluvial,378,3,0.97,CoM0265,470.66,6.89,78.3,8.1,31.0,20.8
1022.0,28.76,7.45,122.04,45.79,60.96,Red Soil,334,2,1.0,Co0238,309.48,6.56,67.0,11.4,28.4,18.9
938.71,27.09,7.17,106.92,40.79,52.52,Sandy Loam,324,5,1.0,Co86032,288.94,6.56,71.8,8.9,20.9,18.2
1237.77,31.2,8.08,154.06,56.26,73.91,Alluvial,367,3,0.76,CoM0265,447.98,6.82,72.2,9.7,33.9,21.9
1785.73,33.81,8.92,219.46,80.93,100.18,Alluvial,411,3,0.94,CoM0265,552.49,6.82,83.4,10.7,40.2,17.2
832.95,27.23,6.96,110.65,41.08,54.08,Sandy Loam,327,5,0.97,Co0238,262.16,6.78,75.8,12.8,26.2,19.3
1648.37,32.76,8.71,191.24,71.96,88.81,Clay Loam,391,4,0.0,Co0238,362.53,7.15,88.2,9.1,35.1,15.3
1830.62,34.43,8.85,223.16,80.13,99.79,Alluvial,412,3,1.0,CoM0265,562.94,7.04,89.7,17.9,37.9,15.9
1161.76,29.58,7.65,137.69,50.03,64.94,Red Soil,349,2,1.0,Co86032,354.8,7.07,74.2,11.2,23.8,16.3
920.59,27.83,7.22,113.69,42.35,60.09,Sandy Loam,334,4,0.0,Co0238,188.4,6.6,72.8,14.8,27.9,20.2
1745.15,33.11,8.64,211.03,76.26,94.74,Clay Loam,399,4,1.0,Co0238,511.99,6.65,82.6,6.0,35.7,15.0
1845.64,34.59,9.27,231.27,80.58,104.76,Alluvial,419,3,0.07,CoM0265,398.75,6.77,91.5,11.5,35.4,16.4
900.08,27.3,7.01,113.48,43.54,59.85,Sandy Loam,329,4,0.15,Co0238,188.4,6.93,67.9,9.8,27.4,17.4
939.09,27.45,7.18,111.09,43.53,59.05,Sandy Loam,328,4,0.0,Co0238,193.81,7.01,68.3,8.1,27.7,21.5
1477.26,32.59,8.45,181.26,64.64,81.51,Alluvial,381,3,0.97,Co86032,496.55,6.82,81.1,17.8,37.7,18.1
1842.09,34.24,8.92,222.82,82.64,99.57,Alluvial,411,3,0.94,Co86032,547.52,6.78,95.1,13.4,35.2,16.3
971.93,28.8,7.4,129.29,46.05,60.55,Red Soil,337,2,0.0,CoM0265,224.63,6.83,75.3,15.3,29.2,20.8
847.7,27.2,7.12,115.18,40.2,55.01,Sandy Loam,323,4,1.0,CoM0265,294.74,6.78,62.4,7.1,27.6,16.0
1469.94,32.11,8.52,181.1,64.07,80.14,Alluvial,378,3,0.94,Co86032,486.87,6.99,84.7,12.8,35.6,16.2
1918.49,34.56,8.91,231.16,81.7,104.84,Alluvial,413,3,0.11,CoM0265,384.61,6.46,91.9,12.3,39.0,13.6
1140.27,30.38,7.84,146.42,54.88,69.7,Clay Loam,360,4,1.0,CoM0265,418.99,6.73,74.2,10.7,33.5,19.1
908.13,27.17,7.05,108.75,41.53,57.78,Sandy Loam,327,4,1.0,CoM0265,289.69,6.88,73.8,13.6,26.8,19.7
1565.59,33.31,8.65,193.22,69.98,84.49,Alluvial,385,3,1.0,Co86032,519.64,7.21,82.0,9.2,38.7,18.1
1303.88,29.88,7.46,141.45,48.88,62.35,Red Soil,352,2,0.9,Co0238,338.1,7.1,83.4,5.4,28.0,17.7
1455.27,31.65,8.41,184.03,68.3,83.85,Alluvial,383,3,1.0,Co0238,471.14,6.83,86.6,11.5,36.7,16.6
934.64,28.03,7.27,118.39,46.29,60.33,Red Soil,329,2,1.0,Co0238,313.4,6.87,75.5,8.4,25.7,19.1
1822.34,34.07,9.07,228.26,79.43,104.21,Alluvial,411,3,0.91,CoM0265,556.11,7.2,83.7,3.8,39.5,17.2
901.52,27.32,7.03,102.26,42.03,55.25,Sandy Loam,325,4,0.98,CoM0265,285.22,7.01,71.0,10.2,28.4,18.3
1307.67,29.95,7.63,141.07,51.17,66.81,Red Soil,354,2,0.98,Co0238,351.45,7.27,85.9,7.2,31.9,17.6
996.1,28.7,7.6,128.38,46.57,62.23,Red Soil,337,2,0.85,Co0238,326.6,7.22,79.5,4.3,25.3,19.3
811.88,26.66,6.97,109.79,40.0,52.16,Sandy Loam,329,5,1.0,Co86032,284.55,6.84,74.8,9.4,25.0,20.8
1724.97,32.58,8.8,196.91,73.01,89.14,Clay Loam,390,4,0.08,Co0238,367.14,6.47,85.4,6.7,38.3,18.2
1074.04,29.04,7.48,127.41,47.59,61.68,Red Soil,342,2,0.09,CoM0265,234.29,6.6,74.0,8.4,36.0,18.6
1698.39,33.32,8.78,195.56,74.56,89.18,Clay Loam,393,3,0.89,CoM0265,506.79,6.53,88.8,10.8,37.8,16.9
1455.22,32.06,8.34,169.38,67.14,85.45,Alluvial,380,3,1.0,Co0238,473.97,6.87,76.5,5.2,31.3,18.1
804.72,26.9,7.01,105.62,40.38,51.69,Sandy Loam,324,5,1.0,Co0238,292.92,6.98,74.8,11.0,21.9,18.9
1352.43,30.02,7.6,145.61,50.53,63.34,Red Soil,353,2,0.9,Co0238,352.8,6.78,75.0,10.5,35.1,16.2
1736.7,32.46,8.76,199.62,71.8,91.05,Clay Loam,389,4,0.13,Co0238,372.6,7.07,84.4,7.5,35.9,16.3
919.39,27.59,7.15,102.04,41.63,53.1,Sandy Loam,327,4,1.0,CoM0265,284.98,6.59,69.0,5.4,22.1,17.5
1390.13,32.27,8.38,180.4,70.83,83.4,Alluvial,384,3,1.0,Co0238,478.59,6.9,84.7,3.8,30.7,18.5
885.85,26.83,6.94,108.4,42.51,54.19,Sandy Loam,320,5,1.0,Co0238,278.59,6.88,81.3,8.2,29.4,18.9
845.15,26.5,6.94,100.0,40.0,51.8,Sandy Loam,320,5,0.01,Co0238,188.4,6.78,74.7,8.6,27.2,20.6
1764.81,33.88,8.96,211.53,77.34,98.4,Alluvial,407,3,0.87,CoM0265,532.13,6.76,78.1,13.0,35.6,18.8
800.0,26.54,6.83,101.28,40.0,51.81,Sandy Loam,320,5,0.04,Co0238,199.9,7.07,77.0,9.1,28.2,19.1
1216.99,30.97,7.94,154.74,58.31,69.33,Alluvial,361,3,0.86,CoM0265,445.35,6.84,84.4,11.7,28.3,19.1
845.41,26.6,6.92,100.0,40.91,52.58,Sandy Loam,320,5,0.0,Co0238,210.64,6.71,75.2,9.4,24.2,18.8
1249.41,31.45,8.34,163.84,61.14,73.58,Alluvial,373,3,0.09,Co86032,322.5,6.81,77.0,12.3,30.2,17.5
800.0,26.53,6.84,100.0,40.44,50.0,Sandy Loam,320,5,0.0,Co0238,188.4,6.51,72.1,11.7,25.3,21.1
1942.26,34.63,9.07,228.46,84.62,106.24,Alluvial,418,3,0.0,CoM0265,390.53,6.74,94.8,7.8,40.6,17.5
951.74,28.69,7.39,130.25,45.12,58.87,Red Soil,337,2,1.0,Co0238,310.58,6.84,78.2,10.9,30.7,19.1
1907.45,34.39,8.97,228.22,81.12,107.48,Alluvial,416,3,0.0,CoM0265,367.93,7.1,88.1,8.8,35.7,17.4
1694.14,32.67,8.61,194.31,72.62,90.41,Clay Loam,392,4,0.11,Co0238,354.07,6.83,87.8,13.1,35.8,16.8
836.19,26.76,6.85,102.16,42.58,50.0,Sandy Loam,320,5,0.22,Co0238,192.34,7.2,75.7,14.5,27.1,20.5
1970.0,34.62,9.27,235.91,85.68,109.41,Alluvial,418,3,0.0,CoM0265,393.91,6.9,94.9,5.6,35.9,16.1
1762.54,33.6,8.91,213.51,80.02,96.61,Alluvial,402,3,1.0,Co86032,545.42,6.69,92.8,10.9,38.0,17.9
1770.94,33.46,8.92,216.02,80.04,98.3,Alluvial,400,3,1.0,CoM0265,551.97,6.68,98.0,5.1,35.6,17.8
823.74,27.08,6.84,102.29,40.78,51.68,Sandy Loam,323,5,0.93,Co86032,284.4,6.79,67.2,7.6,26.8,19.3
1934.74,34.36,9.24,230.63,82.61,105.5,Alluvial,416,3,0.0,CoM0265,408.14,6.93,98.0,11.6,40.8,16.7
1295.07,30.05,7.58,140.68,50.03,64.91,Red Soil,352,2,1.0,Co0238,344.6,6.77,74.2,10.0,30.4,18.1
957.45,27.3,7.1,109.21,44.83,57.37,Sandy Loam,327,4,0.92,CoM0265,284.38,6.55,75.8,8.1,24.4,18.3
1871.97,34.31,9.17,226.71,82.24,104.51,Alluvial,412,3,0.07,CoM0265,378.06,6.9,94.1,12.5,39.9,18.3
1546.35,32.58,8.63,192.69,70.55,84.69,Alluvial,387,3,1.0,Co86032,500.64,6.46,81.8,11.0,33.1,16.4
1681.71,32.15,8.57,193.83,72.09,89.9,Clay Loam,395,4,0.0,Co0238,353.6,6.85,86.6,9.2,36.6,17.9
1970.0,35.2,9.06,242.85,86.0,110.6,Alluvial,420,3,1.0,Co86032,561.55,6.64,89.1,6.7,42.0,16.6
1740.18,33.5,8.97,203.75,80.57,95.35,Alluvial,401,3,0.91,Co86032,519.77,6.59,88.5,16.3,37.8,17.7
1377.07,30.63,7.8,147.08,52.57,68.53,Red Soil,355,2,1.0,Co86032,351.81,6.85,86.3,8.2,35.8,18.5
1319.9,31.46,8.26,165.52,62.29,75.49,Alluvial,374,3,1.0,CoM0265,478.6,6.86,82.2,6.2,30.9,18.7
1617.57,33.11,8.79,202.29,73.82,91.06,Clay Loam,394,3,0.85,CoM0265,509.24,6.75,83.8,12.3,35.3,17.9
1285.96,31.27,8.09,162.35,62.13,76.11,Alluvial,372,3,0.87,CoM0265,477.7,6.91,72.6,12.3,33.8,18.7
996.1,28.04,7.27,122.89,45.95,58.38,Red Soil,334,2,1.0,Co0238,307.58,6.85,70.6,9.3,27.6,21.3
1781.71,33.92,8.87,218.29,81.13,99.49,Alluvial,412,3,0.75,CoM0265,542.23,6.76,91.1,10.8,36.1,18.7
1918.09,34.88,9.26,235.03,84.3,105.97,Alluvial,416,3,0.17,CoM0265,396.9,6.92,96.8,15.3,41.1,14.2
1268.4,30.11,7.73,140.88,50.64,66.64,Red Soil,355,2,0.93,Co0238,334.64,6.58,80.7,8.0,31.5,17.6
800.0,26.66,6.8,106.11,41.38,50.0,Sandy Loam,320,5,1.0,Co86032,270.53,6.73,81.4,8.6,24.8,19.9
1706.41,33.6,8.89,206.4,75.92,92.2,Clay Loam,397,4,0.82,Co0238,524.41,6.86,94.2,6.3,33.6,19.1
1240.52,31.41,8.05,164.34,59.4,74.8,Alluvial,375,3,0.96,CoM0265,464.63,6.9,82.0,9.8,33.7,20.2
992.38,28.61,7.41,128.5,47.48,60.64,Red Soil,342,2,0.0,CoM0265,211.61,6.27,72.5,9.8,24.6,19.1
1543.0,33.21,8.57,199.69,69.64,87.3,Alluvial,391,3,0.92,Co86032,487.42,6.41,95.1,9.1,31.4,15.8
1700.69,33.4,8.83,208.88,75.23,94.46,Clay Loam,410,4,0.94,Co0238,527.11,6.79,91.3,8.7,36.2,15.7
1801.6,33.76,8.99,210.77,79.21,92.24,Alluvial,406,3,0.96,Co86032,529.92,6.59,96.0,11.6,40.9,13.8
1018.13,28.51,7.33,118.67,47.92,61.94,Red Soil,336,2,1.0,Co0238,318.77,6.85,71.8,6.0,29.1,17.1
806.61,26.56,6.84,101.7,40.59,50.0,Sandy Loam,325,5,0.1,Co0238,191.34,6.67,80.6,9.7,24.3,20.6
835.19,26.57,7.06,103.9,41.35,52.46,Sandy Loam,322,5,0.0,Co0238,199.91,7.05,68.2,6.7,25.5,17.9
1165.13,29.65,7.81,135.79,50.27,65.83,Red Soil,347,2,0.99,Co86032,349.46,6.75,84.7,9.7,26.8,19.9
1387.34,32.02,8.15,174.85,69.61,81.2,Alluvial,379,3,1.0,Co0238,493.73,7.13,84.1,7.6,30.3,18.4
1268.56,29.7,7.52,141.29,50.58,66.12,Red Soil,348,2,1.0,Co0238,345.9,6.76,76.3,11.4,29.0,18.6
1147.78,28.9,7.61,135.39,50.01,63.42,Red Soil,348,2,1.0,Co86032,357.36,6.88,78.9,13.6,27.8,18.7
1532.14,32.53,8.58,189.26,70.44,85.58,Clay Loam,386,4,1.0,Co0238,497.87,6.36,80.7,8.4,33.8,15.8
1263.68,31.28,8.07,157.21,57.24,73.13,Alluvial,361,3,1.0,CoM0265,455.85,6.94,80.5,8.4,28.5,19.8
950.97,27.69,7.13,119.42,44.95,59.14,Sandy Loam,329,4,0.03,Co0238,188.4,7.01,65.7,12.1,27.2,19.2
1628.94,31.81,8.46,171.98,61.75,78.04,Clay Loam,374,3,1.0,CoM0265,452.12,6.53,92.6,10.6,38.7,15.9
1736.22,33.62,8.85,210.07,79.61,97.95,Alluvial,407,3,1.0,Co86032,545.76,7.07,93.4,14.3,37.7,17.6
1486.2,31.97,8.28,169.68,67.96,81.09,Alluvial,379,3,1.0,Co0238,469.74,6.41,80.2,13.7,32.6,17.1
1073.8,28.77,7.23,130.97,49.17,62.83,Red Soil,341,2,0.0,CoM0265,210.28,6.52,75.5,9.5,30.8,20.2
1003.9,28.56,7.53,128.07,47.81,62.29,Red Soil,336,2,1.0,Co0238,351.96,6.7,76.2,8.9,28.0,21.0
1264.0,31.24,8.0,154.52,58.82,72.31,Alluvial,367,3,1.0,CoM0265,459.91,6.72,76.2,12.1,31.3,18.0
810.37,26.53,6.93,102.45,40.0,51.66,Sandy Loam,323,5,0.09,Co0238,191.41,7.0,69.5,8.4,23.1,18.7
1557.3,31.54,8.39,164.27,60.56,77.74,Clay Loam,378,3,1.0,CoM0265,460.42,6.66,83.4,11.3,30.8,18.1
1237.26,31.55,8.07,165.05,61.44,74.87,Alluvial,372,3,0.11,Co86032,318.98,6.85,73.5,5.1,36.4,17.3
898.87,27.19,6.93,109.35,43.52,55.37,Sandy Loam,326,5,0.97,Co86032,287.17,6.94,70.9,12.8,22.3,19.9
1885.61,34.39,9.13,227.19,81.89,104.21,Alluvial,416,3,0.11,CoM0265,402.33,6.73,91.5,6.2,38.6,15.6
1772.2,33.85,8.96,217.89,80.5,99.84,Alluvial,412,3,1.0,CoM0265,549.19,6.73,96.4,13.2,41.0,16.7
1771.23,33.94,9.07,217.87,78.79,96.43,Alluvial,407,3,0.87,CoM0265,545.37,6.91,85.2,4.7,40.1,14.1
922.42,27.85,7.02,116.73,45.61,59.06,Sandy Loam,330,4,0.05,Co0238,195.63,6.73,79.2,11.2,21.6,20.1
1240.71,30.93,8.03,156.78,55.1,75.59,Alluvial,360,3,0.74,CoM0265,442.74,6.71,77.3,10.9,29.7,19.5
1214.31,31.22,7.93,158.39,57.7,71.41,Alluvial,365,3,1.0,CoM0265,440.27,6.89,85.4,7.8,29.7,19.5
1250.01,30.97,8.04,157.45,56.31,74.08,Alluvial,364,3,1.0,CoM0265,463.6,6.51,73.6,6.8,35.3,17.7
817.48,26.87,6.84,106.25,40.23,53.47,Sandy Loam,320,5,0.84,Co0238,275.38,6.65,72.9,9.5,25.3,21.8
1152.5,29.29,7.51,135.46,49.09,63.69,Red Soil,344,2,1.0,Co86032,346.33,6.42,74.1,11.8,29.9,19.7
1237.61,31.56,7.82,152.48,57.25,75.54,Alluvial,370,3,0.97,CoM0265,467.47,6.87,84.6,10.5,30.3,18.3
1500.19,32.89,8.78,191.48,68.16,84.88,Clay Loam,387,4,1.0,Co0238,491.34,7.05,89.2,10.3,35.0,16.3
941.14,28.26,7.28,117.05,45.1,59.88,Red Soil,332,2,0.86,Co0238,300.94,6.93,71.3,12.4,25.1,17.9
1781.29,33.88,9.13,218.87,78.22,100.52,Alluvial,410,3,0.96,CoM0265,534.76,6.67,92.1,9.2,39.7,15.4
1350.41,29.77,7.5,139.62,50.66,68.76,Red Soil,352,2,1.0,Co0238,363.02,6.24,80.5,13.9,30.5,20.5
1623.61,32.25,8.6,172.55,65.43,80.9,Clay Loam,375,3,1.0,CoM0265,470.86,6.59,84.1,8.0,36.4,18.5
1530.38,32.77,8.46,187.04,71.36,86.16,Clay Loam,388,3,1.0,Co86032,489.17,6.84,91.1,12.7,34.9,17.1
1551.46,32.74,8.7,190.57,70.42,85.55,Clay Loam,386,4,0.97,Co0238,515.76,6.46,91.3,8.9,34.2,17.5
1320.35,31.34,8.19,165.84,64.34,75.27,Alluvial,374,3,0.99,CoM0265,471.9,6.78,85.8,11.8,32.8,13.8
1251.29,31.33,8.09,165.89,60.73,76.78,Alluvial,370,3,0.88,CoM0265,476.46,7.21,80.6,14.7,36.0,18.2
866.38,26.77,6.89,103.46,40.78,57.09,Sandy Loam,323,5,0.98,Co0238,276.42,7.01,71.9,14.8,24.3,19.5
1267.02,31.17,8.0,157.87,56.61,74.6,Alluvial,364,3,1.0,CoM0265,438.69,7.0,79.3,7.5,29.7,19.4
1739.26,33.73,8.8,210.52,76.34,90.37,Clay Loam,399,4,0.85,Co0238,522.4,6.81,87.2,8.7,37.8,15.8
1738.8,33.71,8.86,206.96,80.12,91.65,Alluvial,413,3,0.97,Co86032,531.69,6.94,88.1,16.1,42.0,20.8
1164.77,31.8,8.04,156.39,60.59,75.19,Alluvial,369,3,0.0,Co86032,319.11,7.12,74.7,7.5,29.8,23.4
930.37,27.69,7.18,113.81,43.9,56.35,Sandy Loam,325,4,1.0,CoM0265,283.42,6.57,69.0,6.3,28.1,19.5
1522.38,33.06,8.64,188.08,67.22,84.67,Clay Loam,388,4,1.0,Co0238,503.07,6.6,88.6,14.9,33.9,15.9
1692.25,33.63,8.77,212.45,77.31,91.79,Clay Loam,399,4,0.87,Co0238,522.03,6.93,92.6,9.6,42.7,14.8
837.55,27.12,6.87,105.96,41.04,53.15,Sandy Loam,323,5,0.9,Co86032,259.68,6.68,70.1,8.5,25.6,18.5
803.02,27.07,6.92,102.95,40.0,51.95,Sandy Loam,322,5,0.89,Co0238,272.31,6.69,74.3,6.8,24.5,24.2
1466.87,32.96,8.68,191.96,69.41,86.01,Clay Loam,386,4,0.94,Co0238,494.64,6.81,96.5,10.9,31.7,16.7
1848.83,34.28,9.1,221.98,80.89,101.45,Alluvial,414,3,0.83,Co86032,537.28,6.59,95.6,8.0,38.5,18.8
1332.33,31.49,8.37,160.4,60.27,77.66,Alluvial,374,3,1.0,CoM0265,464.92,7.04,81.3,6.8,29.6,20.4
974.95,27.78,7.12,120.64,44.02,59.05,Sandy Loam,327,4,0.0,Co0238,193.53,6.82,82.2,11.2,18.7,19.9
1208.18,31.06,7.96,152.26,57.02,73.64,Alluvial,364,3,1.0,CoM0265,420.72,6.98,78.9,5.8,33.9,18.2
1505.39,32.53,8.67,185.74,71.05,84.12,Clay Loam,382,3,0.94,Co86032,491.05,6.89,90.3,11.2,33.9,18.4
1868.95,34.31,9.01,228.54,80.59,103.9,Alluvial,416,3,0.91,CoM0265,573.58,6.42,90.7,9.9,39.5,16.4
1134.83,30.29,7.88,149.8,54.31,71.11,Clay Loam,364,4,1.0,CoM0265,420.94,7.08,83.5,10.8,32.5,22.4
844.32,27.07,6.97,100.16,40.0,54.03,Sandy Loam,321,5,1.0,Co0238,267.9,6.7,76.1,5.5,20.8,17.6
1168.21,30.45,7.87,153.12,57.22,70.35,Clay Loam,365,4,1.0,CoM0265,419.74,6.77,79.6,5.9,34.2,18.9
1708.19,32.54,8.58,194.14,71.69,88.26,Clay Loam,389,4,0.02,Co0238,346.09,6.86,94.2,7.3,36.9,16.1
1660.01,32.29,8.48,173.19,66.44,80.06,Clay Loam,375,3,1.0,CoM0265,474.01,6.85,97.7,9.3,31.3,17.1
1307.28,29.91,7.63,139.25,50.89,64.79,Red Soil,352,2,1.0,Co0238,351.71,7.27,72.4,18.0,33.8,20.9
1445.68,32.73,8.55,176.01,64.83,82.85,Alluvial,380,3,1.0,Co86032,492.31,6.71,86.4,9.0,35.4,18.2
1463.9,32.81,8.36,173.19,65.29,80.24,Alluvial,377,3,0.92,Co86032,497.55,6.71,76.8,9.8,33.6,16.3
1184.32,29.41,7.5,132.06,50.3,62.82,Red Soil,349,2,1.0,Co86032,325.56,6.67,81.0,8.7,22.3,16.6
902.89,27.51,7.41,117.77,43.08,59.91,Sandy Loam,331,4,0.0,Co0238,190.43,7.0,76.5,3.6,31.3,19.5
1772.82,33.38,8.5,203.15,73.69,91.53,Clay Loam,395,4,0.85,Co0238,522.43,6.8,92.0,9.7,34.0,17.1
935.44,26.87,7.13,112.48,40.0,52.9,Sandy Loam,324,5,1.0,Co86032,282.19,6.78,68.0,5.2,25.8,22.7
864.66,26.53,7.0,108.29,41.42,52.44,Sandy Loam,321,5,1.0,Co0238,293.6,6.85,65.6,4.9,20.9,19.3
1646.51,32.11,8.51,172.91,62.79,80.33,Clay Loam,377,3,1.0,CoM0265,451.84,6.78,92.8,7.8,37.2,17.7
1508.2,33.21,8.69,188.0,70.69,86.24,Clay Loam,383,4,0.85,Co0238,492.85,6.52,84.1,8.6,33.0,18.9
1282.61,30.98,8.28,164.3,60.89,77.21,Alluvial,374,3,1.0,CoM0265,465.33,7.08,77.5,9.1,30.4,17.8
996.37,28.84,7.38,132.21,47.23,60.62,Red Soil,336,2,0.02,CoM0265,226.61,6.77,74.0,9.2,27.5,19.3
1777.09,33.56,8.78,217.02,77.44,95.93,Alluvial,407,3,1.0,Co86032,530.96,6.52,88.9,8.2,36.8,14.5
1400.48,31.78,8.18,172.88,66.77,81.71,Alluvial,380,3,0.95,Co0238,494.79,6.76,83.8,15.5,33.7,18.5
1663.75,32.84,8.77,192.92,74.11,90.24,Clay Loam,390,4,0.0,Co0238,341.41,6.46,90.2,11.3,35.6,19.5
1673.1,33.56,8.7,213.04,77.04,91.57,Clay Loam,400,4,1.0,Co0238,516.11,6.94,81.8,9.0,33.1,15.3
1147.48,30.6,7.85,151.69,55.61,69.97,Clay Loam,365,4,1.0,CoM0265,431.41,6.79,74.7,5.9,27.1,18.6
1057.82,29.47,7.4,135.68,48.41,61.58,Red Soil,344,2,0.0,CoM0265,210.62,6.88,86.9,6.8,25.0,19.9
1462.1,32.97,8.68,188.97,69.49,85.46,Clay Loam,390,4,0.95,Co0238,510.01,6.81,88.6,14.4,27.7,17.9
1840.47,34.09,8.99,218.66,81.44,104.58,Alluvial,411,3,1.0,Co86032,554.69,6.89,90.3,13.4,39.4,17.6
1076.37,29.92,7.75,152.58,55.83,69.72,Clay Loam,362,4,1.0,CoM0265,429.4,6.63,72.3,4.4,32.8,18.3
1970.0,35.2,9.1,241.13,84.69,111.68,Alluvial,420,3,1.0,Co86032,561.0,6.85,94.8,8.2,47.0,16.2
1419.38,31.89,8.02,176.59,66.65,83.33,Alluvial,384,3,0.87,Co0238,474.15,6.75,86.7,10.7,32.2,18.0
1880.88,34.61,9.24,233.61,84.82,104.97,Alluvial,419,3,0.0,CoM0265,386.83,6.83,97.8,10.9,39.1,14.6
1320.34,29.98,7.47,133.88,49.94,62.83,Red Soil,356,2,0.98,Co0238,348.27,6.74,80.0,11.3,36.4,19.2
857.22,26.91,6.88,102.26,40.0,51.06,Sandy Loam,325,5,1.0,Co86032,277.02,7.09,74.6,8.7,23.9,19.9
1532.67,32.85,8.57,190.06,70.17,86.0,Clay Loam,384,3,1.0,Co86032,496.63,6.89,83.4,9.6,39.3,18.5
1957.07,34.62,9.17,243.0,83.2,109.23,Alluvial,417,3,0.97,Co86032,566.66,6.77,97.3,14.2,39.8,15.7
813.36,26.5,6.88,100.0,40.0,50.69,Sandy Loam,325,5,0.0,Co0238,195.73,6.7,66.5,8.3,22.1,21.1
1070.02,30.15,7.75,146.63,57.43,71.92,Clay Loam,364,4,0.95,CoM0265,436.2,6.82,71.1,7.0,27.0,19.4
1302.35,29.66,7.44,138.78,49.49,66.07,Red Soil,352,2,0.94,Co0238,357.38,6.86,82.7,10.7,30.8,18.0
1499.1,32.79,8.48,189.93,69.52,84.15,Clay Loam,385,4,1.0,Co0238,504.39,6.97,90.5,7.7,33.1,16.3
1950.33,35.2,9.19,243.0,85.94,110.24,Alluvial,419,3,0.96,Co86032,579.51,7.12,90.5,10.2,44.8,16.2
1043.53,28.87,7.55,129.9,46.94,60.44,Red Soil,337,2,0.0,CoM0265,235.76,6.78,73.7,9.3,29.0,18.7
874.47,27.09,6.9,109.32,43.61,55.6,Sandy Loam,322,5,1.0,Co86032,284.79,6.78,75.9,10.3,25.4,19.7
1238.51,31.8,8.27,159.91,58.23,76.22,Alluvial,369,3,0.03,Co86032,323.61,6.56,84.8,3.1,26.9,19.8
835.5,27.21,6.89,104.5,40.0,52.03,Sandy Loam,326,5,1.0,Co0238,280.41,6.73,64.5,9.4,24.1,21.6
968.46,28.21,7.19,121.14,45.24,58.38,Red Soil,331,2,0.89,Co0238,318.64,6.68,79.9,13.3,25.2,21.2
988.77,28.37,7.39,123.34,46.26,60.86,Red Soil,335,2,1.0,Co0238,313.41,6.65,75.3,7.8,24.4,18.3
1118.33,30.15,7.88,157.19,56.15,72.53,Clay Loam,365,4,0.83,CoM0265,421.22,6.82,71.4,14.3,34.5,19.5
800.0,26.5,7.01,106.86,40.0,50.0,Sandy Loam,320,5,0.05,Co0238,188.4,6.65,73.6,12.8,22.3,18.2
1023.31,28.88,7.58,127.03,46.41,60.4,Red Soil,333,2,1.0,Co0238,325.91,6.87,72.0,7.5,26.0,20.2
1817.67,34.1,9.0,221.92,81.64,101.26,Alluvial,410,3,1.0,Co86032,563.49,7.15,94.8,5.0,33.3,15.5
1691.91,33.03,9.0,202.53,73.89,89.33,Clay Loam,392,3,1.0,CoM0265,501.81,6.43,90.6,7.4,34.6,17.4
1285.54,30.8,8.22,150.97,58.26,69.54,Alluvial,364,3,0.92,CoM0265,450.59,6.75,86.5,14.1,29.2,18.6
1505.49,32.86,8.48,190.45,71.19,82.45,Clay Loam,384,4,1.0,Co0238,489.85,6.88,79.3,7.4,31.9,20.0
1741.84,33.99,8.97,212.72,80.31,99.9,Alluvial,409,3,1.0,CoM0265,527.54,6.86,80.3,7.6,39.7,16.6
921.84,28.31,7.24,125.97,47.01,59.52,Red Soil,336,2,0.9,Co0238,304.99,6.35,81.5,14.8,22.9,19.5
882.76,26.69,6.83,105.26,42.61,52.32,Sandy Loam,321,5,1.0,Co86032,294.07,7.0,78.0,15.0,20.1,17.9
1880.68,34.36,8.89,217.73,81.33,102.21,Alluvial,415,3,0.95,Co86032,543.83,6.54,93.3,5.8,42.4,16.9
931.08,27.78,7.22,114.24,44.12,56.34,Sandy Loam,326,4,1.0,CoM0265,294.78,6.76,72.4,8.8,29.8,21.5
1802.33,33.25,8.74,206.18,79.42,97.48,Alluvial,403,3,0.88,Co86032,512.07,6.94,92.2,10.0,34.3,18.7
1695.48,33.28,8.85,210.3,76.33,94.55,Clay Loam,401,4,0.82,Co0238,507.68,6.96,90.3,11.2,33.7,16.2
1426.14,31.98,8.12,179.25,65.35,82.5,Alluvial,378,3,1.0,Co0238,481.15,6.44,88.5,8.8,36.2,18.8
800.0,26.7,6.8,100.0,40.0,50.77,Sandy Loam,320,5,0.0,Co0238,194.38,6.85,66.0,9.4,21.0,20.0
1001.96,28.57,7.41,125.11,46.0,59.47,Red Soil,333,2,0.95,Co0238,298.24,6.89,74.8,14.0,28.2,17.3
1435.69,32.82,8.71,185.37,69.06,83.43,Clay Loam,386,4,0.9,Co0238,484.54,7.07,94.7,10.3,37.5,17.2
1574.34,33.1,8.92,200.44,76.63,89.36,Clay Loam,395,3,1.0,CoM0265,527.12,6.82,87.5,8.6,34.4,19.1
929.99,27.66,7.12,115.36,45.0,57.68,Sandy Loam,330,4,0.08,Co0238,198.01,6.57,76.2,7.4,22.3,19.6
951.59,27.85,7.12,116.38,43.26,59.71,Sandy Loam,332,4,0.08,Co0238,192.84,7.06,69.7,14.2,24.3,19.6
965.55,28.32,7.29,122.84,45.65,58.33,Red Soil,333,2,0.93,Co0238,315.36,6.93,78.3,14.5,22.0,19.0
1892.82,34.42,9.03,227.42,84.55,106.1,Alluvial,414,3,1.0,CoM0265,556.11,6.91,85.1,9.0,35.1,14.3
1263.33,31.84,8.19,172.36,60.25,77.99,Alluvial,376,3,0.95,CoM0265,485.35,6.6,73.6,14.6,34.3,19.3
976.39,28.51,7.55,119.33,47.11,63.69,Red Soil,338,2,1.0,Co0238,327.42,6.73,75.4,5.8,26.8,20.4
1740.01,33.38,8.78,209.41,78.34,98.71,Alluvial,406,3,1.0,Co86032,527.34,7.03,88.6,10.8,33.6,14.3
1629.53,33.1,8.6,199.5,71.23,86.0,Alluvial,385,3,0.88,Co86032,510.22,6.77,80.8,9.8,39.0,19.5
848.38,26.81,7.08,108.13,40.82,56.79,Sandy Loam,326,4,0.98,CoM0265,313.19,6.68,80.7,9.8,19.9,20.8
1771.56,33.64,9.14,214.64,80.36,98.51,Alluvial,410,3,1.0,CoM0265,534.92,7.01,91.8,8.3,36.4,17.3
1551.44,32.99,8.67,205.56,72.59,85.25,Alluvial,391,3,0.9,Co86032,507.75,6.91,91.2,4.7,36.7,19.6
997.37,28.3,7.23,123.8,46.24,62.77,Red Soil,332,2,1.0,Co0238,315.18,6.64,81.9,12.8,32.6,18.9
800.0,26.64,7.01,100.32,42.38,50.17,Sandy Loam,321,5,0.0,Co0238,189.48,6.83,68.8,17.3,21.7,22.0
1861.23,34.74,9.09,232.66,81.28,102.82,Alluvial,417,3,0.0,CoM0265,384.37,6.94,93.3,11.5,37.7,18.3
1046.79,29.42,7.4,133.26,48.44,62.0,Red Soil,342,2,0.02,CoM0265,231.96,7.38,76.3,10.3,27.5,19.5
1602.37,32.36,8.64,169.57,62.55,78.95,Clay Loam,378,3,1.0,CoM0265,466.55,6.65,96.7,13.8,33.4,18.8
1131.08,29.58,7.75,139.47,50.03,59.95,Red Soil,347,2,1.0,Co86032,317.42,6.64,71.8,4.0,28.9,17.8
1648.7,33.54,8.79,205.95,76.12,92.77,Clay Loam,397,4,1.0,Co0238,527.32,6.98,90.6,10.9,36.9,17.0
1213.93,31.54,7.97,160.09,60.81,75.72,Alluvial,372,3,0.03,Co86032,322.7,6.32,88.6,10.2,27.4,18.6
1041.08,28.85,7.22,130.07,47.49,62.11,Red Soil,340,2,0.0,CoM0265,220.81,7.04,77.1,8.0,28.9,21.8
926.44,27.26,7.03,112.49,43.6,56.43,Sandy Loam,327,4,1.0,CoM0265,296.11,6.75,73.7,10.2,24.8,17.0
1076.11,28.85,7.48,130.28,48.09,61.17,Red Soil,340,2,0.13,CoM0265,222.76,6.94,77.0,8.8,29.3,21.6
1099.76,30.79,7.8,154.93,57.81,67.67,Clay Loam,366,4,1.0,CoM0265,421.9,6.65,79.4,17.2,31.4,21.2
1295.94,31.4,7.97,156.03,59.4,69.46,Alluvial,364,3,1.0,CoM0265,456.82,6.8,78.1,10.8,32.5,19.1
1584.96,32.31,8.43,170.16,65.95,78.75,Clay Loam,377,3,1.0,CoM0265,459.63,6.7,78.7,9.1,37.1,16.6
1798.27,33.78,8.94,213.26,80.39,98.6,Alluvial,409,3,1.0,CoM0265,540.54,6.87,94.2,4.7,39.0,16.3
1083.71,29.19,7.36,132.82,49.47,62.74,Red Soil,342,2,0.02,CoM0265,218.42,7.14,81.3,8.1,29.4,19.4
1627.34,32.38,8.68,194.59,72.45,88.42,Clay Loam,392,4,0.0,Co0238,368.38,6.7,84.8,5.9,37.9,17.7
1970.0,35.2,9.3,240.91,84.63,111.01,Alluvial,421,3,0.99,Co86032,571.13,7.02,97.6,9.5,41.9,16.0
1166.67,30.24,7.69,154.83,55.68,70.53,Clay Loam,364,4,0.93,CoM0265,426.95,6.65,76.8,13.8,30.7,17.1
1970.0,34.5,9.3,243.0,85.48,112.0,Alluvial,421,3,1.0,Co86032,580.4,7.07,97.9,7.3,41.3,14.5
1193.75,31.42,8.19,155.45,59.42,79.14,Alluvial,375,3,0.0,Co86032,315.98,6.52,89.0,10.1,29.1,19.6
1110.53,30.08,7.76,154.74,54.13,69.88,Clay Loam,362,4,1.0,CoM0265,422.87,6.98,80.5,11.9,29.2,16.7
1371.29,31.87,8.44,177.51,70.61,82.47,Alluvial,386,3,0.96,Co0238,476.67,6.93,75.4,8.4,32.0,14.8
1757.19,33.36,9.07,210.19,77.43,93.55,Alluvial,407,3,0.85,Co86032,535.66,6.7,98.0,8.3,36.4,15.3
1692.81,33.24,8.74,201.46,73.52,90.25,Clay Loam,396,3,0.99,CoM0265,507.16,6.95,88.3,8.7,34.6,14.2
838.75,26.87,6.85,105.34,40.0,53.16,Sandy Loam,323,5,0.82,Co86032,280.92,7.15,71.8,10.1,23.3,17.6
1197.04,31.59,8.27,156.58,60.57,76.66,Alluvial,368,3,0.0,Co86032,314.52,6.58,82.4,7.1,27.8,17.7
860.33,26.98,6.9,109.19,40.87,54.27,Sandy Loam,324,5,1.0,Co86032,285.6,6.89,76.8,10.9,22.0,19.7
1169.96,29.39,7.62,134.27,47.84,63.56,Red Soil,347,2,0.97,Co86032,334.98,6.96,78.8,11.1,29.7,19.1
1588.88,32.38,8.52,176.23,63.51,79.63,Clay Loam,379,3,1.0,CoM0265,452.64,6.83,84.7,8.6,39.9,16.3
1810.44,33.74,8.82,217.2,81.72,100.47,Alluvial,412,3,0.94,Co86032,552.94,6.67,98.0,11.3,33.3,15.2
1668.51,33.74,8.83,200.87,78.45,93.69,Clay Loam,400,4,1.0,Co0238,517.12,6.77,83.8,7.4,27.5,15.5
1892.16,34.2,8.89,233.32,81.29,105.01,Alluvial,414,3,1.0,CoM0265,565.35,6.88,98.0,8.8,44.5,14.9
862.21,26.56,6.98,108.73,40.64,55.17,Sandy Loam,321,5,1.0,Co0238,291.69,6.41,83.7,13.5,26.5,18.7
1089.8,30.22,7.94,150.07,52.97,70.52,Clay Loam,358,4,1.0,CoM0265,435.0,6.98,82.2,8.0,30.6,22.3
840.14,27.31,6.8,113.65,40.87,53.24,Sandy Loam,320,5,0.77,Co0238,287.26,6.78,74.1,13.4,24.6,22.6
1265.82,30.98,7.94,152.89,56.63,73.27,Alluvial,364,3,1.0,CoM0265,444.99,6.96,75.6,7.7,33.0,15.2
1270.42,31.44,7.94,159.07,57.99,74.25,Alluvial,362,3,0.94,CoM0265,451.98,6.56,79.4,6.7,30.2,18.0
1199.46,29.87,7.77,140.81,49.89,61.36,Red Soil,347,2,0.93,Co86032,326.7,6.7,76.0,2.9,32.0,22.1
1677.49,33.28,8.86,202.17,72.6,91.59,Clay Loam,394,3,1.0,CoM0265,515.94,6.68,92.7,12.5,36.6,17.8
1288.32,31.37,7.96,155.14,56.58,73.2,Alluvial,368,3,1.0,CoM0265,441.33,6.74,77.5,12.0,31.3,17.5
1695.39,33.31,8.92,201.78,75.56,92.58,Clay Loam,398,4,0.99,Co0238,517.35,6.77,92.4,9.0,33.5,17.0
973.6,28.04,7.12,121.5,46.08,60.3,Red Soil,328,2,0.96,Co0238,317.64,7.1,61.4,10.3,21.5,23.2
1386.5,32.08,8.21,173.34,68.57,84.19,Alluvial,383,3,1.0,Co0238,478.11,6.96,78.3,7.1,28.2,20.7
1421.51,31.81,8.47,171.76,66.11,84.38,Alluvial,377,3,1.0,Co0238,479.69,7.25,84.1,7.9,25.9,18.4
800.0,26.65,6.8,101.93,40.0,50.08,Sandy Loam,321,5,0.89,Co86032,283.44,6.58,59.4,11.7,23.4,20.1
1471.47,32.71,8.61,190.16,71.53,87.18,Clay Loam,383,4,1.0,Co0238,513.12,6.94,85.9,12.0,35.6,16.5
815.56,26.5,6.82,101.94,40.0,51.1,Sandy Loam,321,5,0.0,Co0238,196.23,6.94,76.2,10.9,26.3,19.5
1312.81,31.39,8.11,168.97,61.17,78.57,Alluvial,372,3,0.96,CoM0265,472.95,6.66,80.4,2.3,29.0,17.5
847.93,26.79,7.07,105.16,40.74,51.28,Sandy Loam,324,5,0.87,Co0238,270.18,6.94,68.7,7.5,25.5,20.2
1516.04,32.77,8.6,191.74,71.57,83.17,Clay Loam,378,3,1.0,Co86032,495.27,6.84,76.4,7.7,33.4,17.9
1898.5,34.81,9.0,229.55,82.32,106.31,Alluvial,416,3,0.0,CoM0265,391.77,6.86,93.6,13.4,42.2,17.7
1089.28,29.21,7.42,127.67,50.17,62.96,Red Soil,342,2,0.01,CoM0265,206.75,6.95,81.7,10.7,25.5,19.8
972.71,28.16,7.33,118.37,47.5,60.08,Red Soil,327,2,0.89,Co0238,309.27,6.89,75.8,6.6,22.9,20.2
1722.32,33.26,8.81,209.78,75.88,91.12,Clay Loam,398,4,1.0,Co0238,509.5,6.74,92.5,11.2,36.2,17.0
953.09,28.18,7.3,118.78,44.59,58.96,Red Soil,330,2,1.0,Co0238,311.94,6.37,76.9,15.2,27.9,21.5
1187.96,31.71,8.04,158.72,61.64,73.94,Alluvial,372,3,0.0,Co86032,313.44,7.04,74.2,7.2,30.4,19.7
1720.13,33.57,8.93,214.94,78.41,95.9,Alluvial,405,3,0.97,Co86032,547.52,6.58,91.0,5.5,35.4,17.9
847.32,26.5,6.91,100.0,40.0,50.93,Sandy Loam,320,5,0.03,Co0238,188.4,6.64,67.3,9.8,27.8,22.2
1839.06,34.22,8.96,228.67,82.19,103.5,Alluvial,409,3,0.89,CoM0265,559.07,6.59,96.4,15.5,38.6,16.0
1166.79,29.42,7.67,129.91,48.9,61.51,Red Soil,348,2,1.0,Co86032,328.22,6.95,72.8,7.1,28.9,17.4
1290.47,31.27,8.05,161.73,58.16,72.34,Alluvial,367,3,1.0,CoM0265,454.81,6.52,77.5,8.1,24.5,19.9
1697.74,33.35,8.48,203.56,77.2,91.4,Clay Loam,398,4,1.0,Co0238,523.19,7.03,77.8,7.6,35.7,16.4
800.0,26.86,6.81,100.0,40.0,50.45,Sandy Loam,320,5,0.0,Co0238,198.86,6.93,68.6,7.1,24.5,20.3
900.73,27.76,7.13,115.52,41.78,58.51,Sandy Loam,326,4,0.0,Co0238,198.35,6.68,72.3,12.4,25.0,19.8
1738.27,33.22,8.71,206.15,80.86,96.02,Alluvial,405,3,0.98,Co86032,539.41,6.7,92.7,9.0,43.4,17.7
800.0,26.5,6.8,102.6,40.0,50.95,Sandy Loam,320,5,0.95,Co86032,270.36,6.83,68.9,12.3,27.2,19.4
1408.45,32.09,8.05,168.55,69.61,80.87,Alluvial,374,3,1.0,Co0238,483.85,6.64,79.4,10.2,35.5,17.5
935.18,27.45,7.07,112.52,40.0,56.82,Sandy Loam,328,4,0.05,Co0238,188.4,6.65,63.1,11.4,23.5,18.6
1866.29,33.95,8.99,222.16,81.71,101.79,Alluvial,416,3,0.98,CoM0265,562.17,6.72,92.5,8.9,41.7,18.2
1459.99,32.48,8.65,190.75,68.78,84.01,Clay Loam,384,3,1.0,Co86032,491.55,6.61,82.3,9.6,25.9,18.0
1166.99,30.03,7.87,150.25,56.27,69.54,Clay Loam,362,4,0.93,CoM0265,430.02,6.6,78.7,10.5,29.0,20.4
1351.48,31.67,8.35,170.84,61.28,74.83,Alluvial,373,3,1.0,CoM0265,472.4,7.39,79.9,11.8,30.1,18.9
1496.38,32.9,8.69,191.14,69.55,85.78,Clay Loam,387,4,0.92,Co0238,497.54,6.99,78.0,3.7,38.5,18.5
1903.52,34.95,9.13,237.78,83.64,107.41,Alluvial,416,3,0.0,CoM0265,394.9,6.8,83.9,12.5,39.4,17.8
1230.28,30.88,8.02,157.25,55.53,71.25,Alluvial,365,3,1.0,CoM0265,444.12,6.71,75.3,10.8,28.0,16.1
997.65,28.58,7.35,128.93,46.29,61.38,Red Soil,335,2,0.99,Co0238,321.2,6.52,75.4,13.6,28.3,21.6
821.76,26.53,6.8,105.55,40.0,51.46,Sandy Loam,320,5,0.0,Co0238,188.4,7.02,70.7,8.4,21.8,21.8
1695.25,33.28,8.7,200.9,75.21,93.41,Clay Loam,399,3,1.0,CoM0265,510.5,6.87,89.4,9.7,38.0,15.2
927.7,27.88,7.04,108.72,45.12,58.72,Sandy Loam,329,4,0.02,Co0238,188.4,6.68,73.7,10.3,22.1,19.8
1091.83,28.66,7.23,127.38,49.93,64.81,Red Soil,342,2,0.0,CoM0265,237.97,6.85,81.1,9.7,27.7,21.5
1885.57,34.14,9.04,234.06,82.29,103.13,Alluvial,416,3,0.96,CoM0265,545.78,7.05,91.7,7.5,41.6,14.4
1700.17,32.44,8.53,192.99,73.83,88.8,Clay Loam,388,4,0.0,Co0238,364.99,6.75,87.8,12.5,32.1,16.6
1859.69,34.13,9.12,227.98,81.92,104.12,Alluvial,414,3,0.89,CoM0265,558.71,7.03,98.0,8.4,39.7,16.2
1891.73,34.25,9.02,232.28,81.29,101.0,Alluvial,411,3,1.0,CoM0265,560.87,7.02,98.0,8.8,36.9,15.9
1294.83,29.86,7.52,143.03,52.5,64.47,Red Soil,351,2,0.79,Co0238,357.14,7.22,81.6,14.1,27.7,17.1
801.65,26.96,6.8,106.02,40.0,50.0,Sandy Loam,320,5,0.0,Co0238,190.04,7.01,74.6,7.6,21.8,21.4
812.93,26.85,6.84,101.88,42.73,55.31,Sandy Loam,324,5,0.98,Co0238,285.44,7.01,68.6,13.2,26.3,21.7
1135.55,30.33,7.82,149.99,56.02,69.35,Clay Loam,360,4,0.91,CoM0265,421.17,6.77,79.7,12.8,27.5,21.1
1087.07,28.98,7.29,132.47,47.77,63.01,Red Soil,339,2,0.0,CoM0265,214.78,6.81,80.7,15.7,26.2,20.4
1658.56,32.41,8.5,194.62,70.04,89.91,Clay Loam,393,4,0.03,Co0238,355.55,6.68,88.8,8.7,39.4,16.5
1398.95,30.32,7.57,141.36,50.35,67.1,Red Soil,355,2,1.0,Co0238,356.18,6.75,82.3,12.6,33.7,17.0
1288.11,30.76,8.15,154.13,56.63,71.65,Alluvial,363,3,0.94,CoM0265,427.66,6.76,74.0,10.6,27.5,17.7
1970.0,35.2,9.3,243.0,84.72,111.53,Alluvial,422,3,0.98,Co86032,580.4,6.69,95.2,12.1,44.7,16.7
1247.86,31.9,8.17,154.99,57.75,76.95,Alluvial,371,3,0.0,Co86032,313.92,7.01,76.3,13.0,30.1,18.8
885.86,27.53,6.96,114.48,42.22,58.23,Sandy Loam,328,4,0.0,Co0238,193.67,6.95,70.9,11.4,26.3,19.8
1154.95,29.43,7.41,143.66,48.47,65.6,Red Soil,344,2,0.93,Co86032,324.76,6.76,75.4,11.8,29.2,19.7
1401.61,31.97,8.43,178.29,67.82,83.61,Alluvial,378,3,0.89,Co0238,477.7,6.86,92.0,11.2,33.2,17.9
1682.44,33.06,8.8,204.04,72.3,89.77,Clay Loam,399,3,0.92,CoM0265,507.99,6.6,86.9,11.0,38.2,18.0
1785.59,33.73,8.91,214.36,80.07,98.73,Alluvial,405,3,1.0,Co86032,537.39,6.88,95.5,5.9,38.1,15.5
1307.07,31.56,8.03,167.03,60.44,75.15,Alluvial,375,3,1.0,CoM0265,467.13,6.59,86.0,11.7,25.4,18.8
1227.7,30.45,7.99,160.22,60.28,73.13,Alluvial,368,3,0.91,CoM0265,460.93,6.75,70.2,11.3,29.6,18.8
1706.71,32.4,8.55,197.09,73.5,89.32,Clay Loam,394,4,0.0,Co0238,368.47,7.22,93.3,13.9,37.0,17.0
1777.29,33.66,8.84,213.09,79.23,96.88,Alluvial,406,3,0.94,Co86032,530.5,6.9,95.6,12.8,37.3,14.6
948.93,27.83,7.25,117.35,44.83,55.59,Sandy Loam,330,4,0.12,Co0238,191.75,6.81,66.5,13.1,28.2,20.5
1456.55,32.66,8.52,187.2,68.47,83.0,Clay Loam,385,3,0.92,Co86032,509.56,6.69,84.7,13.5,36.9,16.8
917.3,26.97,7.03,114.17,40.85,53.74,Sandy Loam,327,5,1.0,Co86032,290.05,6.8,77.3,9.7,28.9,20.3
893.5,27.54,6.98,110.44,42.27,55.83,Sandy Loam,320,4,1.0,CoM0265,285.19,7.19,73.5,11.5,30.3,20.0
1730.99,32.5,8.41,192.39,72.29,88.46,Clay Loam,386,4,0.08,Co0238,359.62,7.07,91.9,11.3,42.3,18.1
870.73,27.43,6.99,108.42,40.87,56.84,Sandy Loam,324,5,1.0,Co86032,283.59,6.59,68.1,10.3,22.0,19.8
1900.31,34.59,9.07,234.16,80.15,104.31,Alluvial,416,3,0.0,CoM0265,383.32,6.76,91.2,9.0,38.6,15.3
1430.51,32.71,8.4,177.55,68.19,83.71,Clay Loam,382,3,1.0,Co86032,501.54,6.99,89.7,6.4,35.7,16.6
1914.79,34.81,9.19,232.21,83.72,107.8,Alluvial,416,3,0.13,CoM0265,389.34,6.66,84.3,11.7,35.2,14.8
816.97,26.5,6.81,100.71,40.0,50.0,Sandy Loam,320,5,0.16,Co0238,188.4,6.7,79.3,13.2,21.2,21.1
1250.5,31.24,8.2,158.38,58.91,76.86,Alluvial,370,3,0.0,Co86032,310.06,6.76,63.9,4.4,31.7,20.5
849.33,26.64,6.95,100.64,42.47,50.96,Sandy Loam,324,5,0.07,Co0238,209.52,6.63,74.4,7.9,26.2,22.8
1291.85,31.09,8.02,155.99,57.11,72.9,Alluvial,365,3,0.93,CoM0265,437.18,6.79,89.4,10.2,30.2,19.6
1715.43,33.17,8.72,208.05,77.25,94.84,Clay Loam,403,4,0.9,Co0238,525.91,6.79,96.2,14.0,35.8,15.8
1938.51,35.2,9.28,243.0,85.49,112.0,Alluvial,422,3,1.0,Co86032,571.91,6.73,87.4,10.6,36.0,16.3
1695.6,34.05,8.94,213.88,79.02,100.47,Alluvial,409,3,1.0,CoM0265,544.43,6.44,82.2,6.6,35.3,14.7
1584.5,32.07,8.49,170.89,63.08,80.34,Clay Loam,374,3,1.0,CoM0265,460.05,6.55,84.3,9.0,40.0,18.6
1553.1,32.99,8.59,187.41,72.06,85.35,Clay Loam,393,4,0.95,Co0238,507.8,6.84,85.6,9.7,44.6,19.9
1722.14,32.52,8.58,192.93,75.91,88.92,Clay Loam,394,4,0.0,Co0238,357.41,7.14,98.0,9.0,36.2,14.1
1302.41,30.7,7.8,150.56,52.55,66.84,Red Soil,353,2,1.0,Co86032,362.65,7.23,85.4,6.2,35.6,16.9
1287.89,29.36,7.69,136.8,51.9,65.05,Red Soil,351,2,1.0,Co0238,351.87,6.93,84.6,8.9,29.8,15.8
1675.09,33.27,8.81,198.84,72.95,90.48,Clay Loam,400,3,1.0,CoM0265,510.55,6.79,81.1,8.8,35.0,19.2
1406.23,32.23,8.32,179.04,65.27,78.17,Alluvial,379,3,1.0,Co86032,486.73,6.87,82.9,7.0,30.4,16.1
1543.23,32.81,8.67,198.38,70.66,83.97,Clay Loam,381,4,1.0,Co0238,486.55,7.04,89.5,10.0,41.2,19.0
982.45,27.64,7.07,114.16,42.88,57.11,Sandy Loam,328,4,0.0,Co0238,210.06,6.59,75.4,11.8,28.8,19.3
1503.06,32.94,8.7,194.03,68.89,84.53,Clay Loam,391,4,1.0,Co0238,497.97,6.39,83.8,12.5,39.1,15.5
1088.23,29.22,7.27,133.06,49.41,64.39,Red Soil,342,2,0.09,CoM0265,215.35,6.89,66.9,12.6,27.3,18.9
1263.98,31.3,8.06,165.25,60.22,75.1,Alluvial,373,3,1.0,CoM0265,467.04,7.07,74.1,6.4,30.4,20.0
1395.78,31.89,7.94,184.14,68.66,81.92,Alluvial,377,3,1.0,Co0238,465.84,6.77,91.8,6.6,33.0,21.3
1528.23,32.83,8.64,197.07,70.12,86.53,Clay Loam,382,4,1.0,Co0238,505.75,6.66,90.3,9.5,33.9,17.5
1092.7,29.99,7.88,154.21,54.96,72.23,Clay Loam,359,4,1.0,CoM0265,420.62,6.68,77.2,5.2,23.0,19.4
1662.53,32.7,8.89,204.47,74.6,90.12,Clay Loam,395,3,0.96,CoM0265,521.49,6.8,89.4,7.9,35.1,17.9
1942.81,34.9,9.24,237.7,81.94,106.31,Alluvial,418,3,0.02,CoM0265,409.4,6.67,88.2,10.9,40.2,16.7
999.21,28.24,7.38,120.31,47.04,60.5,Red Soil,337,2,1.0,Co0238,327.0,6.56,70.6,12.4,31.1,19.5
1299.82,31.7,8.12,156.81,60.37,73.78,Alluvial,365,3,0.89,CoM0265,457.58,7.15,85.1,13.6,30.1,19.2
1920.14,34.47,9.07,233.4,82.26,104.69,Alluvial,412,3,0.05,CoM0265,385.68,6.72,92.8,6.5,40.4,13.4
1721.98,33.7,8.9,202.89,76.77,93.05,Clay Loam,401,4,1.0,Co0238,495.45,6.54,78.5,10.5,38.0,17.2
867.34,27.11,7.01,110.83,41.19,56.9,Sandy Loam,320,5,0.88,Co86032,284.47,6.48,65.8,9.7,25.4,21.5
1843.68,33.7,9.0,219.71,81.69,97.89,Alluvial,407,3,1.0,Co86032,547.33,7.01,92.4,9.9,35.8,15.8
1859.44,34.24,8.82,226.53,81.98,103.17,Alluvial,414,3,0.94,CoM0265,567.57,6.73,89.7,8.3,41.1,15.8
1056.58,28.98,7.36,126.87,48.05,64.11,Red Soil,340,2,0.15,CoM0265,212.71,6.39,70.4,5.4,29.1,18.7
1143.66,29.77,7.49,135.21,51.88,63.64,Red Soil,347,2,1.0,Co86032,344.46,6.5,77.4,11.0,29.0,18.2
904.09,27.58,7.13,109.05,43.06,54.12,Sandy Loam,325,4,1.0,CoM0265,289.5,6.77,77.1,7.0,27.1,22.8
806.67,26.5,6.8,100.57,42.36,51.49,Sandy Loam,320,5,0.96,Co86032,287.32,7.11,69.3,9.8,26.5,18.6
1625.62,32.19,8.25,172.71,62.11,79.1,Clay Loam,373,3,1.0,CoM0265,457.38,6.8,84.3,15.0,35.7,15.5
1339.35,31.03,7.72,144.2,52.82,67.48,Red Soil,355,2,0.94,Co86032,367.74,6.68,83.8,12.8,31.8,17.2
1052.69,28.87,7.18,125.44,47.34,60.57,Red Soil,339,2,0.0,CoM0265,222.12,6.7,88.8,14.5,27.2,19.6
1911.34,34.96,9.17,238.89,85.9,110.86,Alluvial,418,3,0.88,Co86032,564.73,6.97,93.9,12.8,34.9,16.4
1007.0,28.53,7.48,123.44,45.7,62.18,Red Soil,334,2,1.0,Co0238,313.08,6.66,77.8,5.4,29.4,20.4
1086.88,29.4,7.38,132.38,45.77,61.51,Red Soil,348,2,0.05,CoM0265,204.81,6.53,69.9,5.9,27.2,20.3
852.2,27.01,7.1,104.42,41.36,53.67,Sandy Loam,321,5,1.0,Co0238,273.75,6.84,64.0,8.4,30.6,20.7
1679.17,32.65,8.73,191.36,71.92,88.39,Clay Loam,389,4,0.08,Co0238,364.4,7.14,86.9,5.9,37.8,19.7
1709.02,33.44,8.83,206.06,76.79,96.81,Clay Loam,405,4,1.0,Co0238,526.16,6.82,89.1,10.3,36.3,15.9
998.81,28.07,7.36,126.82,47.07,58.29,Red Soil,333,2,0.99,Co0238,304.15,6.92,74.5,6.9,27.6,17.3
1223.89,30.73,7.96,157.88,57.73,69.74,Alluvial,367,3,0.95,CoM0265,439.19,6.46,82.6,8.6,22.1,16.5
936.22,27.12,6.98,107.15,45.15,58.47,Sandy Loam,330,4,0.06,Co0238,189.12,6.85,74.3,8.2,26.1,20.0
1140.99,29.39,7.63,130.86,51.54,62.36,Red Soil,344,2,0.83,Co86032,337.6,6.65,68.8,8.9,30.2,18.3
1427.29,32.03,8.33,172.72,70.64,81.08,Alluvial,380,3,1.0,Co0238,497.95,6.96,83.0,12.8,31.3,18.7
1029.3,28.9,7.42,131.46,47.08,62.92,Red Soil,339,2,0.25,CoM0265,216.81,6.96,71.9,9.7,27.6,19.1
986.04,27.44,7.05,106.62,42.53,54.89,Sandy Loam,328,4,1.0,CoM0265,304.52,6.52,74.7,9.9,27.9,20.4
1285.98,30.08,7.65,141.32,52.14,66.74,Red Soil,352,2,1.0,Co0238,338.09,6.58,78.9,14.4,32.3,18.9
1702.22,32.0,8.8,194.49,72.56,88.67,Clay Loam,394,4,0.0,Co0238,362.83,6.44,96.5,15.2,37.8,15.3
901.53,27.19,7.07,100.81,42.43,56.16,Sandy Loam,323,5,0.91,Co86032,263.02,6.65,70.3,8.9,22.8,18.7
1599.68,32.17,8.4,172.37,61.36,76.42,Clay Loam,373,3,1.0,CoM0265,465.18,6.89,87.0,6.8,37.7,14.8
800.0,26.5,6.97,103.35,40.19,53.1,Sandy Loam,321,5,0.0,Co0238,192.37,6.71,75.8,11.3,23.3,19.8
1470.28,32.38,8.49,179.42,65.9,81.33,Alluvial,381,3,0.96,Co86032,493.01,6.68,85.9,11.9,33.8,16.3
1914.53,34.42,9.24,222.8,82.07,105.28,Alluvial,409,3,0.06,CoM0265,394.48,7.11,98.0,11.3,41.0,16.1
1343.42,31.89,8.32,177.17,68.55,82.1,Alluvial,379,3,1.0,Co0238,490.53,6.71,76.1,11.1,34.0,18.1
991.07,28.36,7.5,124.51,47.42,60.84,Red Soil,332,2,0.98,Co0238,326.9,6.67,78.5,10.3,28.7,19.1
1495.28,32.57,8.6,184.47,69.63,84.05,Clay Loam,380,3,1.0,Co86032,507.82,6.93,88.3,6.5,32.0,17.5
1580.88,32.94,8.56,197.88,70.56,85.37,Alluvial,392,3,0.77,Co86032,510.82,6.74,85.5,9.1,36.0,16.2
862.58,26.77,6.9,103.7,40.0,50.0,Sandy Loam,321,5,0.91,Co86032,265.86,6.96,74.8,9.1,28.3,17.9
1531.72,33.21,8.86,190.36,70.17,88.68,Clay Loam,391,4,0.83,Co0238,498.94,6.58,94.7,5.4,39.8,17.5
800.0,26.82,6.8,104.28,40.0,52.03,Sandy Loam,320,5,0.79,Co86032,261.98,6.52,74.3,10.3,22.9,20.4
862.87,26.5,6.8,100.0,40.0,51.46,Sandy Loam,320,5,0.19,Co0238,192.04,7.19,79.7,8.6,19.2,19.5
1851.41,34.57,9.08,230.9,79.52,107.28,Alluvial,415,3,1.0,CoM0265,561.4,6.38,92.3,12.7,42.0,16.6
1069.18,28.82,7.51,136.53,48.86,63.24,Red Soil,342,2,0.0,CoM0265,232.69,6.76,69.6,5.8,29.9,20.5
1755.76,34.19,8.87,221.97,77.13,96.99,Alluvial,413,3,0.98,Co86032,553.09,6.92,92.0,9.8,38.2,15.7
1382.08,31.78,8.32,177.75,66.1,82.98,Alluvial,377,3,1.0,Co0238,474.55,7.08,88.6,13.5,30.9,16.7
1122.37,30.88,8.02,152.89,56.92,73.31,Clay Loam,363,4,0.97,CoM0265,447.53,6.94,76.1,8.3,23.1,16.9
1655.7,32.18,8.78,199.47,71.74,89.22,Clay Loam,387,4,0.0,Co0238,359.2,6.53,85.1,10.5,36.8,14.7
1471.97,32.86,8.69,189.37,70.8,84.55,Clay Loam,384,4,1.0,Co0238,494.75,6.64,79.2,10.3,30.6,16.8
980.13,28.0,7.33,125.61,46.12,61.86,Red Soil,338,2,1.0,Co0238,328.71,6.85,70.0,8.4,20.4,18.1
961.24,28.35,7.49,123.09,45.54,61.39,Red Soil,336,2,1.0,Co0238,326.16,6.73,72.8,11.4,30.0,19.3
977.1,28.44,7.07,117.92,45.75,60.36,Red Soil,325,2,1.0,Co0238,310.92,6.73,86.3,9.9,27.5,19.7
1906.11,34.32,9.0,229.5,82.56,103.97,Alluvial,416,3,0.02,CoM0265,368.43,6.8,91.9,11.2,38.0,15.4
871.33,26.94,7.1,109.47,43.04,56.7,Sandy Loam,325,4,1.0,CoM0265,283.66,7.03,62.3,8.9,25.8,18.1
1710.66,33.31,8.77,201.9,74.43,92.95,Clay Loam,396,4,0.98,Co0238,504.7,6.7,91.1,8.4,37.2,17.9
1649.83,33.02,8.68,205.09,77.63,88.81,Clay Loam,395,3,0.83,CoM0265,506.86,6.77,90.4,7.7,34.6,18.5
1412.1,31.77,8.16,171.6,67.8,83.64,Alluvial,377,3,1.0,Co0238,480.17,6.77,80.1,15.0,35.3,17.7
1190.42,29.24,7.72,130.59,49.98,61.66,Red Soil,348,2,0.96,Co86032,324.69,6.32,73.1,4.9,23.6,19.1
938.98,27.08,7.0,109.4,42.95,56.7,Sandy Loam,325,5,1.0,Co86032,294.47,6.7,70.7,7.6,29.1,17.8
1639.97,33.02,8.84,200.96,75.34,90.76,Clay Loam,397,3,0.81,CoM0265,504.65,6.87,91.9,9.0,30.5,19.0
854.68,26.69,6.9,101.93,40.0,51.72,Sandy Loam,320,5,0.94,Co86032,275.83,7.06,65.7,11.4,27.9,19.3
1790.92,34.07,8.87,219.96,81.45,101.39,Alluvial,413,3,1.0,Co86032,537.48,6.98,90.3,10.7,38.6,18.8
800.0,26.5,6.8,103.74,40.0,50.0,Sandy Loam,325,5,0.97,Co86032,270.07,6.9,75.9,7.7,25.4,19.4
847.44,26.61,6.81,106.96,40.18,51.45,Sandy Loam,320,5,0.91,Co86032,280.06,6.75,67.7,16.5,22.9,20.9
1289.6,31.31,8.07,167.34,61.79,76.17,Alluvial,374,3,1.0,CoM0265,447.04,7.08,78.3,14.2,29.1,18.9
1574.92,32.3,8.43,166.26,62.66,77.61,Clay Loam,370,3,0.9,CoM0265,462.95,6.67,87.0,12.0,42.3,20.2
1516.44,32.94,8.71,197.21,69.97,84.26,Clay Loam,388,4,0.93,Co0238,510.97,6.78,79.3,5.5,34.4,19.4
1217.01,31.36,8.14,158.31,62.34,74.54,Alluvial,370,3,0.05,Co86032,312.05,6.88,74.1,10.7,31.6,18.2
1769.33,33.85,8.87,210.53,80.68,99.29,Alluvial,408,3,1.0,CoM0265,532.05,6.67,90.1,11.1,37.5,11.4
1664.85,32.26,8.58,193.59,72.71,89.92,Clay Loam,390,4,0.02,Co0238,331.76,6.64,93.2,7.3,33.3,18.4
1424.43,31.75,8.17,178.53,67.51,82.77,Alluvial,379,3,1.0,Co0238,471.84,6.69,87.7,11.8,33.0,16.2
823.06,26.66,6.8,101.94,40.53,52.04,Sandy Loam,323,5,0.95,Co86032,274.5,6.9,76.9,11.3,21.3,19.1
1124.22,30.35,7.7,150.15,53.05,68.55,Clay Loam,363,4,1.0,CoM0265,434.28,6.7,67.6,11.6,24.4,17.9
1313.59,29.99,7.56,138.66,49.78,66.4,Red Soil,352,2,1.0,Co0238,333.89,6.88,72.1,9.7,32.4,17.8
1693.69,33.47,9.04,208.48,79.15,93.86,Alluvial,407,3,1.0,Co86032,528.77,6.93,76.0,5.7,38.0,13.9
1716.54,33.74,8.99,215.46,80.0,97.48,Alluvial,407,3,1.0,Co86032,537.62,6.81,87.4,6.0,33.6,16.2
1946.52,34.62,9.3,239.78,83.96,108.98,Alluvial,422,3,1.0,Co86032,575.05,6.63,98.0,8.8,42.9,17.5
1560.13,32.92,8.67,196.75,71.68,87.64,Alluvial,390,3,1.0,Co86032,496.34,6.6,86.1,10.8,36.8,14.2
1970.0,34.92,9.3,243.0,86.0,112.0,Alluvial,422,3,0.82,Co86032,580.4,6.64,84.9,9.4,36.5,15.5
885.97,26.88,6.98,106.76,40.18,54.31,Sandy Loam,323,5,0.87,Co0238,269.28,6.97,75.0,6.5,21.9,23.0
1183.4,29.62,7.77,137.6,48.2,62.96,Red Soil,345,2,1.0,Co86032,340.91,6.33,83.8,9.7,26.3,20.2
1014.1,28.59,7.33,127.04,48.2,60.91,Red Soil,338,2,0.89,Co0238,328.28,6.69,66.9,7.7,31.3,21.0
1017.68,29.11,7.15,130.03,49.92,61.66,Red Soil,342,2,0.1,CoM0265,212.67,6.64,75.5,5.4,26.6,19.8
1688.18,32.35,8.73,197.79,72.24,92.11,Clay Loam,389,4,0.06,Co0238,333.97,6.85,97.0,7.9,31.1,16.6
1883.44,34.18,9.18,228.87,81.72,103.68,Alluvial,416,3,0.86,CoM0265,579.47,7.03,91.3,7.6,42.9,16.8
1180.3,31.18,8.04,163.7,57.99,72.31,Alluvial,366,3,0.88,CoM0265,452.71,6.62,80.6,7.4,28.8,18.3
1652.82,33.2,8.87,201.26,75.67,90.8,Clay Loam,401,3,1.0,CoM0265,512.13,6.76,83.6,5.7,33.3,15.7
1494.52,32.71,8.68,194.86,70.67,83.0,Clay Loam,386,4,0.77,Co0238,502.63,6.74,80.2,13.1,28.7,17.2
1970.0,35.2,9.19,242.2,85.09,110.59,Alluvial,417,3,0.96,Co86032,580.4,6.51,90.6,11.1,40.4,16.4
1341.67,30.33,7.99,141.08,51.21,69.65,Red Soil,353,2,1.0,Co86032,362.93,6.98,83.5,5.8,28.3,18.6
1653.48,32.61,8.82,195.21,72.66,87.35,Clay Loam,392,4,0.0,Co0238,347.94,6.51,95.5,15.4,32.1,18.9
1970.0,35.2,9.3,238.99,86.0,112.0,Alluvial,422,3,0.85,Co86032,580.4,6.74,96.0,7.8,41.2,14.1
1927.13,34.88,9.19,231.88,82.17,108.99,Alluvial,420,3,0.0,CoM0265,391.27,6.83,95.5,7.4,36.5,16.0
800.0,26.54,6.93,100.0,40.99,50.0,Sandy Loam,320,5,0.14,Co0238,196.33,6.86,72.4,13.3,22.4,21.2
891.03,27.14,6.98,116.17,42.92,57.79,Sandy Loam,326,4,0.96,CoM0265,264.73,6.9,72.3,10.2,19.3,19.8
1525.99,33.0,8.59,194.41,73.91,87.93,Clay Loam,387,4,1.0,Co0238,495.55,6.7,75.7,11.3,33.4,18.5
1303.45,29.71,7.4,142.37,49.83,66.05,Red Soil,349,2,1.0,Co0238,355.62,7.01,87.3,10.2,32.7,17.7
1491.15,32.8,8.64,189.38,68.77,83.03,Clay Loam,392,4,0.95,Co0238,503.94,6.87,87.4,8.7,34.6,17.9
1041.0,28.71,7.06,135.04,47.42,59.58,Red Soil,340,2,0.0,CoM0265,208.27,6.52,87.2,5.8,22.9,18.7
1247.18,31.47,8.09,167.05,60.01,78.78,Alluvial,373,3,1.0,CoM0265,473.57,6.93,75.0,13.4,29.4,18.7
1736.29,33.76,8.93,212.51,79.82,99.53,Alluvial,412,3,1.0,CoM0265,531.48,6.81,93.6,12.0,44.4,16.4
855.48,26.5,6.93,100.0,40.04,51.65,Sandy Loam,320,5,0.12,Co0238,208.27,6.77,72.3,16.6,28.5,19.0
1282.15,30.07,7.55,142.38,50.82,66.2,Red Soil,349,2,0.95,Co0238,354.4,6.45,70.6,10.7,33.7,19.7
903.2,26.65,7.05,111.58,41.88,55.1,Sandy Loam,324,4,1.0,CoM0265,300.54,7.11,80.6,7.6,28.0,20.5
1491.28,32.78,8.63,191.25,70.5,87.91,Clay Loam,385,4,1.0,Co0238,502.94,6.89,81.9,7.8,30.3,18.0
1901.41,34.36,9.15,226.05,84.59,106.86,Alluvial,418,3,0.02,CoM0265,401.6,6.92,88.0,8.0,38.5,15.1
1344.1,31.51,8.19,160.09,62.24,77.46,Alluvial,376,3,0.84,CoM0265,469.03,6.94,81.5,12.5,28.0,19.5
1962.23,35.2,9.24,242.41,85.68,107.65,Alluvial,420,3,0.99,Co86032,565.25,6.97,94.5,10.1,40.3,14.8
1468.6,33.27,8.72,192.22,69.92,86.62,Clay Loam,389,4,1.0,Co0238,501.82,6.93,88.9,12.7,33.9,16.4
1788.71,33.7,9.03,216.01,81.3,100.44,Alluvial,411,3,1.0,CoM0265,549.88,6.67,98.0,10.8,34.6,16.7
885.38,27.12,6.97,111.07,40.65,53.27,Sandy Loam,325,5,1.0,Co86032,293.97,7.04,77.0,12.9,29.0,20.9
1387.08,31.93,8.23,173.99,68.82,80.87,Alluvial,381,3,0.87,Co0238,462.78,6.82,79.9,10.5,29.2,18.8
1835.31,34.09,9.01,221.29,81.37,103.57,Alluvial,414,3,1.0,Co86032,551.5,6.77,87.8,8.8,37.4,17.4
1831.16,34.26,8.95,219.43,79.55,100.53,Alluvial,413,3,0.86,Co86032,539.43,6.84,86.9,10.5,36.7,15.6
1756.62,32.95,9.07,211.89,77.91,94.1,Clay Loam,396,4,1.0,Co0238,512.97,6.89,96.3,11.0,38.7,17.2
1535.27,32.92,8.8,192.67,67.62,86.18,Clay Loam,382,4,0.83,Co0238,497.52,6.73,81.9,9.0,37.6,16.5
1615.72,32.18,8.28,173.96,60.2,76.84,Clay Loam,372,3,1.0,CoM0265,466.83,6.78,80.9,4.0,38.5,18.1
976.72,28.6,7.29,126.62,47.01,60.94,Red Soil,339,2,1.0,Co0238,310.78,6.83,71.6,16.0,28.8,20.2
1518.74,33.09,8.6,186.97,68.06,85.72,Clay Loam,386,4,1.0,Co0238,495.33,6.77,85.3,8.9,35.0,19.4
948.68,27.5,6.95,118.32,45.17,57.8,Sandy Loam,328,4,1.0,CoM0265,281.62,6.69,71.0,11.8,27.2,18.1
1454.06,32.71,8.62,193.98,71.62,85.99,Clay Loam,383,4,0.91,Co0238,493.2,6.9,79.2,8.6,30.2,18.9
1822.84,33.77,8.97,208.78,78.74,97.56,Alluvial,406,3,1.0,Co86032,518.48,6.7,95.4,8.8,45.8,16.4
1146.58,31.22,8.2,160.41,60.26,73.84,Alluvial,366,3,0.0,Co86032,323.73,6.72,76.7,12.1,31.1,20.4
850.16,26.5,6.94,107.58,42.3,52.53,Sandy Loam,321,5,0.7,Co0238,274.09,7.35,78.4,7.0,23.4,19.2
1640.34,32.15,8.42,169.84,62.02,78.7,Clay Loam,375,3,1.0,CoM0265,471.62,6.54,86.1,9.3,39.5,13.7
1640.58,33.09,8.93,202.58,74.75,87.37,Clay Loam,395,3,1.0,CoM0265,491.61,6.7,85.2,9.8,36.3,17.8
1345.34,31.92,7.96,178.88,65.95,81.32,Alluvial,382,3,0.99,Co0238,473.28,6.79,83.7,10.0,28.0,18.4
1701.6,33.62,8.65,198.57,73.77,91.19,Clay Loam,395,3,0.96,CoM0265,511.52,6.76,89.7,8.3,41.1,14.9
1496.72,32.65,8.77,182.27,72.32,86.41,Clay Loam,384,3,0.95,Co86032,497.15,6.79,91.2,15.9,34.5,16.5
1077.03,28.99,7.23,133.5,46.12,61.76,Red Soil,345,2,0.06,CoM0265,203.97,6.67,77.4,11.1,34.5,18.3
1517.15,32.77,8.73,190.37,69.12,84.65,Clay Loam,387,3,1.0,Co86032,492.84,6.81,85.8,9.0,37.5,16.4
1205.78,29.34,7.52,134.04,49.98,64.3,Red Soil,344,2,0.88,Co86032,319.61,6.97,73.8,12.0,31.7,20.4
909.39,27.82,7.17,124.48,45.43,58.29,Sandy Loam,331,4,0.0,Co0238,202.78,7.0,72.0,10.8,29.5,21.1
1059.03,29.61,7.57,129.69,48.34,62.03,Red Soil,347,2,0.85,Co86032,337.32,6.39,70.6,10.0,26.0,21.1
914.88,27.26,7.14,111.67,41.55,55.8,Sandy Loam,326,4,1.0,CoM0265,299.38,6.6,78.6,12.3,25.7,17.5
1004.76,27.68,7.04,113.11,43.15,57.74,Sandy Loam,327,4,0.07,Co0238,191.27,6.68,74.3,15.3,24.7,16.9
1169.25,29.55,7.66,134.56,48.09,63.93,Red Soil,342,2,0.98,Co86032,335.55,6.91,81.3,5.8,31.9,19.3
803.99,26.69,7.02,104.31,40.97,53.12,Sandy Loam,320,5,1.0,Co0238,276.24,6.42,70.7,11.8,24.6,20.6
921.32,27.04,6.93,117.53,41.49,57.17,Sandy Loam,328,4,0.94,CoM0265,290.31,6.76,76.1,13.6,32.6,19.0
1948.57,35.12,8.99,240.15,84.92,109.34,Alluvial,422,3,1.0,Co86032,561.67,6.89,98.0,7.9,45.7,16.3
1649.62,33.33,8.64,205.4,76.29,90.24,Clay Loam,400,4,0.82,Co0238,526.49,7.07,85.2,15.1,34.2,17.7
1970.0,34.85,9.14,241.77,85.05,112.0,Alluvial,418,3,0.97,Co86032,580.4,7.22,88.7,3.4,39.2,15.6
1368.8,30.89,7.83,145.31,51.98,68.55,Red Soil,358,2,0.83,Co86032,378.13,6.76,86.1,9.1,34.0,21.5
1918.86,34.21,9.19,229.62,85.67,101.93,Alluvial,419,3,0.0,CoM0265,385.66,6.86,98.0,15.2,44.4,14.5
1902.6,33.96,9.21,222.92,81.83,105.17,Alluvial,413,3,1.0,CoM0265,579.76,6.8,94.0,10.1,39.2,13.9
813.94,26.5,6.94,102.35,40.84,52.03,Sandy Loam,320,5,0.0,Co0238,197.24,7.02,69.6,9.5,22.0,17.9
1874.3,34.55,9.2,234.3,84.19,104.57,Alluvial,415,3,0.0,CoM0265,389.98,6.84,84.0,11.3,44.1,18.0
1528.56,32.3,8.51,183.59,68.66,85.6,Clay Loam,383,3,0.89,Co86032,489.58,6.97,85.2,12.5,42.5,17.5
1109.13,29.21,7.72,127.8,48.66,63.79,Red Soil,346,2,0.83,Co86032,340.47,6.78,71.8,12.5,26.9,18.1
800.0,26.68,6.8,100.0,40.0,50.0,Sandy Loam,323,5,1.0,Co86032,271.19,6.52,60.0,9.9,26.1,18.9
830.44,26.59,6.8,102.9,40.0,50.22,Sandy Loam,320,5,0.0,Co0238,192.47,6.99,66.5,10.2,19.3,18.4
1947.76,34.87,9.17,230.81,83.71,106.16,Alluvial,419,3,0.16,CoM0265,399.76,6.41,97.2,10.8,42.0,19.2
1742.46,33.53,8.85,207.77,78.39,93.79,Alluvial,404,3,1.0,Co86032,518.08,6.86,98.0,12.0,36.8,18.6
1296.05,31.25,8.14,167.13,62.44,75.21,Alluvial,369,3,1.0,CoM0265,465.74,6.93,85.1,4.3,29.7,18.8
1192.17,29.95,7.59,135.0,50.18,64.36,Red Soil,347,2,1.0,Co86032,344.71,7.07,72.0,6.5,27.6,18.4
1640.6,32.07,8.41,164.26,65.49,79.98,Clay Loam,373,3,0.94,CoM0265,476.59,6.69,86.8,13.0,33.3,15.9
1226.33,31.61,8.44,160.64,60.48,77.02,Alluvial,370,3,0.0,Co86032,330.61,6.69,78.6,6.7,32.9,17.8
1712.73,33.6,8.74,207.6,75.94,90.96,Clay Loam,404,4,1.0,Co0238,525.46,6.72,87.4,8.8,37.8,13.2
946.15,28.56,7.53,123.68,46.07,61.47,Red Soil,334,2,1.0,Co0238,320.47,6.91,67.7,8.6,30.6,20.8
1112.75,30.63,7.92,152.91,55.28,69.98,Clay Loam,362,4,1.0,CoM0265,424.12,6.76,81.2,9.0,27.2,20.6
1703.46,33.61,8.81,205.01,76.12,92.28,Clay Loam,402,3,1.0,CoM0265,514.19,6.91,89.7,8.4,37.0,20.5
842.77,27.15,6.86,105.97,43.43,53.48,Sandy Loam,322,4,0.99,CoM0265,292.7,7.15,74.7,5.3,27.7,19.7
1654.84,33.21,8.71,197.9,73.02,91.47,Clay Loam,394,3,1.0,CoM0265,507.12,6.78,89.1,10.2,40.1,17.5
1563.68,32.22,8.41,168.13,61.93,79.69,Clay Loam,378,3,0.93,CoM0265,461.7,6.58,85.8,12.9,38.6,16.3
1544.02,32.96,8.77,194.39,70.52,85.33,Clay Loam,391,4,1.0,Co0238,497.14,6.44,84.4,8.6,33.7,18.8
1451.68,32.54,8.4,182.98,67.2,85.81,Clay Loam,385,3,1.0,Co86032,478.92,6.92,79.6,13.7,34.9,17.3
1188.23,31.76,8.17,161.14,58.53,75.21,Alluvial,372,3,0.07,Co86032,326.78,6.59,77.1,11.3,33.0,18.8
844.78,26.92,6.89,100.77,40.0,51.73,Sandy Loam,321,5,1.0,Co86032,274.19,7.33,79.1,9.1,19.6,23.6
1651.85,32.88,8.76,202.1,75.4,89.24,Clay Loam,398,3,0.88,CoM0265,506.6,7.18,98.0,11.5,35.6,17.2
1731.31,33.71,9.08,212.4,80.27,98.98,Alluvial,405,3,1.0,CoM0265,531.64,6.66,91.3,9.4,32.8,16.4
1406.0,31.72,8.34,183.34,68.04,80.75,Alluvial,380,3,1.0,Co0238,488.02,6.77,81.5,9.4,32.8,16.9
1543.96,32.86,8.75,192.4,73.72,86.99,Alluvial,386,3,1.0,Co86032,533.93,7.07,81.5,10.6,42.2,16.4
898.37,27.55,7.17,118.14,43.96,61.4,Sandy Loam,330,4,0.05,Co0238,199.47,6.64,74.0,9.8,23.5,21.3
882.85,26.88,6.92,111.08,40.0,55.92,Sandy Loam,320,5,1.0,Co86032,276.87,6.65,78.8,15.4,23.6,20.7
1078.25,28.98,7.33,131.52,48.33,63.03,Red Soil,340,2,0.0,CoM0265,214.74,7.07,66.3,12.6,26.4,18.0
1914.31,34.3,8.95,226.27,81.12,103.03,Alluvial,412,3,1.0,CoM0265,543.77,7.15,94.4,15.5,43.0,13.8
1682.04,32.38,8.68,195.98,71.16,87.21,Clay Loam,396,4,0.0,Co0238,349.93,6.51,94.3,7.9,39.9,18.0
1496.14,32.88,8.52,190.18,69.68,86.55,Clay Loam,388,4,1.0,Co0238,517.92,6.96,77.8,14.6,34.0,19.4
834.63,27.17,7.0,104.62,40.64,52.13,Sandy Loam,322,5,0.91,Co0238,284.19,6.83,74.2,10.6,26.8,21.4
869.07,27.11,7.06,104.47,40.0,56.99,Sandy Loam,323,5,1.0,Co86032,290.95,6.93,73.2,10.5,21.5,19.7
1784.94,33.48,8.81,218.64,82.54,100.04,Alluvial,407,3,1.0,Co86032,534.34,6.89,91.5,11.7,36.9,17.3
1455.47,32.37,8.44,178.95,65.51,79.4,Alluvial,380,3,0.95,Co86032,481.52,6.79,76.8,9.0,32.8,18.1
1540.34,32.72,8.64,194.77,67.52,86.13,Clay Loam,381,4,0.94,Co0238,488.03,6.94,87.6,7.0,30.9,17.2
1496.83,32.79,8.46,194.62,70.94,87.61,Clay Loam,386,4,0.87,Co0238,504.73,6.44,80.1,17.5,33.0,17.6
1930.25,34.64,9.06,234.31,83.88,106.49,Alluvial,414,3,0.0,CoM0265,401.33,6.58,89.4,10.9,42.1,16.2
1769.94,33.38,8.97,209.06,75.94,93.61,Alluvial,404,3,1.0,Co86032,543.6,7.13,87.7,9.4,36.7,15.5
800.0,26.96,6.8,102.29,40.0,53.52,Sandy Loam,322,5,0.85,Co86032,258.77,6.95,66.0,12.5,22.6,21.4
846.49,27.35,6.86,114.82,42.43,56.35,Sandy Loam,323,5,0.97,Co86032,296.47,7.22,74.5,6.1,22.0,17.8
1146.27,29.46,7.56,135.61,48.92,64.92,Red Soil,346,2,1.0,Co86032,329.73,6.55,84.0,10.4,29.6,17.9
1628.1,32.77,8.78,204.07,75.34,87.79,Clay Loam,394,3,0.97,CoM0265,496.17,7.15,82.2,9.3,34.1,18.1
1373.89,30.68,7.96,146.5,51.07,67.17,Red Soil,354,2,1.0,Co86032,361.53,6.69,81.9,12.3,26.9,18.3
811.65,26.52,6.8,101.5,40.0,50.0,Sandy Loam,320,5,0.0,Co0238,189.42,6.89,70.4,15.1,26.2,21.2
1534.63,32.83,8.58,192.23,71.67,86.15,Clay Loam,387,4,1.0,Co0238,517.61,6.2,89.1,9.5,32.0,18.7
1258.56,31.21,8.24,164.76,63.55,75.06,Alluvial,371,3,1.0,CoM0265,466.56,6.62,78.4,11.5,28.1,19.2
1725.94,33.61,8.75,210.38,77.75,93.66,Clay Loam,395,4,0.93,Co0238,529.65,6.74,98.0,10.3,37.3,16.1
1388.73,31.72,8.31,172.93,65.4,82.96,Alluvial,380,3,1.0,Co0238,489.23,6.73,81.6,9.9,31.6,17.6
1970.0,35.2,9.3,243.0,86.0,111.08,Alluvial,422,3,0.95,Co86032,577.9,6.68,98.0,10.8,39.4,16.8
1811.26,34.04,8.88,217.21,81.13,101.46,Alluvial,409,3,0.9,Co86032,539.71,7.02,98.0,9.6,37.7,14.2
1272.74,31.73,7.85,171.92,60.27,77.04,Alluvial,376,3,0.97,CoM0265,478.66,6.68,85.0,12.0,31.5,19.4
1304.43,31.58,8.07,165.38,62.72,77.32,Alluvial,378,3,0.8,CoM0265,468.62,6.27,84.6,10.0,32.5,19.3
1260.0,31.68,8.13,160.61,60.58,74.73,Alluvial,369,3,0.0,Co86032,326.14,6.63,76.5,10.6,29.5,22.0
856.31,26.66,6.8,103.34,40.0,50.57,Sandy Loam,323,5,1.0,Co86032,267.99,6.7,69.6,8.2,25.4,19.5
1739.5,32.53,8.62,196.98,72.37,91.67,Clay Loam,391,4,0.0,Co0238,357.65,7.14,92.8,13.3,38.0,12.6
974.62,28.03,7.25,115.53,42.72,60.02,Red Soil,328,2,0.99,Co0238,299.9,6.78,69.0,13.0,26.4,20.3
1118.87,29.92,7.71,134.6,50.02,65.95,Red Soil,348,2,0.92,Co86032,347.52,7.26,73.4,6.5,29.2,20.4
1900.86,34.4,9.06,230.07,81.25,101.6,Alluvial,413,3,0.91,CoM0265,569.5,6.53,95.7,13.0,41.8,17.5
856.32,26.88,6.8,104.34,41.19,52.24,Sandy Loam,324,5,0.99,Co0238,279.7,6.9,75.7,15.9,27.7,17.7
1699.32,33.57,8.77,210.56,78.87,95.78,Alluvial,408,3,1.0,Co86032,533.73,6.61,88.3,2.6,38.1,12.7
1874.49,34.24,9.02,223.21,81.53,100.23,Alluvial,410,3,0.82,CoM0265,563.89,6.4,83.8,8.5,40.4,18.1
1249.17,30.98,7.92,156.73,56.16,72.53,Alluvial,370,3,1.0,CoM0265,448.7,7.03,73.3,11.8,30.2,20.6
1738.1,33.36,8.75,209.1,74.86,94.75,Alluvial,402,3,1.0,Co86032,529.36,7.07,93.3,6.5,35.7,18.1
1838.06,34.0,9.17,227.18,84.4,101.34,Alluvial,410,3,1.0,CoM0265,552.24,6.82,92.2,10.1,36.9,16.1
1954.81,35.05,9.3,243.0,83.99,110.85,Alluvial,422,3,0.85,Co86032,580.4,7.06,92.7,8.6,35.5,15.4
1725.06,32.18,8.54,198.41,73.81,89.85,Clay Loam,389,4,0.01,Co0238,356.58,6.98,88.1,9.1,32.6,17.8
929.3,27.64,7.07,125.19,44.46,57.43,Sandy Loam,330,4,0.03,Co0238,193.12,6.64,71.4,15.0,26.7,18.6
1058.26,29.28,7.29,134.58,49.05,63.04,Red Soil,335,2,0.0,CoM0265,216.03,6.5,76.1,10.1,24.0,17.0
1914.04,34.32,9.25,233.29,84.29,108.08,Alluvial,416,3,0.05,CoM0265,394.14,6.84,91.1,12.3,43.5,13.9
886.18,26.97,6.8,110.83,43.26,50.59,Sandy Loam,326,5,0.91,Co0238,264.45,6.71,70.1,10.4,32.0,19.0
879.43,27.44,7.02,118.99,42.4,58.81,Sandy Loam,330,4,0.07,Co0238,188.4,6.63,75.9,10.4,24.4,17.2
800.0,26.5,6.93,108.55,40.0,53.22,Sandy Loam,320,5,0.08,Co0238,192.02,6.74,74.6,15.7,25.1,19.4
1914.53,34.74,9.3,231.65,80.74,106.13,Alluvial,416,3,0.0,CoM0265,377.41,6.62,87.8,12.7,39.1,13.0
800.0,26.5,6.95,106.54,40.19,53.84,Sandy Loam,321,5,1.0,Co0238,284.93,6.79,73.6,11.9,30.7,20.0
1465.97,32.74,8.61,193.7,70.23,85.47,Clay Loam,388,4,1.0,Co0238,503.23,6.83,86.8,7.9,36.5,17.0
1305.7,29.88,7.49,139.91,49.5,66.88,Red Soil,348,2,0.98,Co0238,354.63,6.85,83.4,10.6,28.6,18.9
1097.14,30.35,7.9,150.02,55.37,67.61,Clay Loam,359,4,0.99,CoM0265,411.18,6.66,73.5,9.9,25.8,21.4
893.45,26.58,7.18,107.89,40.0,52.87,Sandy Loam,326,5,0.99,Co0238,282.59,6.78,72.5,12.2,29.9,18.1
1613.29,32.07,8.47,168.29,64.59,79.71,Clay Loam,376,3,0.81,CoM0265,461.41,6.77,81.4,4.8,34.9,18.1
1423.43,30.21,7.81,144.94,53.17,68.51,Red Soil,354,2,1.0,Co86032,368.71,6.94,82.4,11.1,27.2,16.0
954.45,27.34,7.1,113.54,42.04,57.89,Sandy Loam,328,4,0.0,Co0238,195.88,6.88,78.8,9.1,23.2,18.7
1935.45,35.09,9.3,225.83,82.41,107.41,Alluvial,420,3,0.13,CoM0265,391.46,6.87,95.5,13.9,43.0,17.0
954.5,27.55,6.98,121.43,43.21,58.7,Sandy Loam,328,4,0.0,Co0238,196.29,7.06,69.5,5.4,28.9,17.1
996.08,28.35,7.27,119.45,46.05,59.92,Red Soil,337,2,1.0,Co0238,301.83,6.98,78.9,8.8,26.5,18.0
901.13,27.41,7.06,114.95,42.9,55.93,Sandy Loam,327,4,0.93,CoM0265,289.93,6.78,64.5,12.3,28.5,20.6
1646.34,31.85,8.32,172.13,64.07,80.28,Clay Loam,374,3,0.88,CoM0265,456.96,6.82,81.2,8.4,37.0,14.5
1613.53,31.77,8.45,167.72,63.16,77.68,Clay Loam,372,3,0.96,CoM0265,469.86,6.73,85.9,14.2,37.3,19.5
946.76,27.74,7.25,120.07,41.83,60.19,Sandy Loam,327,4,0.03,Co0238,188.4,7.03,71.7,15.6,24.0,18.2
810.88,27.04,6.91,103.72,40.04,52.62,Sandy Loam,322,5,0.96,Co86032,290.49,7.33,79.0,11.4,23.4,19.0
1970.0,34.13,8.99,230.31,84.12,102.18,Alluvial,416,3,0.95,CoM0265,565.04,6.77,91.3,15.2,42.9,13.1
1606.32,32.28,8.43,170.86,63.15,79.45,Clay Loam,380,3,1.0,CoM0265,463.14,7.09,87.5,4.1,43.1,17.1
944.59,27.65,7.02,121.69,43.08,58.19,Sandy Loam,324,4,0.0,Co0238,200.31,6.43,74.6,10.2,30.1,21.1
1754.05,33.67,8.84,213.74,78.4,94.7,Alluvial,403,3,1.0,Co86032,523.81,6.57,93.6,5.7,33.9,15.0
1858.2,34.13,8.93,222.86,81.03,101.95,Alluvial,413,3,1.0,Co86032,544.62,6.56,95.6,10.2,40.5,16.8
1351.54,31.88,8.22,179.34,68.25,82.15,Alluvial,378,3,1.0,Co0238,475.26,6.56,86.8,9.2,27.9,20.8
909.54,28.04,7.1,125.59,46.37,58.84,Red Soil,327,2,1.0,Co0238,307.55,6.71,72.0,12.7,30.5,22.6
1458.82,32.45,8.5,182.54,69.08,83.46,Clay Loam,382,3,1.0,Co86032,503.92,6.97,85.4,8.7,32.3,16.5
1249.81,31.63,8.06,161.02,60.05,73.25,Alluvial,365,3,1.0,CoM0265,461.32,6.35,72.8,10.7,31.5,17.4
1700.31,32.42,8.76,195.51,73.31,89.85,Clay Loam,387,4,0.01,Co0238,344.25,7.07,92.8,11.8,41.0,17.8
923.28,26.86,6.91,107.02,42.79,54.66,Sandy Loam,328,4,1.0,CoM0265,302.22,6.45,73.6,9.9,23.7,19.4
1709.0,33.36,8.65,203.85,75.31,94.71,Clay Loam,404,4,1.0,Co0238,526.23,6.84,81.7,9.2,36.2,15.0
1705.67,32.31,8.63,195.28,75.73,90.73,Clay Loam,394,4,0.0,Co0238,358.79,6.9,98.0,2.8,38.3,20.0
1765.3,33.58,8.67,216.52,78.41,99.39,Alluvial,406,3,1.0,CoM0265,539.41,6.6,90.5,15.7,38.4,16.2
1687.92,32.08,8.51,168.77,64.1,77.9,Clay Loam,380,3,0.91,CoM0265,475.61,6.84,93.5,6.6,38.0,17.8
1437.79,32.54,8.61,179.28,66.12,80.12,Alluvial,374,3,0.95,Co86032,477.86,6.92,84.4,9.8,33.4,16.7
1129.88,31.32,8.04,155.36,62.7,78.17,Alluvial,368,3,0.06,Co86032,330.6,6.78,79.8,14.2,32.5,19.5
952.81,28.23,7.29,124.88,46.81,57.78,Red Soil,335,2,1.0,Co0238,310.86,6.79,80.6,11.0,30.2,19.6
1564.01,32.85,8.64,196.52,70.17,84.54,Alluvial,391,3,0.9,Co86032,488.58,6.7,88.4,10.3,42.2,19.0
1833.14,34.47,8.83,218.89,81.76,103.18,Alluvial,411,3,1.0,CoM0265,555.52,6.94,98.0,5.2,39.6,16.6
1457.52,31.72,8.36,183.88,66.62,82.67,Alluvial,384,3,1.0,Co0238,489.07,6.83,81.9,7.7,30.2,18.7
1231.02,31.15,7.99,157.21,58.93,69.64,Alluvial,369,3,0.96,CoM0265,437.05,6.66,85.1,10.4,32.3,19.7
1113.9,30.35,7.75,151.85,54.55,70.16,Clay Loam,360,4,1.0,CoM0265,418.06,6.72,82.7,10.5,29.6,17.0
1672.21,33.05,8.77,206.83,74.59,88.65,Clay Loam,395,3,1.0,CoM0265,514.54,6.87,86.4,10.2,35.6,14.7
1417.23,32.46,8.49,179.51,65.59,80.73,Alluvial,380,3,1.0,Co86032,477.97,6.99,80.3,14.3,33.4,18.2
1048.38,30.17,7.76,148.21,55.45,68.12,Clay Loam,360,4,0.99,CoM0265,420.49,6.97,79.3,10.9,28.1,19.2
1734.4,33.39,8.69,206.33,76.64,93.16,Clay Loam,401,4,0.97,Co0238,515.49,6.71,90.0,6.0,42.4,17.9
1241.25,31.7,8.16,156.7,60.81,75.7,Alluvial,366,3,0.0,Co86032,324.54,6.73,77.2,9.8,36.7,21.8
1578.24,31.72,8.45,168.78,62.69,77.05,Clay Loam,379,3,1.0,CoM0265,458.64,6.97,88.5,10.7,38.4,19.3
1253.88,31.43,8.14,170.04,60.07,78.12,Alluvial,369,3,0.98,CoM0265,462.77,6.99,85.2,13.2,31.7,16.8
1196.71,31.74,8.06,154.62,58.69,75.61,Alluvial,368,3,0.0,Co86032,324.74,6.71,85.5,11.5,30.3,20.0
1535.38,32.53,8.57,190.85,70.19,85.21,Clay Loam,387,4,0.99,Co0238,501.93,6.89,90.2,9.4,34.8,16.4
1265.37,31.06,8.28,167.83,63.08,76.38,Alluvial,372,3,1.0,CoM0265,470.78,6.96,75.3,9.5,30.5,20.5
925.99,27.13,7.03,116.57,43.67,56.55,Sandy Loam,328,4,0.02,Co0238,188.4,6.66,70.3,3.4,25.4,19.5
1294.96,29.59,7.43,136.74,48.11,64.76,Red Soil,352,2,1.0,Co0238,347.31,6.98,81.1,12.0,27.2,19.4
1700.19,32.21,8.69,199.48,73.82,88.89,Clay Loam,391,4,0.0,Co0238,360.99,6.53,92.3,5.3,40.1,16.1
1316.22,29.93,7.56,139.28,52.05,66.4,Red Soil,353,2,1.0,Co0238,343.78,6.85,91.2,12.6,32.7,20.1
1403.57,32.0,8.01,173.72,69.71,83.73,Alluvial,373,3,1.0,Co0238,477.91,6.26,88.4,12.2,30.4,19.8
1080.43,29.09,7.44,131.58,47.68,64.96,Red Soil,348,2,0.0,CoM0265,227.86,6.83,80.0,10.6,30.1,21.8
800.0,26.5,6.83,101.52,40.74,50.0,Sandy Loam,325,5,0.1,Co0238,206.74,6.91,65.9,9.6,19.3,20.8
1398.89,31.71,8.21,176.15,68.33,78.53,Alluvial,376,3,1.0,Co0238,472.1,6.72,82.5,15.2,32.9,14.6
1881.56,33.93,9.09,221.24,80.57,103.13,Alluvial,415,3,1.0,Co86032,555.16,7.05,93.1,11.4,36.8,13.8
1276.35,29.66,7.48,140.75,50.51,62.34,Red Soil,353,2,1.0,Co0238,323.98,6.97,75.6,8.6,35.5,19.2
1670.48,32.41,8.59,195.01,75.05,89.6,Clay Loam,396,4,0.17,Co0238,349.04,6.92,86.3,5.0,41.1,16.4
1246.72,31.6,8.26,161.09,57.86,72.75,Alluvial,372,3,0.1,Co86032,317.65,6.85,77.7,11.6,35.1,15.7
1695.68,33.13,8.57,199.03,77.5,93.27,Clay Loam,399,4,1.0,Co0238,517.15,6.45,80.2,6.7,37.3,15.3
1348.26,30.39,8.09,143.74,53.28,67.3,Red Soil,352,2,1.0,Co86032,350.94,6.76,78.7,7.4,29.7,18.4
1034.1,30.99,7.9,148.0,55.08,74.22,Clay Loam,361,4,0.9,CoM0265,440.16,6.9,71.8,7.0,28.3,19.7
1362.97,30.67,7.91,149.84,52.14,65.47,Red Soil,352,2,0.97,Co86032,357.09,6.61,80.3,8.8,33.8,17.6
1736.82,32.84,8.77,193.81,74.48,88.57,Clay Loam,393,4,0.0,Co0238,353.05,6.83,87.8,10.6,37.3,14.1
839.58,27.06,6.89,113.65,42.1,53.4,Sandy Loam,322,5,1.0,Co0238,283.24,6.81,69.8,10.1,19.0,17.7
1830.08,34.08,9.12,223.68,81.69,100.13,Alluvial,416,3,0.96,Co86032,555.77,6.91,85.3,10.6,35.9,13.3
800.0,26.96,6.87,104.22,41.91,50.45,Sandy Loam,325,5,0.94,Co86032,270.04,6.84,76.6,5.9,19.0,19.0
1478.05,32.7,8.56,182.17,72.25,83.72,Clay Loam,378,3,1.0,Co86032,495.85,6.71,84.8,3.5,32.9,21.5
1314.42,31.11,8.12,167.22,61.18,75.12,Alluvial,372,3,0.92,CoM0265,454.71,7.21,82.2,12.8,32.1,19.9
1922.28,34.72,9.19,236.84,81.83,107.04,Alluvial,419,3,0.0,CoM0265,388.69,6.55,91.7,10.8,38.7,17.0
1192.76,31.19,8.19,161.7,60.13,75.66,Alluvial,369,3,0.0,Co86032,309.97,7.04,71.8,17.1,32.2,16.3
1243.53,31.12,8.15,149.27,57.36,71.42,Alluvial,366,3,1.0,CoM0265,443.51,6.62,79.1,9.0,33.2,18.1
1796.35,33.68,8.76,210.64,79.44,98.16,Alluvial,409,3,1.0,CoM0265,539.15,7.27,89.6,17.2,42.7,15.9
1253.21,31.74,8.23,168.41,59.98,75.44,Alluvial,369,3,0.0,Co86032,324.4,6.98,75.1,9.9,37.8,16.5
985.43,27.79,6.96,120.26,46.07,59.27,Red Soil,333,2,0.98,Co0238,317.74,6.69,73.3,12.0,26.9,22.2
1780.01,33.33,8.97,210.12,79.03,97.31,Alluvial,409,3,0.91,Co86032,542.52,6.82,97.3,6.5,40.2,16.5
1621.59,32.34,8.52,173.04,64.31,78.8,Clay Loam,375,3,0.91,CoM0265,483.08,6.87,84.4,11.7,38.3,19.6
1742.05,33.75,8.88,211.78,77.2,97.2,Alluvial,409,3,1.0,CoM0265,534.8,6.84,89.9,6.8,37.5,15.1
1180.88,31.38,8.02,165.95,59.99,74.95,Alluvial,371,3,0.0,Co86032,309.47,6.52,80.6,9.1,29.6,15.9
1351.06,30.74,7.81,143.98,53.12,67.65,Red Soil,350,2,1.0,Co86032,363.35,6.95,78.0,6.7,34.3,20.0
1671.03,33.05,8.58,203.6,74.7,93.72,Clay Loam,397,4,1.0,Co0238,516.48,6.88,90.7,5.6,39.0,17.8
1168.82,29.67,7.69,134.49,48.22,62.67,Red Soil,343,2,1.0,Co86032,340.86,6.51,76.1,6.9,24.6,19.3
1020.45,28.71,7.47,132.23,48.08,61.33,Red Soil,339,2,0.0,CoM0265,229.03,6.4,71.2,8.7,33.7,19.3
1879.13,34.51,9.06,229.07,80.68,102.77,Alluvial,411,3,0.94,CoM0265,549.46,6.82,95.4,9.6,43.0,17.3
900.44,26.74,6.8,114.99,40.79,53.36,Sandy Loam,321,5,1.0,Co0238,282.95,7.15,71.4,9.2,26.5,20.4
1266.57,31.37,8.07,157.6,58.45,72.44,Alluvial,366,3,0.92,CoM0265,452.42,6.82,79.7,12.7,30.5,19.6
1641.94,31.92,8.73,174.8,62.88,79.74,Clay Loam,380,3,0.95,CoM0265,458.78,6.9,88.7,10.1,33.7,16.7
1399.36,32.03,8.21,173.23,67.19,85.87,Alluvial,379,3,0.95,Co0238,491.36,6.98,87.8,11.2,36.8,18.6
1821.12,34.12,8.94,221.66,80.22,100.7,Alluvial,414,3,0.99,CoM0265,538.13,6.45,83.6,12.6,32.8,17.8
1033.17,28.48,7.44,131.25,45.58,61.82,Red Soil,336,2,1.0,Co0238,317.21,6.83,81.1,13.1,23.9,18.4
1344.58,30.46,8.01,143.02,52.18,66.0,Red Soil,353,2,0.88,Co86032,369.56,7.03,88.1,14.6,34.3,18.8
967.87,27.54,7.09,117.22,46.13,59.0,Red Soil,328,2,0.84,Co0238,291.79,6.73,67.1,5.8,28.4,20.8
1970.0,34.15,9.3,242.27,84.7,110.37,Alluvial,422,3,1.0,Co86032,580.4,7.26,93.2,10.7,38.2,18.9
1114.43,30.4,7.84,156.93,56.1,69.96,Clay Loam,358,4,1.0,CoM0265,420.23,6.94,77.4,12.2,21.6,17.1
868.88,27.08,6.96,118.95,42.76,57.95,Sandy Loam,328,4,0.0,Co0238,188.4,6.61,69.9,9.6,24.5,20.6
865.99,26.6,6.92,113.33,41.99,53.23,Sandy Loam,323,5,1.0,Co86032,292.39,6.71,64.3,10.5,23.8,17.9
1333.45,30.04,7.58,138.86,49.2,62.89,Red Soil,352,2,1.0,Co0238,335.73,6.73,81.1,4.7,36.3,16.0
1677.51,33.06,8.73,202.67,75.02,92.17,Clay Loam,401,4,1.0,Co0238,516.6,7.08,94.4,7.4,40.6,17.7
959.35,28.04,7.23,123.04,45.71,60.01,Red Soil,330,2,1.0,Co0238,306.31,6.75,71.6,10.4,28.4,20.1
1848.34,34.27,8.92,227.55,81.32,101.52,Alluvial,410,3,0.92,CoM0265,556.14,6.82,93.3,15.3,38.8,17.7
1812.22,33.8,9.03,216.58,79.02,100.98,Alluvial,415,3,1.0,CoM0265,535.29,6.92,88.2,9.1,38.0,18.4
1557.35,33.08,8.65,200.96,71.79,85.7,Alluvial,391,3,1.0,Co86032,516.94,6.34,84.1,5.1,34.9,20.8
1658.68,33.11,8.6,204.13,75.97,92.62,Clay Loam,396,3,0.84,CoM0265,511.1,6.74,87.8,6.6,39.8,14.5
1487.85,32.48,8.59,184.67,67.45,82.98,Clay Loam,374,3,1.0,Co86032,490.85,7.2,87.6,11.6,29.0,17.2
1129.79,29.52,7.61,132.98,49.02,60.77,Red Soil,346,2,1.0,Co86032,348.76,6.94,86.6,9.9,29.0,20.2
1946.92,34.92,9.09,239.48,85.24,107.57,Alluvial,418,3,0.94,Co86032,572.96,6.82,91.8,8.0,40.5,17.9
939.53,27.15,6.8,107.98,43.05,52.79,Sandy Loam,327,5,1.0,Co86032,286.35,6.62,77.3,10.9,24.9,18.3
815.58,26.87,6.98,101.02,40.42,52.56,Sandy Loam,325,5,0.8,Co0238,270.83,7.0,63.4,6.5,24.9,20.0
1324.18,29.92,7.5,147.08,47.71,66.57,Red Soil,353,2,1.0,Co0238,348.06,6.74,78.4,11.8,31.8,17.7
1254.03,30.82,8.0,152.76,60.52,74.8,Alluvial,365,3,0.94,CoM0265,457.29,6.91,97.1,9.1,30.9,21.5
1579.9,32.15,8.47,173.4,61.66,80.82,Clay Loam,378,3,1.0,CoM0265,460.78,6.77,86.6,8.0,38.3,16.3
1383.84,31.66,8.18,173.92,69.87,80.57,Alluvial,381,3,1.0,Co0238,490.32,6.82,81.1,10.2,32.2,15.6
1155.31,30.33,7.77,152.95,52.43,68.43,Clay Loam,364,4,0.98,CoM0265,419.77,6.75,84.1,10.4,32.4,18.7
1250.56,31.22,8.08,156.97,57.2,72.6,Alluvial,360,3,1.0,CoM0265,453.36,7.05,79.6,7.7,26.8,20.2
881.02,27.13,7.1,109.09,40.0,55.02,Sandy Loam,325,4,1.0,CoM0265,299.28,6.74,69.7,10.1,26.1,19.0
1210.88,31.01,8.03,157.77,58.72,70.9,Alluvial,366,3,1.0,CoM0265,453.3,6.57,84.1,17.0,32.5,18.6
1097.53,30.21,7.75,153.19,53.71,69.3,Clay Loam,359,4,1.0,CoM0265,421.34,6.97,74.3,12.6,29.6,21.1
924.07,27.77,7.25,122.58,43.65,57.27,Sandy Loam,331,4,0.0,Co0238,188.4,6.55,79.3,10.1,28.1,20.5
1747.72,34.11,8.98,214.44,79.04,97.62,Alluvial,403,3,1.0,CoM0265,544.16,6.71,90.4,11.0,40.7,19.4
889.94,27.45,6.97,109.14,41.16,55.13,Sandy Loam,326,4,1.0,CoM0265,267.47,6.77,79.7,8.7,29.0,19.4
804.84,26.5,6.93,103.1,42.4,51.11,Sandy Loam,320,5,0.0,Co0238,188.4,6.94,67.3,8.2,28.5,20.9
867.22,26.74,6.84,100.0,40.0,51.44,Sandy Loam,320,5,1.0,Co0238,280.91,7.24,64.3,10.9,24.0,19.9
1265.28,31.09,8.15,166.82,60.46,78.54,Alluvial,372,3,1.0,CoM0265,459.46,6.6,78.4,11.9,25.2,16.4
1602.48,32.19,8.52,173.37,64.22,78.67,Clay Loam,377,3,1.0,CoM0265,465.87,6.84,92.1,7.9,37.4,17.2
1472.48,32.54,8.58,186.65,68.85,85.3,Clay Loam,381,4,0.88,Co0238,509.58,7.19,90.4,13.2,36.0,18.1
834.0,26.5,6.81,100.0,40.0,51.3,Sandy Loam,320,5,0.0,Co0238,188.4,6.74,72.4,8.3,23.0,21.7
1317.28,29.96,7.56,142.39,50.62,64.33,Red Soil,348,2,1.0,Co0238,367.06,7.02,85.9,10.7,32.1,16.9
1193.98,31.69,8.0,161.75,60.42,74.19,Alluvial,370,3,0.0,Co86032,311.75,6.83,68.4,12.0,28.8,21.9
939.58,27.87,7.23,116.85,45.34,59.36,Sandy Loam,330,4,0.0,Co0238,188.4,6.78,70.1,9.9,28.8,20.8
901.32,27.57,6.97,109.66,42.17,54.02,Sandy Loam,326,5,1.0,Co86032,290.91,6.84,68.9,7.6,30.7,19.9
1878.37,34.95,9.22,231.37,82.67,103.71,Alluvial,414,3,0.0,CoM0265,400.24,6.52,86.6,15.7,39.5,15.4
1089.31,29.28,7.38,127.29,48.4,60.16,Red Soil,337,2,0.04,CoM0265,234.22,6.89,74.1,10.1,29.2,22.4
1686.73,32.66,8.66,197.36,73.54,90.38,Clay Loam,395,4,0.0,Co0238,361.33,6.56,92.1,10.3,36.7,17.3
877.49,27.81,6.99,119.14,40.79,62.05,Sandy Loam,333,4,0.09,Co0238,192.47,6.67,78.5,14.1,23.2,19.9
1459.69,32.72,8.48,187.18,65.95,82.82,Clay Loam,383,3,1.0,Co86032,475.54,6.95,81.0,7.8,36.5,19.6
829.85,26.5,6.8,100.0,40.0,50.0,Sandy Loam,325,5,0.11,Co0238,197.73,6.89,72.3,4.4,21.6,20.9
1175.62,29.71,7.78,135.4,51.31,62.3,Red Soil,346,2,0.81,Co86032,333.48,6.94,76.4,4.5,26.9,16.8
1804.31,33.77,9.13,212.93,79.71,98.1,Alluvial,408,3,1.0,CoM0265,543.29,7.05,91.2,13.8,39.1,15.2
1654.69,32.31,8.45,177.6,64.67,80.31,Clay Loam,377,3,1.0,CoM0265,483.45,6.96,90.9,7.4,41.0,18.9
928.59,28.14,7.19,120.05,43.69,60.33,Red Soil,331,2,0.95,Co0238,316.92,7.12,68.2,8.1,24.4,17.3
1359.75,30.71,7.92,145.73,50.63,69.63,Red Soil,363,2,1.0,Co86032,375.63,6.77,85.2,13.2,27.4,18.7
857.16,26.88,6.86,104.82,42.64,52.1,Sandy Loam,325,5,0.92,Co0238,288.67,6.89,61.3,7.4,17.4,19.4
1837.06,34.33,8.87,226.98,82.36,104.01,Alluvial,413,3,0.87,CoM0265,552.08,6.64,93.4,8.4,41.1,19.9
1537.93,33.06,8.84,191.13,70.22,86.45,Clay Loam,384,4,1.0,Co0238,504.24,6.82,81.6,7.8,32.3,15.2
1812.9,33.91,9.09,220.85,80.84,101.5,Alluvial,414,3,0.96,CoM0265,545.57,6.67,86.8,9.6,43.4,16.1
1333.88,30.01,7.53,136.68,51.83,65.28,Red Soil,349,2,1.0,Co0238,340.27,7.11,88.0,10.0,32.2,16.7
1518.33,32.82,8.7,195.72,68.26,87.3,Clay Loam,385,4,0.89,Co0238,511.28,6.51,91.0,11.9,29.6,19.6
1681.85,33.33,8.69,205.86,76.29,94.09,Clay Loam,403,4,1.0,Co0238,528.26,6.76,85.0,6.7,39.3,18.2
1550.93,32.95,8.55,192.96,73.14,86.5,Clay Loam,384,4,1.0,Co0238,499.38,6.87,88.4,10.6,37.2,16.8
833.08,26.57,7.01,103.95,40.74,51.04,Sandy Loam,320,5,0.04,Co0238,204.83,6.65,80.1,9.1,23.2,19.0
1443.52,31.63,8.44,181.11,69.85,84.57,Alluvial,379,3,1.0,Co0238,490.33,6.41,79.0,7.2,35.5,17.8
1092.39,30.19,7.87,146.32,55.31,71.27,Clay Loam,356,4,1.0,CoM0265,421.51,6.63,76.0,10.3,29.6,21.6
1839.32,34.58,9.08,219.42,81.37,104.65,Alluvial,413,3,1.0,CoM0265,552.77,6.94,95.7,9.9,39.0,16.3
1913.63,34.56,9.05,225.11,82.96,105.26,Alluvial,417,3,0.99,CoM0265,565.83,6.94,95.9,7.4,41.6,16.4
1164.17,30.48,7.67,153.5,56.91,69.37,Clay Loam,360,4,0.89,CoM0265,435.97,6.28,74.9,8.7,29.9,17.1
1399.08,30.87,8.0,150.74,52.81,67.3,Red Soil,356,2,0.93,Co86032,359.02,6.73,77.1,12.0,32.6,17.4
1871.36,34.37,9.03,218.35,80.99,102.24,Alluvial,406,3,1.0,CoM0265,552.61,6.66,88.6,11.0,42.4,14.3
1398.5,31.3,8.41,178.59,69.88,83.1,Alluvial,380,3,0.81,Co0238,483.68,7.04,84.0,10.2,28.2,20.2
1285.63,31.31,8.08,160.65,62.12,78.01,Alluvial,367,3,1.0,CoM0265,477.49,7.04,93.9,11.2,34.0,18.5
1756.84,33.67,9.03,209.58,81.56,97.03,Alluvial,407,3,0.89,CoM0265,553.07,6.96,96.2,6.3,38.3,17.4
800.0,26.77,6.82,100.0,40.42,50.0,Sandy Loam,322,5,0.19,Co0238,188.4,6.75,72.2,8.7,17.7,23.2
1793.99,33.64,8.74,213.61,78.33,98.45,Alluvial,406,3,1.0,Co86032,545.6,7.17,93.8,8.2,38.5,16.2
1309.93,29.63,7.5,142.55,49.04,66.97,Red Soil,350,2,1.0,Co0238,347.63,7.05,70.9,12.4,31.7,17.1
907.37,27.15,7.07,105.84,40.37,53.39,Sandy Loam,323,5,0.98,Co86032,297.27,6.62,70.2,6.4,27.6,21.6
1779.48,33.57,8.94,220.96,77.9,99.75,Alluvial,409,3,0.96,CoM0265,538.24,7.13,94.8,8.1,39.5,12.3
942.48,27.2,7.13,114.06,41.39,54.35,Sandy Loam,329,4,1.0,CoM0265,289.71,6.46,73.1,12.5,25.2,19.8
846.28,26.57,6.93,100.0,41.36,52.84,Sandy Loam,325,5,0.05,Co0238,188.4,6.42,74.7,9.7,21.1,20.2
1506.93,32.9,8.53,181.66,69.15,84.84,Clay Loam,384,3,1.0,Co86032,483.54,6.59,79.6,10.1,30.7,17.0
1807.62,34.37,8.92,217.21,79.79,102.77,Alluvial,412,3,1.0,Co86032,537.94,7.18,88.4,7.7,39.5,17.1
1805.97,33.92,9.08,212.75,78.14,98.01,Alluvial,412,3,1.0,CoM0265,525.7,6.84,82.6,7.2,37.8,16.8
956.64,27.64,7.02,118.43,46.23,58.3,Sandy Loam,325,4,0.0,Co0238,197.34,6.81,76.4,12.0,29.0,19.8
1598.06,32.29,8.57,166.81,62.71,80.56,Clay Loam,377,3,0.97,CoM0265,465.48,6.91,81.4,10.1,36.3,17.8
1705.47,33.24,8.84,209.76,75.36,94.0,Clay Loam,396,4,1.0,Co0238,520.35,6.84,91.4,8.8,41.0,17.9
1819.14,34.32,9.03,221.44,80.23,99.98,Alluvial,412,3,0.94,Co86032,538.92,6.6,92.3,5.6,42.3,17.7
1623.46,32.19,8.6,194.93,70.95,86.11,Clay Loam,389,4,0.06,Co0238,360.55,7.05,82.2,8.9,35.4,12.7
1656.47,32.89,8.66,199.31,77.9,90.65,Clay Loam,399,3,1.0,CoM0265,524.13,6.78,85.4,6.0,35.5,17.1
1363.29,30.76,7.92,142.22,53.91,69.32,Red Soil,354,2,1.0,Co86032,368.57,6.9,83.7,8.8,33.8,18.1
1379.5,30.77,8.19,151.26,53.88,69.99,Red Soil,357,2,1.0,Co86032,377.04,6.74,80.9,13.5,31.0,16.6
1856.81,34.49,9.13,231.73,81.17,104.42,Alluvial,417,3,0.0,CoM0265,402.48,6.75,90.0,13.7,35.0,15.0
1777.92,33.78,9.01,213.12,77.55,103.06,Alluvial,412,3,1.0,Co86032,541.54,7.0,87.4,10.6,38.7,14.9
1782.11,33.95,9.09,216.12,79.37,100.48,Alluvial,408,3,1.0,Co86032,551.3,6.93,95.5,10.1,36.4,15.8
1705.26,33.55,8.94,211.11,78.16,94.39,Alluvial,404,3,1.0,Co86032,512.6,6.86,88.6,12.5,36.1,17.7
895.13,27.27,6.93,106.68,40.2,57.37,Sandy Loam,326,5,0.94,Co86032,274.83,6.83,71.2,7.2,23.3,20.9
1589.0,32.33,8.46,174.95,61.79,78.42,Clay Loam,374,3,1.0,CoM0265,465.48,6.8,86.8,5.5,32.5,17.7
1387.0,31.97,8.32,175.12,69.17,84.33,Alluvial,383,3,1.0,Co0238,482.25,6.8,89.0,10.2,32.0,16.1
1401.25,32.45,8.39,178.22,65.28,79.13,Alluvial,379,3,0.95,Co86032,475.62,6.46,84.7,8.5,27.7,20.0
1159.96,29.66,7.62,137.15,49.23,64.68,Red Soil,350,2,1.0,Co86032,321.47,6.84,79.5,11.8,29.2,18.9
1179.9,29.61,7.62,134.48,49.93,61.66,Red Soil,347,2,0.94,Co86032,337.89,6.86,81.0,9.4,34.9,18.8
1716.13,32.69,8.57,200.74,73.93,92.06,Clay Loam,395,4,0.0,Co0238,345.18,6.72,91.1,12.5,37.5,17.3
1729.74,33.35,8.83,205.12,76.79,96.21,Alluvial,401,3,0.97,Co86032,521.75,6.54,80.1,6.1,37.2,17.6
1914.91,34.49,9.0,229.84,83.84,106.06,Alluvial,420,3,0.07,CoM0265,379.43,6.74,88.0,9.5,38.0,15.3
1020.61,28.59,7.34,119.43,48.19,61.24,Red Soil,331,2,0.94,Co0238,319.88,6.54,76.9,12.5,29.4,19.8
873.62,26.76,7.16,108.55,40.99,50.14,Sandy Loam,322,5,1.0,Co0238,258.4,6.82,70.1,14.5,25.6,16.5
1300.62,31.55,8.15,162.79,61.27,76.64,Alluvial,368,3,1.0,CoM0265,465.75,7.01,86.7,11.6,29.4,19.9
869.95,27.39,6.8,112.79,40.65,53.81,Sandy Loam,322,5,1.0,Co0238,289.76,6.89,69.7,20.8,28.9,21.3
1269.82,31.61,8.09,167.54,62.23,75.39,Alluvial,373,3,1.0,CoM0265,463.15,6.57,83.3,10.7,30.9,17.8
1676.93,32.32,8.59,194.0,73.47,88.75,Clay Loam,396,4,0.01,Co0238,368.2,6.87,98.0,9.1,38.1,15.9
1149.01,29.16,7.7,132.54,48.35,63.41,Red Soil,344,2,0.94,Co86032,341.31,6.83,85.1,14.4,26.3,18.4
1556.52,31.74,8.46,169.23,61.91,77.14,Clay Loam,376,3,0.98,CoM0265,452.79,6.98,85.0,11.8,31.4,19.9
1736.84,33.21,8.69,202.46,78.01,92.25,Clay Loam,399,4,1.0,Co0238,508.51,6.87,90.8,5.6,40.1,16.5
944.51,27.5,7.1,112.37,42.9,53.96,Sandy Loam,326,5,0.74,Co86032,294.57,6.91,67.3,8.9,29.5,19.8
800.0,26.91,6.8,101.16,40.03,51.62,Sandy Loam,320,5,1.0,Co86032,269.01,6.81,72.2,10.9,27.7,18.5
1528.65,33.11,8.79,190.78,70.83,85.4,Clay Loam,379,4,1.0,Co0238,504.33,6.7,82.4,9.8,36.1,14.7
905.83,27.31,7.03,110.4,40.94,53.47,Sandy Loam,327,4,1.0,CoM0265,287.02,7.05,68.9,13.2,24.0,18.9
909.13,28.0,7.42,116.69,45.67,58.58,Sandy Loam,331,4,0.1,Co0238,188.4,6.62,73.4,12.5,26.2,19.2
1274.05,29.84,7.52,135.14,48.27,63.86,Red Soil,353,2,0.95,Co0238,340.88,6.77,89.0,9.5,28.7,18.3
913.03,27.0,6.88,104.32,40.0,52.28,Sandy Loam,329,5,1.0,Co86032,281.4,6.76,69.4,11.4,21.4,18.1
1970.0,35.2,9.3,236.84,84.55,110.09,Alluvial,421,3,0.88,Co86032,578.82,6.94,89.4,7.5,44.4,14.4
1485.61,33.02,8.56,191.41,68.8,83.91,Clay Loam,384,4,1.0,Co0238,512.09,6.89,81.4,7.5,31.0,17.3
1058.08,29.17,7.44,128.65,46.88,60.5,Red Soil,341,2,0.05,CoM0265,205.47,6.65,73.0,7.5,26.7,19.8
1124.75,30.71,7.76,157.28,56.1,70.7,Clay Loam,365,4,0.92,CoM0265,437.97,6.79,86.5,8.9,24.8,18.0
1480.65,33.27,8.59,180.98,68.79,85.99,Clay Loam,382,3,1.0,Co86032,499.96,6.68,70.8,11.9,33.8,19.8
1804.4,34.15,9.19,222.01,79.56,102.63,Alluvial,407,3,1.0,Co86032,532.95,6.79,87.6,9.9,36.3,16.6
905.49,27.48,7.2,113.77,44.03,56.23,Sandy Loam,326,4,0.93,CoM0265,277.37,6.62,68.4,8.5,30.4,19.6
1496.97,32.82,8.64,188.84,71.27,85.47,Clay Loam,382,3,0.95,Co86032,491.72,7.01,84.2,10.5,35.0,18.0
1288.94,31.65,8.23,164.2,60.66,74.56,Alluvial,372,3,1.0,CoM0265,455.89,6.73,72.3,7.9,33.7,16.9
1329.46,31.71,8.16,174.54,63.32,78.0,Alluvial,376,3,0.9,CoM0265,474.69,6.88,79.6,11.4,35.4,17.7
1118.43,30.32,7.76,149.38,56.36,70.77,Clay Loam,360,4,1.0,CoM0265,439.82,6.68,75.4,6.1,27.3,17.6
1723.38,33.4,8.87,208.29,79.14,94.0,Alluvial,406,3,0.94,Co86032,535.53,6.79,89.3,11.5,31.7,18.5
1295.28,30.38,8.04,151.35,50.67,67.45,Red Soil,355,2,0.9,Co86032,366.67,6.95,85.2,12.3,31.5,19.9
1410.84,32.47,8.62,180.23,66.12,79.16,Alluvial,378,3,1.0,Co86032,474.42,6.64,91.0,7.2,35.5,17.4
1679.91,31.86,8.59,196.77,72.34,86.2,Clay Loam,391,4,0.08,Co0238,360.49,6.86,88.6,10.9,37.6,18.7
1794.87,34.82,9.16,221.04,81.78,100.03,Alluvial,414,3,1.0,Co86032,545.19,6.83,93.3,8.5,42.5,16.8
809.93,26.54,6.8,104.28,40.3,51.88,Sandy Loam,320,5,0.0,Co0238,191.11,6.55,69.3,11.4,22.6,21.4
1734.06,33.63,8.88,211.67,77.66,94.62,Alluvial,404,3,1.0,Co86032,529.13,6.54,87.0,8.2,38.7,16.4
1586.16,32.92,8.52,197.05,72.22,86.06,Alluvial,384,3,1.0,Co86032,513.52,6.79,83.6,12.2,32.0,15.2
960.91,27.87,7.11,123.04,43.65,59.33,Red Soil,331,2,1.0,Co0238,288.31,6.9,72.8,14.0,25.9,19.2
1059.88,29.25,7.44,131.94,47.37,60.91,Red Soil,340,2,0.03,CoM0265,223.85,6.61,84.0,11.8,30.0,18.5
1376.58,30.0,7.52,143.15,50.27,65.64,Red Soil,348,2,0.89,Co0238,358.38,6.74,83.6,8.6,33.2,18.4
1469.88,32.99,8.45,185.61,70.13,79.36,Clay Loam,379,3,1.0,Co86032,501.73,6.61,91.7,7.5,33.9,18.9
1742.66,33.66,8.92,205.16,75.8,94.4,Clay Loam,397,4,1.0,Co0238,512.66,6.55,83.5,10.4,37.6,14.8
1389.72,31.42,8.28,171.48,66.18,81.7,Alluvial,384,3,1.0,Co0238,482.18,6.63,84.4,7.5,34.2,18.7
1933.45,35.2,9.3,238.12,85.24,112.0,Alluvial,422,3,1.0,Co86032,567.38,6.76,91.5,12.8,41.7,14.9
1783.37,34.11,9.02,221.27,78.4,101.13,Alluvial,411,3,1.0,CoM0265,548.11,6.94,89.1,12.3,35.9,14.5
1370.37,30.09,7.98,144.02,52.16,67.54,Red Soil,355,2,1.0,Co86032,358.98,6.82,75.0,9.4,29.1,17.0
1970.0,35.2,9.28,242.05,85.98,112.0,Alluvial,421,3,1.0,Co86032,565.04,7.0,93.7,8.6,39.9,15.8
937.42,27.97,7.07,113.99,42.97,58.37,Sandy Loam,327,4,0.01,Co0238,188.4,6.69,63.7,8.5,23.4,20.6
1428.79,32.39,8.59,184.65,65.48,79.27,Alluvial,381,3,0.87,Co86032,495.47,6.54,76.0,6.3,32.9,19.9
1639.41,33.26,8.75,205.31,73.14,91.96,Clay Loam,398,3,0.84,CoM0265,511.79,6.67,80.8,8.8,33.4,18.5
1364.8,30.81,7.84,142.49,50.09,68.74,Red Soil,358,2,0.93,Co86032,373.92,6.94,85.5,11.2,31.7,15.7
1005.35,28.43,7.27,120.47,46.13,60.83,Red Soil,333,2,0.98,Co0238,315.89,6.84,88.2,6.7,30.4,19.0
1158.24,29.95,7.56,133.95,47.92,65.72,Red Soil,347,2,0.86,Co86032,348.63,6.71,69.1,10.3,32.4,20.0
1704.94,34.24,8.99,217.58,78.8,98.66,Alluvial,408,3,0.86,Co86032,530.65,6.86,89.3,11.7,36.8,15.0
894.26,26.88,6.98,108.12,41.26,56.11,Sandy Loam,324,5,1.0,Co86032,292.07,6.98,64.9,10.2,24.9,20.4
1168.43,31.7,7.92,158.64,59.45,73.9,Alluvial,373,3,0.0,Co86032,303.81,7.23,76.0,7.6,32.8,16.4
1240.01,31.68,7.99,161.92,62.47,76.36,Alluvial,369,3,0.09,Co86032,304.16,6.8,83.4,7.0,27.2,16.8
1560.91,32.79,8.49,189.69,68.44,85.52,Clay Loam,389,4,0.84,Co0238,511.18,6.44,78.5,9.5,35.8,18.0
898.09,26.98,6.95,111.23,42.51,56.45,Sandy Loam,325,4,0.85,CoM0265,290.51,6.76,75.5,9.2,24.6,18.5
1731.43,32.95,8.88,201.68,76.13,89.22,Clay Loam,395,3,0.92,CoM0265,515.66,6.58,91.1,10.2,34.6,15.5
1959.63,34.77,9.17,240.23,84.96,110.42,Alluvial,422,3,0.94,Co86032,580.4,7.29,88.8,8.1,36.8,12.7
909.05,27.81,7.33,115.75,41.26,58.77,Sandy Loam,328,4,0.0,Co0238,188.4,6.53,73.2,7.7,30.9,20.2
1498.84,33.2,8.74,193.65,71.55,84.18,Clay Loam,388,4,0.89,Co0238,512.63,6.39,97.6,9.9,31.4,18.7
1340.34,30.01,7.57,147.0,49.92,66.39,Red Soil,356,2,0.97,Co0238,374.32,6.89,79.3,12.4,30.4,15.6
1189.58,29.23,7.66,140.85,50.52,62.68,Red Soil,343,2,1.0,Co86032,341.76,6.81,80.8,7.3,32.0,16.8
945.57,27.35,7.03,118.27,43.69,56.99,Sandy Loam,330,4,0.0,Co0238,188.4,6.87,74.1,11.6,30.0,19.2
1697.99,33.36,8.67,209.57,75.55,89.59,Clay Loam,407,4,1.0,Co0238,531.79,6.99,88.0,10.9,33.2,19.8
1157.29,30.67,7.87,150.2,57.31,71.63,Clay Loam,359,4,0.84,CoM0265,431.74,6.69,79.0,5.8,27.0,18.2
1095.61,30.31,7.82,147.74,55.81,69.91,Clay Loam,360,4,1.0,CoM0265,421.67,7.09,72.8,5.0,25.9,19.5
1599.68,31.99,8.29,174.19,63.46,79.74,Clay Loam,373,3,0.95,CoM0265,451.65,6.86,76.4,12.5,32.2,16.6
1904.55,35.14,9.21,240.34,86.0,112.0,Alluvial,418,3,0.96,Co86032,580.4,6.96,90.4,11.8,37.4,18.0
1442.33,32.65,8.59,190.39,69.89,85.51,Clay Loam,380,3,0.98,Co86032,502.74,6.82,89.2,10.5,30.9,18.0
1540.46,33.03,8.91,192.57,70.4,86.25,Alluvial,388,3,0.96,Co86032,499.99,6.69,93.4,11.5,39.3,22.0
1436.01,31.74,8.3,171.41,64.6,81.49,Alluvial,378,3,1.0,Co0238,484.06,6.6,81.1,7.2,29.5,17.0
1102.15,30.65,7.71,154.89,55.83,71.23,Clay Loam,362,4,0.87,CoM0265,425.85,6.78,70.1,8.6,25.3,22.1
1166.37,29.79,7.58,138.24,50.22,65.9,Red Soil,349,2,0.95,Co86032,332.12,6.31,73.0,13.7,27.6,19.4
1696.94,32.32,8.46,197.39,73.07,88.89,Clay Loam,389,4,0.0,Co0238,345.34,6.61,78.9,8.0,34.3,17.7
1622.43,31.79,8.64,166.92,63.93,79.17,Clay Loam,376,3,0.94,CoM0265,476.19,6.8,81.1,8.8,36.3,18.4
1332.56,30.62,7.94,149.23,50.88,68.21,Red Soil,354,2,0.93,Co86032,345.81,6.96,93.7,13.2,34.4,18.6
1377.33,30.78,7.69,140.89,50.34,66.78,Red Soil,354,2,1.0,Co86032,343.02,6.7,89.4,14.2,37.6,18.5
1531.1,32.76,8.75,195.74,72.12,84.34,Alluvial,391,3,0.97,Co86032,492.63,6.7,82.4,9.5,32.3,18.3
1895.8,34.12,8.89,231.19,81.63,104.71,Alluvial,414,3,1.0,CoM0265,546.57,6.8,92.5,5.1,37.4,19.2
1256.88,31.13,8.04,152.83,59.31,71.21,Alluvial,365,3,0.9,CoM0265,451.77,6.7,80.9,5.8,25.2,21.2
916.31,27.16,7.18,105.55,41.12,58.97,Sandy Loam,327,4,1.0,CoM0265,279.21,6.69,86.1,15.0,31.9,18.8
1291.6,29.81,7.49,137.38,49.01,66.25,Red Soil,352,2,0.95,Co0238,356.2,6.76,83.7,13.9,37.6,19.8
1806.07,34.01,9.02,219.7,80.52,99.19,Alluvial,413,3,1.0,Co86032,533.8,6.96,92.2,7.7,38.3,17.3
1415.91,31.64,8.0,174.2,67.01,82.0,Alluvial,377,3,1.0,Co0238,472.34,6.82,81.7,13.0,33.5,18.6
1403.39,31.51,8.19,181.76,66.57,84.01,Alluvial,383,3,1.0,Co0238,463.87,6.51,83.9,11.2,31.1,16.3
800.0,26.6,6.8,100.0,40.0,53.34,Sandy Loam,320,5,1.0,Co86032,274.66,6.4,68.7,13.5,30.1,19.6
1034.92,27.99,7.46,130.0,47.48,60.91,Red Soil,336,2,0.88,Co0238,315.59,6.72,76.3,8.3,24.9,20.4
930.69,27.34,7.05,111.51,42.02,60.29,Sandy Loam,327,4,0.11,Co0238,188.4,6.73,71.7,7.2,29.8,20.9
1563.48,33.03,8.7,202.26,69.99,85.55,Alluvial,392,3,0.99,Co86032,505.11,7.03,87.0,7.3,33.7,18.2
1141.49,29.53,7.62,133.11,49.73,60.33,Red Soil,344,2,0.89,Co86032,316.96,6.85,80.0,11.3,31.9,20.6
980.88,28.53,7.44,123.99,45.11,60.82,Red Soil,335,2,0.96,Co0238,311.45,6.63,79.0,11.1,24.6,20.5
1915.43,34.56,9.13,232.52,83.18,108.43,Alluvial,418,3,0.0,CoM0265,405.7,6.87,98.0,11.4,45.5,15.6
1096.54,30.04,7.67,149.22,56.93,73.37,Clay Loam,360,4,0.9,CoM0265,411.78,6.49,70.6,9.8,26.5,18.7
1771.45,33.76,9.07,208.11,76.33,96.03,Alluvial,406,3,0.88,Co86032,526.56,6.37,97.3,10.8,36.6,14.6
1537.01,32.72,8.68,196.62,70.75,86.85,Alluvial,387,3,1.0,Co86032,505.89,6.82,95.9,8.5,36.4,16.7
1032.66,28.36,7.3,129.49,48.38,60.24,Red Soil,337,2,0.97,Co0238,305.2,6.87,75.1,8.0,27.3,19.0
1109.48,29.02,7.68,138.58,49.5,64.26,Red Soil,344,2,0.94,Co86032,333.3,6.63,70.2,8.1,35.3,21.4
1292.36,30.78,8.04,152.19,58.89,71.31,Alluvial,367,3,1.0,CoM0265,438.25,7.0,81.5,8.6,33.4,18.1
1035.8,28.89,7.44,129.68,48.34,62.13,Red Soil,340,2,0.08,CoM0265,207.62,6.91,83.8,9.3,30.1,15.2
1102.13,30.34,7.88,156.9,57.63,68.96,Clay Loam,365,4,0.96,CoM0265,440.45,6.88,83.9,6.2,26.2,19.4
824.08,26.66,6.81,104.3,40.0,50.26,Sandy Loam,320,5,0.0,Co0238,188.4,6.41,74.0,9.0,25.9,20.6
1472.73,32.96,8.51,173.23,66.14,79.67,Alluvial,380,3,0.78,Co86032,485.36,6.72,90.6,12.2,28.8,19.7
1423.43,32.24,8.5,179.72,66.64,82.96,Clay Loam,377,3,1.0,Co86032,487.64,7.1,80.6,11.7,31.4,17.7
1638.69,32.94,8.87,204.15,77.22,90.24,Clay Loam,394,3,1.0,CoM0265,498.98,6.82,83.4,9.5,37.3,17.5
929.47,27.82,7.13,118.03,44.4,60.33,Sandy Loam,326,4,0.1,Co0238,201.61,7.06,78.8,6.1,22.7,20.8
1076.66,29.0,7.33,135.79,51.52,61.49,Red Soil,337,2,0.0,CoM0265,241.49,7.13,80.9,8.2,30.3,19.5
1067.36,29.28,7.34,127.16,47.64,60.52,Red Soil,343,2,0.0,CoM0265,224.52,7.12,90.6,6.0,30.0,19.2
1742.81,33.07,8.74,213.97,78.85,95.78,Alluvial,404,3,0.97,Co86032,514.14,6.93,94.1,6.5,34.2,17.1
1731.09,33.76,9.06,208.0,76.77,95.39,Alluvial,411,3,0.92,Co86032,528.19,6.69,93.1,15.9,37.7,18.4
800.0,26.78,6.9,102.72,40.91,52.17,Sandy Loam,320,5,0.0,Co0238,209.8,6.9,73.3,11.1,20.3,23.1
975.07,28.32,7.14,123.33,46.14,60.56,Red Soil,339,2,1.0,Co0238,330.79,7.08,70.0,6.5,26.4,18.0
1343.37,30.76,7.95,145.32,52.68,68.12,Red Soil,359,2,0.95,Co86032,374.39,7.16,86.4,11.2,29.4,19.2
1030.01,28.4,7.41,123.84,44.55,60.89,Red Soil,334,2,1.0,Co0238,318.82,7.06,75.3,12.1,31.0,18.9
1422.55,31.84,8.38,172.83,66.41,83.32,Alluvial,375,3,0.97,Co0238,484.14,6.52,89.9,9.5,35.3,19.4
1537.17,32.78,8.75,189.89,70.7,87.05,Alluvial,392,3,1.0,Co86032,480.03,6.8,87.3,7.0,30.6,17.8
1778.97,33.72,8.97,211.94,77.15,97.27,Alluvial,411,3,0.96,CoM0265,539.27,6.68,88.4,8.0,36.4,14.7
1944.49,35.2,9.16,243.0,84.49,111.28,Alluvial,420,3,1.0,Co86032,576.65,7.05,89.4,7.2,35.6,14.3
1343.76,30.04,7.47,140.43,49.11,62.32,Red Soil,353,2,0.96,Co0238,351.97,6.72,83.3,12.3,33.8,19.9
1577.31,32.7,8.66,194.46,70.49,84.1,Alluvial,387,3,0.99,Co86032,514.91,6.78,86.6,10.5,34.8,18.0
1335.06,30.69,7.96,143.08,53.0,68.22,Red Soil,351,2,0.94,Co86032,359.09,6.86,79.0,12.3,28.5,17.3
1756.48,34.05,9.04,216.65,81.08,98.09,Alluvial,408,3,0.87,Co86032,547.7,7.02,95.5,11.1,35.2,15.2
1035.48,28.8,7.38,130.85,48.99,64.66,Red Soil,337,2,0.0,CoM0265,228.68,6.79,86.3,10.4,25.7,20.0
1819.01,34.15,9.09,220.29,79.15,99.85,Alluvial,408,3,1.0,CoM0265,546.02,6.73,91.6,12.1,36.8,17.6
1273.85,29.83,7.5,135.67,48.46,65.56,Red Soil,348,2,1.0,Co0238,364.6,6.72,90.7,9.8,32.8,19.7
1082.62,30.18,7.69,147.21,52.93,68.86,Clay Loam,364,4,1.0,CoM0265,440.83,7.04,78.8,11.6,28.4,17.4
1792.31,33.85,9.06,219.87,77.19,100.65,Alluvial,410,3,0.92,Co86032,526.38,6.83,92.7,10.3,38.3,14.9
1880.99,34.46,8.98,229.48,82.72,107.44,Alluvial,416,3,0.01,CoM0265,403.52,6.76,96.0,13.6,40.1,16.6
1367.01,30.43,7.78,146.56,51.57,66.94,Red Soil,358,2,1.0,Co86032,346.94,6.51,84.8,9.0,28.9,19.4
1077.7,30.16,7.9,151.79,53.96,72.56,Clay Loam,358,4,1.0,CoM0265,413.82,6.78,75.9,11.7,22.5,18.9
1119.42,30.45,7.71,154.43,56.34,69.63,Clay Loam,362,4,1.0,CoM0265,423.48,7.13,76.5,12.4,25.6,18.9
1910.54,34.61,9.06,234.31,83.37,106.15,Alluvial,417,3,0.09,CoM0265,416.59,6.67,98.0,7.4,38.4,18.1
1646.54,32.97,8.67,205.64,75.96,89.73,Clay Loam,400,3,0.92,CoM0265,516.31,6.54,85.9,6.4,33.8,17.3
800.0,26.5,6.8,100.05,41.02,53.54,Sandy Loam,320,5,0.95,Co86032,273.29,6.47,73.6,4.0,25.2,20.5
1955.51,35.2,9.25,238.61,84.5,110.02,Alluvial,419,3,1.0,Co86032,564.43,6.36,97.4,13.3,41.1,13.4
1938.75,35.09,9.19,237.4,86.0,112.0,Alluvial,421,3,0.94,Co86032,578.46,7.2,98.0,9.8,39.9,15.3
1309.3,30.35,7.88,142.46,53.93,67.72,Red Soil,356,2,1.0,Co86032,356.55,6.95,87.7,9.5,27.5,20.3
1808.49,34.25,8.83,222.18,82.81,101.75,Alluvial,408,3,0.94,Co86032,568.54,7.13,94.8,9.0,42.2,14.6
866.05,26.63,6.94,105.01,40.13,52.19,Sandy Loam,322,5,0.83,Co86032,285.06,6.95,64.9,9.6,23.1,21.5
1822.63,34.4,8.92,227.37,80.88,102.36,Alluvial,414,3,1.0,CoM0265,565.7,7.07,91.4,13.6,37.8,17.5
1722.41,32.49,8.61,200.53,73.42,88.0,Clay Loam,391,4,0.02,Co0238,355.05,6.66,90.4,10.2,40.6,15.9
1709.63,32.02,8.55,188.52,71.93,91.08,Clay Loam,395,4,0.01,Co0238,359.61,6.56,90.4,3.6,29.6,16.1
1928.47,34.21,8.75,227.96,80.81,103.15,Alluvial,411,3,0.96,CoM0265,551.56,6.75,91.2,6.9,43.9,14.5
902.78,27.26,6.92,113.61,41.47,55.64,Sandy Loam,325,5,0.98,Co86032,290.31,6.8,77.1,7.5,20.5,18.3
1480.83,32.6,8.54,186.12,66.98,79.46,Alluvial,382,3,0.83,Co86032,491.4,6.69,81.2,8.3,31.5,20.5
908.7,27.27,7.07,108.88,41.99,56.0,Sandy Loam,322,4,0.89,CoM0265,282.73,7.01,83.3,7.3,25.5,19.0
1703.88,32.8,8.54,194.01,74.74,91.3,Clay Loam,391,4,0.0,Co0238,379.52,6.54,84.5,13.9,36.3,18.7
1916.84,34.77,9.19,232.46,83.6,104.57,Alluvial,415,3,0.14,CoM0265,376.39,6.69,93.5,7.4,37.6,16.7
1665.61,32.65,8.58,172.83,62.18,76.68,Clay Loam,377,3,0.97,CoM0265,468.35,6.66,87.2,10.0,44.3,13.5
1154.87,30.42,7.81,149.08,56.8,73.61,Clay Loam,366,4,1.0,CoM0265,418.21,6.61,73.7,8.8,23.4,19.1
1342.51,30.05,8.1,142.38,50.61,69.61,Red Soil,352,2,0.88,Co86032,357.91,6.74,78.1,12.6,36.1,17.0
998.74,28.45,7.37,129.26,47.51,60.75,Red Soil,334,2,1.0,Co0238,312.4,6.51,68.4,12.0,22.9,18.9
1352.95,30.72,7.84,149.86,51.51,69.6,Red Soil,357,2,0.99,Co86032,354.6,7.0,91.0,7.0,33.6,18.8
1776.47,33.6,9.13,206.37,80.17,96.84,Alluvial,409,3,0.81,Co86032,535.08,6.87,79.6,15.8,38.9,17.6
1126.38,30.09,7.67,132.52,48.95,63.59,Red Soil,341,2,0.93,Co86032,342.48,6.74,85.3,11.1,29.5,22.0
1020.09,28.35,7.06,130.21,44.91,61.98,Red Soil,332,2,0.9,Co0238,311.28,6.7,78.2,10.7,29.2,19.5
1970.0,35.2,9.2,243.0,86.0,111.53,Alluvial,422,3,0.98,Co86032,570.54,6.57,91.2,10.5,40.7,15.2
1482.96,32.61,8.57,183.06,64.71,80.47,Alluvial,381,3,1.0,Co86032,496.66,6.73,85.4,10.6,33.0,18.8
1040.38,29.06,7.31,133.75,47.9,63.12,Red Soil,341,2,0.09,CoM0265,234.37,6.68,84.9,9.6,24.1,19.6
1451.71,32.32,8.57,185.11,69.62,86.25,Clay Loam,381,3,1.0,Co86032,492.26,6.64,87.7,9.3,30.9,18.0
1773.85,33.81,8.67,211.11,77.22,94.37,Alluvial,404,3,0.79,Co86032,529.48,6.85,89.5,6.3,36.9,18.6
1970.0,34.96,9.3,234.52,85.18,112.0,Alluvial,420,3,0.85,Co86032,566.69,6.69,96.5,9.3,39.4,17.9
1903.65,34.11,8.93,232.04,82.98,101.01,Alluvial,416,3,1.0,CoM0265,556.52,6.71,91.5,12.3,38.1,17.0
1750.51,33.07,8.85,203.93,75.07,93.74,Clay Loam,402,4,1.0,Co0238,515.32,6.97,91.6,12.9,36.2,14.5
800.0,26.5,6.8,100.0,41.65,52.27,Sandy Loam,320,5,0.0,Co0238,196.37,6.76,70.0,13.5,25.5,18.2
1193.66,29.62,7.68,138.28,48.8,63.12,Red Soil,349,2,1.0,Co86032,341.29,6.93,78.2,9.9,32.2,19.9
1333.7,30.18,7.5,140.88,50.03,66.59,Red Soil,350,2,0.88,Co0238,344.12,7.01,77.4,9.9,31.9,17.1
1530.41,32.89,8.52,193.26,68.91,83.96,Clay Loam,387,3,1.0,Co86032,486.56,6.82,78.8,17.5,35.4,18.7
1059.32,29.25,7.56,128.72,47.03,64.13,Red Soil,344,2,0.11,CoM0265,222.69,6.78,78.8,5.4,29.5,20.3
854.26,26.69,6.91,104.16,40.0,51.9,Sandy Loam,320,5,0.87,Co0238,276.57,6.66,74.0,11.8,25.8,19.6
1592.43,31.75,8.52,169.6,62.17,78.57,Clay Loam,375,3,1.0,CoM0265,456.69,6.85,86.4,10.3,35.5,20.1
1347.1,30.95,7.79,145.78,55.01,69.23,Red Soil,358,2,1.0,Co86032,371.11,7.17,91.8,10.9,32.0,18.3
1813.66,34.07,9.06,227.41,81.63,105.36,Alluvial,414,3,0.97,Co86032,565.58,6.96,88.7,8.0,36.6,17.1
1669.55,33.67,8.86,206.73,74.9,92.55,Clay Loam,399,3,1.0,CoM0265,507.89,6.49,89.0,11.6,37.0,16.8
1690.46,33.76,8.97,200.44,76.8,94.35,Clay Loam,397,4,1.0,Co0238,519.28,6.52,92.5,11.3,39.6,17.7
1147.57,29.18,7.49,136.46,49.78,64.5,Red Soil,344,2,0.93,Co86032,340.9,6.82,75.7,8.0,27.6,18.9
1368.67,30.11,7.63,144.74,50.09,68.23,Red Soil,351,2,0.87,Co0238,351.02,6.91,86.2,14.7,34.0,18.3
953.07,28.63,7.39,126.25,46.36,60.12,Red Soil,332,2,0.87,Co0238,315.28,6.61,78.2,8.2,29.2,20.6
882.76,27.63,6.94,111.82,41.55,56.78,Sandy Loam,322,4,0.94,CoM0265,287.26,6.29,82.8,2.5,26.9,17.9
1077.32,29.93,7.73,149.23,57.22,69.31,Clay Loam,361,4,1.0,CoM0265,414.72,6.57,71.4,8.1,24.6,19.8
1218.72,30.69,8.05,155.33,56.92,69.78,Alluvial,369,3,1.0,CoM0265,438.99,6.3,83.2,11.1,28.9,20.5
876.1,27.33,6.95,110.98,43.3,57.26,Sandy Loam,326,5,1.0,Co86032,283.91,6.49,67.5,10.0,25.4,20.2
1102.97,28.95,7.28,133.83,48.44,66.8,Red Soil,337,2,0.14,CoM0265,248.24,6.76,75.5,10.4,26.1,16.1
898.24,27.14,6.8,108.03,40.0,54.72,Sandy Loam,320,5,1.0,Co86032,270.64,6.99,75.5,11.1,27.8,19.2
1454.38,32.72,8.46,180.23,64.09,81.22,Alluvial,381,3,1.0,Co86032,483.51,6.83,80.6,14.0,31.5,21.1
1192.81,31.41,8.01,153.99,60.92,75.96,Alluvial,371,3,0.0,Co86032,321.18,7.06,80.4,10.6,27.7,19.5
828.17,26.5,6.8,102.2,41.01,53.68,Sandy Loam,326,5,0.94,Co86032,276.26,6.65,77.5,17.4,24.8,20.5
1900.17,34.46,9.16,225.41,84.39,104.04,Alluvial,414,3,0.17,CoM0265,391.73,6.59,98.0,8.7,34.8,16.9
893.59,26.92,6.93,107.51,42.87,53.59,Sandy Loam,325,4,0.98,CoM0265,297.28,6.55,59.8,6.0,26.9,18.0
1735.86,31.97,8.74,189.18,70.41,85.63,Clay Loam,391,4,0.0,Co0238,357.06,6.89,89.9,9.5,43.0,16.7
888.24,26.72,6.92,103.86,40.0,50.65,Sandy Loam,321,5,1.0,Co0238,293.3,6.5,71.6,8.2,25.2,21.9
904.11,26.9,6.88,105.7,40.0,54.13,Sandy Loam,326,5,0.95,Co86032,293.64,6.8,79.4,9.5,25.1,20.6
1718.88,33.65,8.96,205.63,77.05,93.73,Clay Loam,400,4,0.99,Co0238,531.68,6.94,93.4,9.4,43.0,17.5
864.23,27.33,7.03,107.48,40.61,53.45,Sandy Loam,320,5,1.0,Co0238,280.67,6.89,76.2,2.8,22.7,19.0
1695.43,32.51,8.69,191.83,74.41,91.17,Clay Loam,393,4,0.0,Co0238,360.35,6.81,89.6,3.0,34.2,18.2
1297.57,31.52,8.0,169.71,62.19,78.44,Alluvial,369,3,0.96,CoM0265,474.27,6.4,77.5,12.5,32.8,16.8
1719.62,33.35,8.61,206.78,74.93,91.79,Clay Loam,404,4,0.92,Co0238,523.48,6.77,85.4,10.1,41.1,17.6
1763.67,33.93,8.93,228.97,80.78,98.47,Alluvial,406,3,0.89,CoM0265,534.91,6.6,87.9,12.5,37.3,17.6
1469.28,32.57,8.44,185.45,69.29,82.64,Clay Loam,382,3,1.0,Co86032,503.55,6.96,78.9,9.7,33.0,18.3
1656.33,32.41,8.53,193.24,71.03,90.52,Clay Loam,388,4,0.0,Co0238,357.23,6.68,87.1,11.2,33.8,18.5
1744.19,33.51,8.67,206.14,75.23,90.99,Clay Loam,400,4,0.83,Co0238,511.51,6.49,86.2,11.6,42.1,18.1
1657.29,32.46,8.75,198.04,71.03,88.94,Clay Loam,389,4,0.02,Co0238,341.67,6.75,84.0,7.7,35.4,17.3
1776.19,33.65,8.96,207.95,79.57,96.85,Alluvial,405,3,0.94,Co86032,521.28,6.87,86.6,11.9,36.9,18.1
1067.02,29.23,7.34,130.35,46.86,62.32,Red Soil,343,2,0.0,CoM0265,224.75,6.66,81.4,9.5,23.5,18.9
1613.22,32.05,8.46,173.5,62.65,76.7,Clay Loam,376,3,1.0,CoM0265,458.4,6.77,92.2,10.0,33.0,16.4
1652.95,33.58,8.85,203.64,75.48,87.67,Clay Loam,395,3,0.92,CoM0265,503.02,6.93,86.5,12.6,36.8,17.6
1278.3,31.34,8.1,165.04,61.07,76.18,Alluvial,372,3,0.98,CoM0265,468.13,6.82,85.3,11.9,28.3,18.3
1693.44,32.5,8.41,196.41,73.47,89.55,Clay Loam,395,4,0.16,Co0238,355.57,6.53,96.4,13.2,37.4,15.8
1603.98,32.16,8.7,170.99,64.28,79.91,Clay Loam,374,3,0.98,CoM0265,457.99,6.7,83.8,10.0,35.6,16.3
1755.51,33.53,8.91,210.18,76.59,94.29,Alluvial,398,3,1.0,Co86032,529.33,6.96,94.4,8.9,37.4,18.9
833.12,26.81,6.99,105.79,42.57,50.0,Sandy Loam,322,5,1.0,Co0238,287.56,6.8,69.0,6.9,21.4,21.3
1601.83,32.49,8.5,167.87,62.66,76.9,Clay Loam,377,3,1.0,CoM0265,479.49,6.8,93.4,7.8,31.2,18.3
1720.9,33.27,8.74,202.75,76.95,93.48,Clay Loam,399,4,0.81,Co0238,497.26,6.97,87.3,16.6,37.0,15.2
1063.17,28.81,7.63,129.28,45.33,61.43,Red Soil,339,2,1.0,Co0238,332.34,7.25,81.0,11.4,28.0,20.1
1847.61,34.23,8.84,218.61,80.52,103.14,Alluvial,407,3,0.96,Co86032,546.85,6.85,93.3,7.9,41.1,12.7
1867.07,34.35,8.93,226.02,81.45,103.1,Alluvial,415,3,1.0,CoM0265,558.73,6.92,92.4,11.8,39.2,18.8
1149.57,31.78,8.0,161.39,60.81,75.18,Alluvial,367,3,0.0,Co86032,314.71,6.85,85.6,10.0,29.7,17.2
902.36,27.26,6.98,109.14,44.11,55.67,Sandy Loam,324,5,1.0,Co86032,279.94,6.5,66.0,4.8,21.8,18.0
1339.96,29.78,7.56,140.37,49.31,64.13,Red Soil,351,2,1.0,Co0238,331.25,7.02,88.9,10.5,34.1,19.4
1535.05,32.8,8.64,198.52,73.02,86.12,Alluvial,385,3,1.0,Co86032,506.48,6.81,84.4,4.9,33.9,17.0
1047.85,29.28,7.52,137.05,48.21,60.89,Red Soil,346,2,0.0,CoM0265,221.66,6.6,78.6,8.2,26.8,20.8
862.97,27.12,6.92,105.51,40.0,51.57,Sandy Loam,324,5,1.0,Co86032,280.12,7.18,75.3,11.5,23.2,19.1
1057.87,28.89,7.46,130.33,48.86,60.79,Red Soil,340,2,0.03,CoM0265,206.75,6.75,74.3,11.1,28.0,17.8
1489.66,32.92,8.49,184.66,71.29,84.15,Clay Loam,388,4,1.0,Co0238,509.5,7.1,88.6,12.4,35.1,17.1
1758.89,33.58,8.84,212.18,77.58,93.26,Alluvial,404,3,1.0,Co86032,533.16,6.77,91.7,11.0,37.7,17.2
1846.75,34.08,9.09,222.78,81.91,103.22,Alluvial,409,3,0.96,Co86032,565.19,7.07,92.4,18.2,35.1,15.9
863.9,26.75,6.84,104.17,40.0,53.2,Sandy Loam,323,5,0.89,Co86032,266.52,6.86,75.0,6.9,30.4,19.6
1240.32,31.47,8.01,155.9,59.9,74.7,Alluvial,367,3,1.0,CoM0265,454.48,7.32,80.5,9.5,32.5,18.3
1490.21,32.2,8.54,185.05,68.57,88.39,Clay Loam,388,4,0.99,Co0238,508.76,6.45,90.0,7.5,32.3,18.4
859.34,26.92,6.85,102.45,40.0,52.17,Sandy Loam,324,5,0.96,Co0238,273.62,6.76,69.7,4.2,24.6,19.5
1758.63,33.67,8.96,207.9,76.08,97.02,Alluvial,407,3,0.87,Co86032,528.23,6.68,87.6,10.7,39.9,17.0
1337.92,29.96,7.55,142.32,50.94,66.0,Red Soil,347,2,0.85,Co0238,346.64,6.49,82.6,7.9,31.5,16.9
969.6,28.31,7.43,125.09,45.44,61.42,Red Soil,337,2,0.95,Co0238,315.36,6.34,75.8,6.4,28.5,19.5
908.84,27.61,6.94,111.3,43.49,56.51,Sandy Loam,323,4,1.0,CoM0265,302.65,7.11,67.7,10.7,23.8,17.8
1143.8,30.49,7.75,151.95,55.67,69.82,Clay Loam,362,4,0.97,CoM0265,424.76,6.85,85.4,10.8,29.4,19.4
1115.68,30.54,7.8,156.5,55.58,72.16,Clay Loam,364,4,0.99,CoM0265,424.83,6.77,75.4,11.3,25.2,19.3
1893.73,34.51,9.21,221.43,81.14,103.87,Alluvial,411,3,0.81,CoM0265,565.99,6.8,89.2,10.9,40.2,16.3
899.38,27.26,7.15,112.43,42.46,55.84,Sandy Loam,328,4,0.19,Co0238,188.4,6.36,71.9,13.9,27.5,21.5
993.04,28.6,7.19,128.02,47.47,59.8,Red Soil,327,2,1.0,Co0238,310.42,6.86,80.8,3.9,27.4,19.6
1661.43,33.32,8.76,201.74,78.32,92.43,Clay Loam,400,3,0.83,CoM0265,535.32,6.68,89.8,12.4,34.7,18.3
1360.26,30.35,8.08,143.86,54.11,69.19,Red Soil,353,2,0.97,Co86032,356.16,7.15,81.2,12.7,33.7,18.4
1936.86,34.79,9.26,228.9,83.76,107.79,Alluvial,421,3,0.04,CoM0265,399.7,6.61,92.8,8.6,43.3,16.3
1571.68,31.98,8.37,167.11,62.45,78.3,Clay Loam,371,3,0.97,CoM0265,471.26,6.84,79.9,4.7,38.7,14.7
1298.69,31.75,8.1,158.97,60.38,73.79,Alluvial,365,3,1.0,CoM0265,446.66,6.66,80.0,4.8,29.3,17.4
1421.01,30.23,7.8,145.51,51.41,66.53,Red Soil,356,2,0.84,Co86032,341.66,6.69,75.5,4.4,36.6,17.5
893.31,27.57,6.93,105.88,41.82,54.91,Sandy Loam,325,5,1.0,Co86032,281.13,6.61,74.2,13.3,30.5,16.2
857.13,26.67,6.86,106.7,41.53,51.95,Sandy Loam,323,5,1.0,Co86032,275.58,6.5,69.2,16.2,19.3,22.2
1528.05,32.67,8.54,191.93,70.62,85.28,Clay Loam,386,4,1.0,Co0238,479.93,7.11,86.4,16.3,38.4,16.3
1909.5,34.96,9.25,228.45,83.54,105.56,Alluvial,421,3,0.0,CoM0265,409.21,6.48,89.4,9.2,46.6,14.4
1782.49,33.72,9.11,215.76,80.36,99.0,Alluvial,410,3,0.82,CoM0265,536.44,7.12,86.6,12.7,39.1,17.3
1138.28,30.51,7.66,163.55,56.35,72.03,Clay Loam,359,4,0.85,CoM0265,439.16,6.58,76.8,9.6,30.4,17.1
1162.06,31.06,8.13,157.83,58.63,76.66,Alluvial,365,3,0.07,Co86032,319.88,6.54,84.8,14.3,32.3,17.8
903.5,27.31,6.99,109.94,41.61,56.54,Sandy Loam,329,4,1.0,CoM0265,308.39,7.07,76.2,16.0,24.9,18.5
1297.58,29.9,7.53,142.22,51.64,66.02,Red Soil,354,2,0.94,Co0238,363.2,6.65,93.2,12.9,29.0,19.0
828.55,26.5,6.8,100.0,40.0,52.6,Sandy Loam,324,5,1.0,Co86032,269.69,6.84,67.0,14.1,22.5,19.4
1348.08,30.44,7.9,139.89,49.43,68.49,Red Soil,356,2,1.0,Co86032,356.55,6.73,79.6,4.6,33.8,19.2
936.88,26.99,6.98,111.85,42.55,54.7,Sandy Loam,323,4,1.0,CoM0265,282.88,7.03,81.7,10.1,24.2,20.3
1706.02,33.42,8.83,201.79,73.84,93.38,Clay Loam,402,4,1.0,Co0238,508.13,6.99,87.9,12.9,42.6,16.8
1648.49,33.09,8.72,208.72,79.85,92.04,Clay Loam,394,3,0.96,CoM0265,516.5,6.8,88.9,8.7,40.1,16.7
1810.89,34.18,9.13,217.72,81.73,101.6,Alluvial,412,3,1.0,CoM0265,546.62,6.53,85.3,6.4,34.9,14.8
974.13,28.33,7.18,124.67,45.44,56.6,Red Soil,332,2,1.0,Co0238,319.07,6.87,77.2,13.3,25.3,20.7
1072.15,28.77,7.32,133.32,47.87,63.27,Red Soil,345,2,0.02,CoM0265,219.56,6.76,77.9,6.2,26.2,18.5
1461.45,32.37,8.38,181.85,66.35,80.57,Alluvial,384,3,0.93,Co86032,489.36,6.91,84.3,9.9,30.4,13.8
1697.72,32.12,8.59,194.36,72.22,91.31,Clay Loam,388,4,0.0,Co0238,362.51,7.14,88.1,10.9,33.4,17.5
885.83,26.77,6.82,100.0,40.51,52.24,Sandy Loam,320,5,0.99,Co86032,270.85,7.22,70.9,10.5,24.3,20.9
1938.64,34.94,9.19,243.0,84.69,110.24,Alluvial,420,3,0.95,Co86032,567.21,6.93,91.9,15.3,38.1,14.7
969.21,28.32,7.4,130.26,44.47,60.88,Red Soil,333,2,1.0,Co0238,320.43,6.9,73.9,9.6,26.8,17.6
850.75,26.99,6.8,107.74,41.92,52.33,Sandy Loam,320,5,0.9,Co0238,286.07,6.56,74.8,9.1,28.3,20.3
1651.38,33.17,8.93,202.9,74.27,94.26,Clay Loam,394,3,1.0,CoM0265,516.41,6.71,81.9,7.1,33.5,17.1
929.43,27.71,7.23,116.71,42.91,58.81,Sandy Loam,331,4,0.0,Co0238,188.4,6.93,72.9,11.0,23.8,19.8
1648.23,32.1,8.65,195.97,71.55,88.64,Clay Loam,392,4,0.0,Co0238,352.85,6.9,85.1,12.6,34.8,16.1
1722.04,32.54,8.57,196.55,74.17,89.73,Clay Loam,391,4,0.0,Co0238,361.62,6.91,95.3,5.7,38.7,17.6
1363.01,30.58,7.59,155.41,52.32,68.19,Red Soil,361,2,1.0,Co86032,362.01,6.54,90.8,12.8,35.2,18.5
1785.55,33.96,8.97,224.15,81.61,102.24,Alluvial,410,3,1.0,Co86032,567.45,6.92,92.4,6.5,38.8,14.0
1907.89,34.54,9.21,224.77,81.8,101.31,Alluvial,417,3,0.89,CoM0265,577.72,6.75,87.7,9.1,41.8,15.9
1739.74,33.92,8.75,206.26,76.71,97.37,Clay Loam,401,4,1.0,Co0238,527.46,6.97,87.9,12.9,36.8,15.0
1739.33,33.56,8.69,211.15,77.54,93.92,Clay Loam,402,4,0.88,Co0238,517.72,6.93,82.9,9.5,37.1,17.8
1292.54,30.5,7.86,144.24,51.22,67.98,Red Soil,351,2,0.74,Co86032,353.92,6.7,71.6,13.8,30.9,17.2
1254.26,31.64,8.2,157.41,60.36,75.27,Alluvial,370,3,0.2,Co86032,315.05,6.9,73.5,14.4,34.7,20.0
1086.22,28.94,7.52,129.87,46.3,60.82,Red Soil,339,2,0.0,CoM0265,212.57,6.51,67.6,18.0,26.0,19.8
1715.19,33.73,8.84,208.24,76.73,95.13,Alluvial,403,3,1.0,Co86032,523.45,6.97,89.3,10.1,32.8,16.7
1375.45,30.16,7.43,141.14,52.92,66.94,Red Soil,351,2,0.98,Co0238,351.43,6.39,85.6,7.9,33.6,18.0
1642.63,33.04,8.87,195.46,75.06,90.99,Clay Loam,395,3,0.93,CoM0265,516.73,6.79,83.8,13.8,40.7,15.3
1697.33,33.52,8.59,205.06,73.78,90.16,Clay Loam,402,4,1.0,Co0238,522.87,6.91,83.6,8.8,34.8,15.2
1319.15,29.95,7.31,141.82,51.2,66.51,Red Soil,349,2,1.0,Co0238,343.81,6.56,76.6,11.4,31.0,17.9
938.23,27.26,7.22,110.54,44.81,56.76,Sandy Loam,328,4,0.0,Co0238,205.27,6.79,73.3,7.3,30.4,18.9
1154.95,30.06,7.77,144.04,56.26,71.22,Clay Loam,358,4,0.96,CoM0265,433.36,6.79,78.9,10.5,33.3,18.4
890.05,27.23,7.16,114.16,42.71,55.73,Sandy Loam,327,5,1.0,Co86032,282.13,7.06,74.5,12.0,29.6,21.0
1716.42,32.54,8.64,197.91,71.45,91.32,Clay Loam,392,4,0.06,Co0238,349.44,6.66,86.7,13.4,34.4,14.7
1663.09,33.37,8.54,205.65,76.29,89.05,Clay Loam,400,3,0.87,CoM0265,509.89,6.84,79.3,9.0,40.7,15.6
1832.75,33.52,8.83,216.06,81.69,99.9,Alluvial,405,3,1.0,CoM0265,537.27,7.31,89.2,11.6,41.3,15.1
1831.82,33.53,8.76,218.11,77.29,97.96,Alluvial,404,3,0.96,Co86032,542.45,6.56,94.5,12.3,35.2,15.8
1095.49,29.1,7.41,131.41,48.22,60.69,Red Soil,343,2,0.0,CoM0265,222.01,6.71,80.5,11.5,33.6,19.7
887.2,27.56,7.0,104.18,42.87,57.14,Sandy Loam,325,4,0.98,CoM0265,272.73,6.33,79.3,7.5,31.1,21.9
1545.2,33.22,8.48,190.39,70.87,84.4,Clay Loam,388,4,0.85,Co0238,502.52,6.92,94.1,9.5,36.5,17.9
914.6,27.59,6.91,116.86,42.25,57.36,Sandy Loam,331,4,0.01,Co0238,192.51,6.69,73.5,10.3,28.6,19.4
1413.88,32.2,8.44,177.77,64.71,80.18,Alluvial,381,3,0.91,Co86032,477.32,6.78,83.4,13.0,30.1,19.2
1633.57,31.8,8.67,167.4,64.05,80.05,Clay Loam,374,3,1.0,CoM0265,481.64,6.84,87.1,8.5,30.8,16.5
1222.04,31.75,8.3,167.7,60.31,77.66,Alluvial,372,3,0.0,Co86032,317.61,6.87,81.2,13.4,32.7,16.7
1318.36,29.62,7.43,138.33,47.82,64.78,Red Soil,350,2,0.86,Co0238,349.07,6.6,80.2,7.8,35.3,17.0
1458.81,31.78,8.17,182.66,68.67,81.5,Alluvial,379,3,1.0,Co0238,488.82,6.57,84.0,10.4,31.5,17.3
1302.19,29.94,7.5,139.7,48.96,68.03,Red Soil,353,2,1.0,Co0238,352.2,6.76,87.5,10.1,25.7,15.2
1310.48,30.13,7.68,138.04,50.69,64.22,Red Soil,349,2,0.83,Co0238,346.77,6.86,77.9,13.3,30.3,17.2
1023.69,28.91,7.66,133.83,47.31,61.92,Red Soil,339,2,1.0,Co0238,323.72,6.86,71.8,12.9,24.3,18.5
1440.3,32.57,8.52,180.0,63.33,80.55,Alluvial,382,3,0.98,Co86032,490.72,6.85,87.4,9.7,28.9,17.7
1083.09,29.37,7.38,135.23,44.93,62.62,Red Soil,344,2,0.0,CoM0265,235.22,6.52,82.6,9.4,26.9,18.7
1810.93,34.07,9.0,218.81,80.99,103.09,Alluvial,415,3,1.0,Co86032,547.84,6.79,87.5,9.9,39.8,14.2
800.0,26.83,7.12,101.44,42.41,51.77,Sandy Loam,320,5,0.0,Co0238,190.37,6.58,75.4,15.1,24.8,20.7
1827.76,34.06,8.9,222.03,80.87,98.84,Alluvial,408,3,0.95,Co86032,536.4,6.71,92.8,13.3,40.9,15.6
993.13,28.61,7.24,132.76,50.31,59.56,Red Soil,342,2,0.02,CoM0265,225.39,7.08,86.8,13.1,25.6,17.2
1666.7,33.27,8.88,201.0,74.2,91.33,Clay Loam,396,3,0.74,CoM0265,500.47,6.91,88.6,12.3,37.2,16.8
1810.32,33.84,9.01,225.74,81.48,99.28,Alluvial,411,3,1.0,Co86032,531.79,6.67,98.0,10.4,37.2,13.2
1684.83,32.26,8.59,193.62,71.31,89.4,Clay Loam,390,4,0.0,Co0238,350.43,6.65,87.4,6.9,32.0,17.7
1807.56,34.25,8.93,221.53,80.11,99.49,Alluvial,406,3,1.0,Co86032,549.59,6.7,86.0,13.8,36.6,15.1
1745.43,33.92,9.0,222.22,81.49,99.63,Alluvial,415,3,1.0,Co86032,557.93,6.83,83.0,10.3,35.7,16.3
1122.75,29.63,7.66,137.46,51.04,62.61,Red Soil,345,2,0.83,Co86032,334.54,6.88,73.9,16.5,29.6,17.9
1743.51,33.58,8.75,216.77,76.46,96.6,Alluvial,400,3,1.0,Co86032,516.87,6.86,88.7,10.5,39.6,15.4
800.0,26.5,6.8,100.0,40.22,51.51,Sandy Loam,322,5,0.12,Co0238,207.64,6.65,67.4,8.4,25.3,19.7
1861.22,34.42,9.15,225.19,79.5,102.65,Alluvial,408,3,1.0,CoM0265,577.42,6.86,92.9,9.8,35.2,16.3
836.75,26.82,6.88,101.14,40.64,52.67,Sandy Loam,321,5,0.8,Co0238,267.24,6.65,75.9,8.8,26.3,18.9
850.45,26.92,6.8,119.6,40.0,56.11,Sandy Loam,322,4,0.94,CoM0265,272.46,7.04,74.2,8.7,23.3,21.6
869.84,27.03,6.91,104.4,41.28,51.44,Sandy Loam,325,5,1.0,Co0238,260.25,6.94,78.8,11.8,28.2,18.8
1766.32,34.03,9.0,218.67,77.48,98.74,Alluvial,408,3,0.83,CoM0265,538.78,6.85,80.4,7.3,32.4,15.5
1715.37,33.26,8.87,203.93,77.05,89.07,Clay Loam,400,4,1.0,Co0238,504.0,7.13,90.1,16.7,39.5,17.1
1550.46,33.0,8.66,197.93,71.74,83.24,Alluvial,389,3,1.0,Co86032,511.99,6.66,86.6,9.5,34.8,16.7
821.66,26.63,6.81,102.1,40.98,50.1,Sandy Loam,322,5,0.0,Co0238,209.28,6.56,79.7,13.1,31.1,17.8
1689.87,32.53,8.72,197.35,72.76,90.45,Clay Loam,395,4,0.0,Co0238,351.65,6.65,90.7,6.1,42.1,16.9
905.37,27.23,7.13,107.3,40.4,53.55,Sandy Loam,326,5,0.91,Co86032,277.73,6.83,73.0,5.7,21.6,19.0
1306.48,31.43,8.12,169.33,58.59,75.13,Alluvial,373,3,0.89,CoM0265,458.33,7.06,92.7,15.1,36.5,19.1
1271.1,30.96,8.17,155.75,57.48,74.61,Alluvial,366,3,1.0,CoM0265,441.73,6.2,76.0,8.4,27.3,19.4
1477.58,32.4,8.6,196.92,70.35,84.13,Clay Loam,386,4,0.9,Co0238,488.93,6.81,77.2,10.1,33.5,18.9
1670.65,32.22,8.64,174.9,62.16,79.46,Clay Loam,377,3,1.0,CoM0265,459.67,6.76,87.1,10.1,45.4,15.9
800.0,26.87,6.9,105.88,42.05,51.79,Sandy Loam,324,5,1.0,Co86032,265.65,6.63,67.7,9.2,26.7,22.7
1536.4,32.77,8.57,190.22,68.9,87.04,Clay Loam,389,4,1.0,Co0238,484.87,7.0,82.2,11.1,28.8,15.7
1173.52,29.51,7.57,135.05,50.87,64.15,Red Soil,346,2,0.78,Co86032,337.56,6.84,82.6,10.9,26.2,16.3
829.57,26.75,6.85,108.73,42.76,53.35,Sandy Loam,324,5,1.0,Co0238,275.13,6.97,76.8,10.9,25.1,20.9
904.28,27.33,6.88,112.36,43.42,54.79,Sandy Loam,326,5,0.92,Co86032,280.79,6.95,70.6,12.9,29.7,21.4
1566.55,32.7,8.63,195.19,71.03,86.95,Clay Loam,389,4,0.81,Co0238,510.75,6.67,87.6,8.7,33.8,16.4
1801.9,33.47,8.85,212.0,78.29,99.61,Alluvial,404,3,0.92,CoM0265,523.98,6.77,98.0,7.9,36.7,15.5
847.48,26.66,6.88,111.02,43.99,51.37,Sandy Loam,321,5,1.0,Co0238,281.65,6.78,71.0,11.3,25.7,19.2
1153.57,29.26,7.45,136.32,49.22,64.32,Red Soil,347,2,1.0,Co86032,340.32,6.94,89.3,16.1,31.4,19.7
1880.56,34.25,9.08,226.3,84.14,104.44,Alluvial,416,3,1.0,CoM0265,560.7,6.6,86.4,3.5,42.2,16.7
1393.28,31.73,8.16,176.25,68.81,79.8,Alluvial,376,3,0.98,Co0238,457.52,7.03,83.2,9.6,34.9,18.8
1089.03,30.56,7.83,150.38,55.33,69.39,Clay Loam,361,4,1.0,CoM0265,413.5,6.84,80.1,9.8,28.6,19.0
1373.66,32.11,8.2,175.0,68.8,83.72,Alluvial,374,3,0.97,Co0238,504.79,6.75,81.9,11.9,35.3,18.4
1905.22,34.55,9.12,228.4,80.86,105.13,Alluvial,412,3,0.0,CoM0265,399.37,6.51,92.9,10.2,43.6,16.4
826.54,26.54,6.94,105.68,42.57,52.67,Sandy Loam,323,5,0.92,Co0238,281.57,6.79,66.8,8.0,21.2,21.7
1737.0,33.38,8.92,215.45,77.69,92.37,Alluvial,405,3,1.0,Co86032,528.35,6.83,84.8,13.3,35.9,16.3
1561.34,33.29,8.58,194.65,71.4,84.62,Alluvial,389,3,1.0,Co86032,500.41,6.39,92.8,16.2,34.5,16.1
1590.55,33.0,8.63,192.93,72.21,84.49,Alluvial,388,3,0.99,Co86032,491.28,6.67,87.8,11.8,33.3,19.0
1415.83,32.36,8.51,185.09,65.62,79.8,Alluvial,375,3,1.0,Co86032,494.09,7.06,79.9,8.8,32.5,19.1
800.0,26.5,6.8,100.98,40.86,50.0,Sandy Loam,320,5,0.11,Co0238,188.4,6.67,74.5,8.1,22.3,21.2
1904.59,35.2,9.3,243.0,85.65,111.35,Alluvial,422,3,0.94,Co86032,580.4,6.84,93.0,12.6,40.0,15.9
855.97,26.67,6.94,103.83,40.78,53.1,Sandy Loam,321,5,0.96,Co0238,267.87,6.59,63.8,6.3,19.7,18.4
1823.68,33.95,8.82,216.97,80.46,99.08,Alluvial,409,3,0.95,Co86032,544.9,6.68,96.1,13.9,32.9,14.8
1414.43,32.12,8.15,177.36,67.02,82.47,Alluvial,381,3,0.95,Co0238,484.56,6.92,88.5,12.5,31.9,21.2
1653.95,33.16,9.03,199.19,75.06,90.02,Clay Loam,395,3,1.0,CoM0265,520.04,6.79,94.2,18.6,33.8,17.9
1970.0,35.2,9.17,241.82,85.64,110.09,Alluvial,422,3,0.95,Co86032,580.4,6.99,92.2,12.3,40.2,15.5
1076.77,29.95,7.98,148.17,54.04,69.28,Clay Loam,359,4,0.72,CoM0265,438.5,6.97,77.4,8.2,27.7,20.7
1970.0,35.2,9.3,243.0,83.67,109.95,Alluvial,420,3,0.96,Co86032,580.4,6.69,92.7,12.2,36.6,14.5
878.72,27.5,6.92,113.39,43.66,53.19,Sandy Loam,321,4,1.0,CoM0265,287.95,6.81,80.0,9.3,29.5,19.0
1772.6,33.77,8.84,214.39,79.38,100.55,Alluvial,411,3,0.88,Co86032,542.4,6.71,94.9,6.7,32.5,17.4
895.48,28.01,6.96,122.42,45.87,58.13,Red Soil,331,2,1.0,Co0238,309.83,6.5,70.5,8.5,25.3,20.0
1958.56,34.56,9.11,229.61,84.43,106.28,Alluvial,418,3,0.0,CoM0265,402.73,6.87,89.4,7.0,41.2,17.1
1897.29,34.08,8.93,225.87,81.97,106.03,Alluvial,411,3,0.96,CoM0265,562.54,7.06,93.6,12.1,41.2,15.9
833.5,26.5,6.9,101.62,40.0,51.62,Sandy Loam,321,5,0.0,Co0238,213.34,6.68,66.0,6.5,25.5,16.2
1675.28,32.69,8.56,193.24,73.39,87.53,Clay Loam,388,4,0.18,Co0238,353.47,7.01,90.3,5.8,33.9,19.1
880.05,26.8,6.8,109.33,40.75,55.0,Sandy Loam,324,5,0.88,Co0238,283.37,6.73,78.3,11.0,26.4,17.9
1746.24,33.27,9.01,212.3,79.55,96.23,Alluvial,406,3,0.93,Co86032,520.09,6.6,87.8,7.3,41.6,15.6
1411.07,32.46,8.41,175.43,64.37,78.51,Alluvial,381,3,0.97,Co86032,488.13,6.51,78.2,11.1,29.7,15.0
906.22,27.19,6.95,101.29,40.02,52.2,Sandy Loam,322,5,0.9,Co0238,288.15,7.01,76.2,10.1,28.6,19.3
1157.1,29.67,7.58,137.16,47.65,63.6,Red Soil,346,2,0.8,Co86032,327.14,6.44,73.9,9.7,31.1,22.2
1438.95,31.8,8.3,174.05,67.01,78.91,Alluvial,381,3,1.0,Co0238,471.34,6.94,80.9,10.5,33.6,19.5
1870.58,34.02,8.79,225.78,82.19,105.1,Alluvial,409,3,0.7,CoM0265,541.4,6.59,87.9,8.4,41.3,16.8
1685.18,33.01,8.62,203.86,74.73,93.87,Clay Loam,398,4,1.0,Co0238,519.18,7.1,77.4,9.4,33.6,13.9
1763.83,33.64,8.84,214.21,77.87,95.9,Alluvial,408,3,1.0,Co86032,550.89,6.8,95.1,17.1,36.1,12.3
922.8,27.2,6.92,111.67,41.16,55.97,Sandy Loam,326,5,0.83,Co86032,278.23,7.1,82.2,17.8,27.3,18.0
1451.02,32.58,8.55,179.16,66.47,78.76,Alluvial,380,3,0.85,Co86032,488.63,6.82,83.1,11.5,32.8,20.0
1033.57,28.82,7.76,119.87,46.66,61.85,Red Soil,339,2,1.0,Co0238,344.86,6.83,77.9,11.0,31.1,18.8
886.6,26.84,6.97,101.78,40.09,51.8,Sandy Loam,324,5,1.0,Co0238,273.39,6.65,78.0,8.9,20.9,18.4
1729.71,33.44,8.99,209.03,78.86,95.01,Alluvial,404,3,1.0,Co86032,535.45,6.66,89.5,8.3,43.2,17.2
915.32,27.3,7.14,114.79,45.37,57.47,Sandy Loam,323,4,0.02,Co0238,188.4,6.65,67.3,11.4,27.6,23.4
1515.19,32.89,8.83,190.7,71.72,84.98,Clay Loam,385,4,1.0,Co0238,506.91,6.96,86.4,16.1,34.7,19.2
1061.63,28.96,7.41,129.15,47.54,62.58,Red Soil,341,2,0.22,CoM0265,226.65,6.69,79.2,7.2,24.5,20.4
1685.23,33.77,9.01,208.35,77.02,92.74,Clay Loam,402,4,0.8,Co0238,519.79,6.68,85.1,7.9,32.8,19.3
1034.58,30.37,7.71,145.83,55.34,70.03,Clay Loam,363,4,1.0,CoM0265,430.36,6.81,85.7,6.2,23.8,20.5
1637.94,31.41,8.4,167.08,63.8,78.87,Clay Loam,376,3,1.0,CoM0265,452.08,6.78,84.9,16.8,40.6,18.4
1081.81,28.87,7.23,131.32,46.33,62.18,Red Soil,338,2,0.0,CoM0265,220.63,6.87,81.3,10.5,33.7,21.7
1479.76,33.05,8.7,190.68,69.76,86.51,Clay Loam,387,3,0.86,Co86032,513.41,6.71,80.9,10.6,32.9,15.0
853.52,26.88,7.04,103.24,41.89,52.52,Sandy Loam,321,5,0.77,Co0238,270.56,6.83,70.8,7.2,29.4,18.5
1241.45,31.27,7.87,163.97,60.81,74.82,Alluvial,373,3,0.0,Co86032,307.65,6.91,71.9,7.7,31.3,16.8
1809.95,34.16,8.93,228.68,79.53,100.9,Alluvial,409,3,1.0,CoM0265,555.9,6.84,95.3,10.3,37.2,16.8
1335.39,30.75,7.89,143.84,53.06,68.22,Red Soil,349,2,0.78,Co86032,353.22,7.01,80.0,9.2,31.3,18.2
1848.17,33.98,9.02,224.79,80.89,101.7,Alluvial,407,3,0.99,CoM0265,542.62,6.9,87.7,11.7,41.8,17.7
1245.36,30.95,8.08,151.53,56.18,71.22,Alluvial,362,3,1.0,CoM0265,447.29,6.92,82.6,8.0,31.9,19.1
826.91,26.73,6.86,100.0,42.06,50.0,Sandy Loam,320,5,1.0,Co86032,283.4,6.67,62.7,12.6,20.8,21.0
1923.33,34.72,9.1,238.42,85.2,109.79,Alluvial,422,3,0.97,Co86032,551.94,6.77,90.1,8.5,38.2,16.5
1174.9,31.37,8.19,165.8,59.29,74.44,Alluvial,376,3,0.0,Co86032,310.64,6.53,81.4,8.0,29.3,19.8
1476.03,32.45,8.41,175.1,67.8,82.8,Alluvial,378,3,0.91,Co0238,482.34,6.65,81.8,12.3,35.8,17.2
1115.02,29.82,7.61,134.66,48.05,64.73,Red Soil,348,2,1.0,Co86032,340.6,6.55,80.5,11.3,30.6,22.1
1970.0,34.96,9.26,234.58,81.78,107.0,Alluvial,415,3,0.0,CoM0265,377.52,6.52,93.3,3.9,35.2,16.7
1609.77,31.92,8.5,167.48,60.45,79.15,Clay Loam,374,3,0.94,CoM0265,456.26,7.08,95.5,15.4,39.0,17.8
800.0,26.52,6.83,102.87,40.95,51.05,Sandy Loam,324,5,0.97,Co86032,282.55,6.91,80.9,12.8,28.1,19.7
1798.87,33.76,9.0,220.16,79.44,100.19,Alluvial,407,3,0.97,CoM0265,535.78,7.11,89.1,11.2,41.7,17.1
800.76,26.5,6.84,100.43,40.0,51.17,Sandy Loam,322,5,0.0,Co0238,217.2,6.61,78.1,12.3,22.5,19.0
1395.59,31.97,8.43,183.07,65.97,83.04,Alluvial,381,3,1.0,Co0238,484.27,6.84,78.3,11.2,35.1,18.3
985.18,28.31,7.27,124.21,46.08,58.95,Red Soil,337,2,0.78,Co0238,330.91,6.91,75.2,14.4,27.2,18.3
1334.83,30.54,7.78,146.16,51.95,67.82,Red Soil,357,2,1.0,Co86032,353.73,7.07,73.7,10.9,33.7,17.6
1728.01,33.37,8.94,207.98,76.52,95.7,Clay Loam,401,4,1.0,Co0238,531.47,7.01,91.9,4.3,41.3,17.9
924.02,27.34,7.07,109.78,41.51,55.41,Sandy Loam,327,5,1.0,Co86032,284.73,6.6,73.4,10.3,25.8,21.6
1573.23,33.43,8.8,188.13,73.79,87.93,Alluvial,390,3,0.86,Co86032,497.98,6.4,91.2,10.6,32.8,19.0
1461.36,32.48,8.46,189.53,68.56,84.43,Clay Loam,382,3,0.97,Co86032,469.39,6.84,86.7,7.5,31.9,15.8
1096.07,29.72,7.89,133.22,46.53,64.39,Red Soil,347,2,1.0,Co86032,321.39,6.77,77.6,6.5,27.9,20.9
874.99,26.88,6.92,103.21,41.15,53.17,Sandy Loam,320,5,0.83,Co0238,279.49,7.15,75.9,12.0,22.7,22.5
919.71,26.98,7.18,111.5,40.9,54.43,Sandy Loam,325,5,1.0,Co86032,268.05,7.0,75.4,11.2,25.5,20.8
808.74,26.76,6.84,102.42,40.0,50.73,Sandy Loam,323,5,1.0,Co86032,260.62,6.63,75.8,8.7,25.0,24.1
1184.97,31.47,8.01,152.64,58.7,71.73,Alluvial,364,3,1.0,CoM0265,453.8,6.57,86.1,10.7,29.9,17.2
1792.39,33.48,8.76,203.18,80.0,95.68,Alluvial,406,3,0.83,Co86032,525.41,6.75,94.6,7.9,34.8,14.5
1383.15,30.54,7.9,147.46,52.84,68.25,Red Soil,362,2,1.0,Co86032,372.41,6.69,83.4,12.5,37.1,16.5
1406.48,32.61,8.5,184.98,64.23,81.09,Alluvial,380,3,1.0,Co86032,489.93,6.84,84.6,6.7,32.9,19.0
1608.51,32.53,8.42,166.53,63.05,79.35,Clay Loam,378,3,1.0,CoM0265,452.29,7.02,97.0,12.2,32.3,16.8
1674.13,33.11,8.83,197.99,75.42,90.19,Clay Loam,391,3,0.95,CoM0265,498.17,7.05,88.5,7.7,35.1,16.2
821.69,26.58,6.8,102.89,40.0,50.0,Sandy Loam,320,5,0.86,Co86032,277.83,7.13,70.1,8.7,26.2,20.2
800.0,26.5,6.8,101.26,42.25,50.0,Sandy Loam,322,5,0.15,Co0238,206.11,6.65,63.7,8.1,24.8,19.0
1453.13,32.54,8.59,190.73,69.58,86.05,Clay Loam,383,4,1.0,Co0238,495.89,7.07,84.1,11.7,36.2,17.8
1431.15,30.39,7.98,149.84,52.31,67.7,Red Soil,354,2,1.0,Co86032,379.88,7.02,75.5,7.6,37.2,16.6
1778.36,33.89,8.78,214.96,80.12,97.54,Alluvial,413,3,0.95,CoM0265,542.51,6.81,89.4,6.6,36.4,19.2
1185.29,31.42,8.12,159.05,59.19,75.56,Alluvial,372,3,0.0,Co86032,317.05,6.72,82.9,7.0,25.9,18.1
1564.99,33.3,8.69,190.56,67.86,85.76,Alluvial,389,3,0.85,Co86032,490.11,7.07,78.5,10.3,33.8,16.6
1020.43,28.21,7.43,123.75,46.19,64.53,Red Soil,340,2,1.0,Co0238,307.84,6.95,80.1,3.3,29.6,17.2
838.18,27.03,6.83,108.86,40.27,55.31,Sandy Loam,324,5,1.0,Co86032,306.32,6.85,79.4,10.7,19.0,19.6
867.33,26.81,6.99,113.11,40.96,50.44,Sandy Loam,320,5,1.0,Co0238,279.85,6.85,74.3,12.2,20.5,21.4
906.23,27.05,7.02,107.25,42.8,56.86,Sandy Loam,324,5,1.0,Co86032,294.81,7.5,66.3,14.5,23.9,18.8
1533.08,32.56,8.61,187.8,71.94,88.36,Clay Loam,386,4,1.0,Co0238,518.76,6.67,84.6,9.0,34.8,21.3
1960.89,35.06,9.26,238.75,84.38,109.56,Alluvial,416,3,1.0,Co86032,562.72,6.98,87.5,11.5,48.6,16.7
1208.79,31.66,8.01,163.4,61.87,75.33,Alluvial,365,3,0.02,Co86032,310.15,6.6,78.3,8.9,29.4,17.6
1857.1,33.8,9.0,221.13,78.74,101.07,Alluvial,408,3,1.0,Co86032,539.45,6.8,88.3,8.1,42.6,16.8
1088.19,28.96,7.36,133.99,47.09,61.13,Red Soil,342,2,0.0,CoM0265,208.45,6.98,74.0,12.6,29.9,21.2
1551.24,32.2,8.32,172.68,60.63,78.5,Clay Loam,373,3,0.85,CoM0265,465.58,6.64,88.4,11.1,36.1,17.4
1505.06,32.8,8.69,194.31,70.85,85.34,Clay Loam,387,4,0.87,Co0238,493.77,6.84,80.7,7.2,36.0,18.7
1658.53,33.54,9.04,197.34,76.47,89.87,Clay Loam,399,3,1.0,CoM0265,482.16,6.62,88.3,10.6,32.6,16.0
1437.73,31.86,8.02,177.84,67.99,84.14,Alluvial,377,3,1.0,Co0238,485.01,6.46,85.6,4.9,36.2,16.1
1683.83,33.69,8.83,206.06,76.48,92.34,Clay Loam,399,4,0.98,Co0238,530.38,6.78,83.4,10.7,37.3,17.0
800.0,26.78,6.81,108.48,40.0,50.8,Sandy Loam,326,5,1.0,Co86032,272.92,7.02,69.3,9.7,23.2,17.2
1892.35,34.54,9.19,227.14,83.65,107.49,Alluvial,415,3,0.16,CoM0265,397.8,6.82,98.0,14.0,38.7,16.4
963.01,27.7,7.06,113.3,44.72,57.1,Sandy Loam,327,4,0.1,Co0238,204.57,6.44,71.8,9.0,26.6,17.6
1766.36,33.22,8.94,210.08,78.07,94.92,Alluvial,405,3,0.91,Co86032,520.32,7.02,91.1,10.0,43.5,13.5
1679.6,32.72,8.67,194.98,75.96,88.81,Clay Loam,394,4,0.0,Co0238,359.27,7.27,81.4,7.9,40.4,15.4
882.64,27.34,6.97,110.21,41.31,53.45,Sandy Loam,324,4,0.85,CoM0265,284.71,6.82,78.6,9.1,21.7,19.6
1300.11,31.5,8.06,166.67,62.76,74.65,Alluvial,374,3,1.0,CoM0265,459.99,6.68,79.2,8.2,30.9,20.2
1280.27,30.08,7.62,147.68,51.49,67.95,Red Soil,344,2,1.0,Co0238,354.41,6.92,78.2,12.3,36.5,15.5
1191.89,31.74,8.04,159.09,58.13,73.72,Alluvial,374,3,0.09,Co86032,306.37,7.09,80.6,8.6,29.2,16.8
1685.26,33.83,8.71,203.71,76.12,93.44,Clay Loam,400,4,1.0,Co0238,516.23,6.82,96.7,10.7,33.8,16.4
1281.17,31.16,7.87,159.4,58.81,72.86,Alluvial,363,3,1.0,CoM0265,434.54,6.86,85.4,11.7,25.7,19.0
989.51,28.28,7.35,126.38,48.09,63.23,Red Soil,336,2,1.0,Co0238,330.01,6.84,72.9,12.0,26.2,19.0
1607.54,33.22,8.82,195.77,74.53,91.53,Clay Loam,396,3,0.92,CoM0265,514.31,6.7,88.3,8.8,28.9,16.3
932.82,27.45,6.87,106.23,42.33,55.14,Sandy Loam,325,4,0.91,CoM0265,276.03,6.7,71.7,9.1,30.1,20.7
973.39,28.65,7.53,128.64,47.99,61.14,Red Soil,336,2,0.96,Co0238,308.68,6.83,72.1,16.5,22.1,19.6
1908.35,34.5,9.06,225.21,81.14,103.03,Alluvial,419,3,0.0,CoM0265,381.52,6.85,96.6,7.3,37.3,15.2
910.35,26.98,6.93,104.51,41.86,55.74,Sandy Loam,325,4,1.0,CoM0265,306.13,6.56,69.0,10.4,25.1,19.2
1562.14,32.32,8.46,169.75,61.83,76.44,Clay Loam,379,3,1.0,CoM0265,459.75,6.73,82.4,14.3,29.6,18.2
1398.88,30.49,7.89,151.51,52.08,65.73,Red Soil,354,2,0.91,Co86032,356.66,7.11,79.1,9.7,36.9,17.0
966.97,28.35,7.19,126.36,44.72,60.82,Red Soil,335,2,0.95,Co0238,314.22,6.89,78.4,14.5,29.0,20.6
1970.0,34.95,9.3,241.19,84.42,110.13,Alluvial,417,3,1.0,Co86032,578.41,6.72,98.0,9.5,35.8,17.6
1970.0,35.2,9.27,243.0,86.0,108.26,Alluvial,421,3,0.94,Co86032,580.23,6.93,97.7,12.1,37.4,14.2
800.0,26.71,6.88,100.0,40.0,51.24,Sandy Loam,320,5,0.04,Co0238,193.93,6.89,61.2,14.4,23.6,20.5
1343.37,30.95,7.84,144.4,50.83,67.06,Red Soil,355,2,1.0,Co86032,369.47,6.99,81.9,7.9,38.6,18.0
1046.07,28.26,7.48,126.0,46.31,59.28,Red Soil,333,2,0.98,Co0238,327.44,6.74,74.8,9.7,29.1,20.2
1909.99,35.02,9.3,240.88,85.28,111.01,Alluvial,420,3,0.99,Co86032,580.4,7.06,96.6,3.1,40.5,13.2
1078.26,30.34,7.95,151.66,55.23,67.64,Clay Loam,357,4,0.89,CoM0265,419.99,6.61,80.9,8.8,24.6,18.0
1781.97,33.8,8.91,218.36,80.83,96.63,Alluvial,406,3,0.91,CoM0265,535.6,6.66,94.3,2.6,40.4,18.2
826.87,26.89,6.84,106.57,40.0,54.54,Sandy Loam,324,5,0.99,Co86032,284.01,6.69,66.0,12.5,28.4,21.1
1803.79,33.78,8.99,214.31,80.46,98.45,Alluvial,408,3,1.0,CoM0265,546.67,6.7,78.9,4.9,38.8,17.9
1551.35,32.85,8.75,194.14,71.36,87.37,Alluvial,391,3,1.0,Co86032,522.75,6.94,84.3,13.3,34.1,18.4
1465.58,32.72,8.45,188.16,66.02,82.23,Alluvial,377,3,0.99,Co86032,474.64,7.12,84.6,5.5,32.1,16.1
1641.52,32.87,8.83,197.93,74.02,92.3,Clay Loam,401,3,0.93,CoM0265,504.86,6.69,97.5,8.4,34.9,19.5
1616.63,31.72,8.38,168.55,60.76,75.4,Clay Loam,379,3,1.0,CoM0265,455.23,7.09,83.7,11.3,33.5,17.0
847.8,26.61,6.85,103.07,42.56,51.06,Sandy Loam,321,5,0.96,Co0238,269.71,7.02,72.0,10.3,25.9,22.0
1120.18,29.71,7.58,137.72,49.36,61.08,Red Soil,346,2,1.0,Co86032,336.89,6.62,78.0,11.8,27.2,19.7
1627.62,31.94,8.31,172.48,62.45,77.56,Clay Loam,374,3,1.0,CoM0265,457.3,6.65,81.1,11.2,34.6,13.9
1265.29,29.9,7.46,139.66,49.77,65.97,Red Soil,354,2,1.0,Co0238,335.85,7.06,76.9,4.7,28.4,18.2
900.14,27.02,7.01,114.41,41.15,56.76,Sandy Loam,325,4,1.0,CoM0265,273.03,6.76,77.9,9.4,25.7,19.6
1545.17,32.43,8.69,187.64,71.47,83.88,Clay Loam,383,3,1.0,Co86032,479.79,6.42,83.2,10.2,32.9,16.6
1506.45,32.86,8.52,183.05,70.9,83.18,Clay Loam,379,3,1.0,Co86032,487.12,6.82,87.3,10.6,35.6,16.9
1965.18,34.99,9.28,236.38,84.87,109.37,Alluvial,422,3,0.98,Co86032,571.66,6.85,88.8,10.9,39.2,16.5
1296.25,31.4,8.22,166.03,61.16,76.52,Alluvial,376,3,0.98,CoM0265,476.12,6.8,75.4,12.1,29.3,18.0
1406.34,32.6,8.53,178.42,65.33,77.93,Alluvial,380,3,0.8,Co86032,486.1,6.49,87.5,11.0,30.7,16.6
800.0,26.62,6.81,100.31,40.4,50.0,Sandy Loam,320,5,0.07,Co0238,188.4,7.06,65.2,12.3,24.5,18.3
1515.23,32.63,8.67,190.85,71.46,85.01,Clay Loam,384,4,0.98,Co0238,482.08,6.7,82.4,6.6,32.6,16.3
1428.35,32.09,8.39,177.29,71.31,82.19,Alluvial,384,3,0.9,Co0238,468.92,6.61,75.4,10.3,30.4,20.2
1514.5,32.76,8.45,194.35,70.52,83.2,Clay Loam,385,4,0.91,Co0238,507.68,6.61,87.4,2.3,37.2,14.8
1511.73,32.74,8.84,192.83,69.46,85.12,Clay Loam,387,4,1.0,Co0238,491.7,6.46,85.8,10.4,35.7,16.8
1641.33,32.28,8.55,197.16,70.74,88.21,Clay Loam,386,4,0.0,Co0238,360.74,6.82,93.0,9.5,38.6,17.2
900.58,26.89,6.8,104.65,40.31,50.42,Sandy Loam,324,5,1.0,Co0238,288.81,7.08,71.8,7.9,29.8,21.9
1519.69,32.87,8.62,190.77,68.95,87.71,Clay Loam,387,4,0.84,Co0238,491.76,6.82,92.6,8.0,29.7,18.0
1240.11,31.13,7.93,157.41,58.24,73.44,Alluvial,367,3,1.0,CoM0265,458.15,6.9,85.5,14.8,32.2,18.8
1970.0,35.2,9.26,242.11,85.72,112.0,Alluvial,422,3,0.91,Co86032,580.4,6.95,92.7,10.4,43.6,14.5
800.0,26.5,6.8,102.73,42.55,50.0,Sandy Loam,323,5,0.08,Co0238,190.14,6.75,73.8,11.6,23.5,20.9
1499.58,32.79,8.68,193.15,68.68,82.81,Clay Loam,386,4,1.0,Co0238,512.07,7.02,73.1,8.2,34.0,16.6
1243.69,31.86,8.23,156.57,58.73,76.59,Alluvial,377,3,0.16,Co86032,317.22,6.87,74.7,12.9,30.1,19.8
1720.89,33.71,8.7,200.94,76.29,94.83,Clay Loam,402,4,0.93,Co0238,535.04,6.68,93.3,12.3,42.1,14.7
954.54,28.1,7.23,119.63,45.01,62.53,Red Soil,331,2,1.0,Co0238,300.53,7.0,75.6,8.1,26.1,20.4
1302.49,29.55,7.63,141.96,52.39,64.72,Red Soil,347,2,0.96,Co0238,349.78,6.52,81.3,14.0,35.6,19.9
1139.94,29.67,7.68,133.85,50.2,64.15,Red Soil,343,2,1.0,Co86032,327.7,7.14,73.6,10.4,25.3,19.1
1249.22,31.27,7.89,166.46,62.25,74.25,Alluvial,372,3,1.0,CoM0265,467.05,6.62,88.0,5.0,28.8,16.6
1248.05,31.22,8.14,164.22,60.06,77.77,Alluvial,375,3,1.0,CoM0265,467.26,6.85,87.7,10.5,32.6,19.0
1716.33,33.27,8.81,200.8,75.08,92.12,Clay Loam,399,4,0.97,Co0238,519.75,6.96,93.2,9.9,43.2,16.0
1502.22,32.82,8.41,173.25,65.15,80.07,Alluvial,381,3,1.0,Co86032,475.05,6.86,89.3,7.8,35.1,16.8
1837.58,33.93,8.99,215.16,79.73,98.48,Alluvial,408,3,1.0,CoM0265,534.34,6.8,94.0,14.9,36.0,16.4
944.2,28.05,7.28,122.54,44.19,61.34,Red Soil,331,2,1.0,Co0238,318.41,6.61,74.8,13.0,29.6,21.4
1574.45,31.53,8.45,172.83,63.11,78.65,Clay Loam,374,3,0.85,CoM0265,470.24,6.96,84.8,11.8,37.1,15.5
1708.98,33.53,8.5,204.19,74.9,90.29,Clay Loam,400,4,1.0,Co0238,512.59,6.77,93.8,12.0,35.6,15.8
1220.49,31.37,8.19,162.0,57.71,72.74,Alluvial,367,3,1.0,CoM0265,464.77,6.7,79.5,12.7,33.2,18.1
986.67,28.32,7.31,128.79,44.09,62.34,Red Soil,336,2,1.0,Co0238,301.17,7.0,69.2,8.6,27.8,21.1
1492.43,32.42,8.72,195.1,70.86,86.7,Clay Loam,386,4,1.0,Co0238,510.74,6.54,82.5,9.3,42.5,18.1
1777.63,33.94,8.78,214.78,79.46,99.05,Alluvial,411,3,0.86,CoM0265,539.13,6.78,96.6,10.6,41.8,15.7
945.03,27.4,6.98,111.34,43.01,57.33,Sandy Loam,325,4,0.95,CoM0265,286.69,6.82,79.9,8.6,27.5,19.3
1140.65,29.32,7.5,133.58,47.81,63.72,Red Soil,343,2,0.91,Co86032,321.48,6.76,72.0,9.6,26.7,17.0
1093.99,30.61,7.9,153.32,56.47,71.12,Clay Loam,361,4,0.86,CoM0265,443.43,6.76,59.7,11.2,29.4,16.5
899.76,26.63,6.98,101.14,41.22,55.59,Sandy Loam,323,5,0.95,Co86032,284.15,6.96,72.9,8.4,26.6,22.4
1759.09,33.18,8.85,208.26,76.47,94.6,Alluvial,403,3,1.0,Co86032,529.97,6.84,97.7,16.0,39.7,15.8
1095.98,30.05,7.76,149.35,57.12,68.11,Clay Loam,359,4,1.0,CoM0265,438.51,6.86,78.9,10.3,29.6,20.4
1172.28,29.84,7.59,137.3,49.5,65.34,Red Soil,346,2,0.82,Co86032,332.52,6.47,78.6,10.8,28.0,19.9
1408.21,30.8,7.82,146.34,52.84,70.8,Red Soil,356,2,0.96,Co86032,368.52,6.93,86.7,9.1,27.0,18.2
1482.93,32.52,8.53,187.65,68.6,80.48,Clay Loam,383,3,0.96,Co86032,478.6,6.94,93.4,11.6,39.0,18.9
963.91,27.75,7.19,118.53,41.28,58.54,Sandy Loam,329,4,0.13,Co0238,190.85,6.87,78.6,7.5,27.4,17.1
1815.74,34.05,8.92,215.2,80.5,101.21,Alluvial,408,3,1.0,Co86032,548.76,6.62,98.0,12.2,43.5,16.1
1289.28,29.75,7.74,145.26,52.45,67.81,Red Soil,350,2,1.0,Co0238,355.55,6.74,81.3,10.2,32.8,19.2
1822.7,33.9,8.74,225.72,80.71,101.0,Alluvial,416,3,1.0,Co86032,545.22,6.76,91.1,9.6,33.8,14.7
1274.49,31.73,8.27,165.87,62.55,76.59,Alluvial,371,3,0.11,Co86032,316.91,6.85,70.7,9.7,26.6,14.6
1202.81,31.47,8.33,164.24,60.42,76.96,Alluvial,366,3,0.0,Co86032,333.79,6.41,80.6,11.1,27.9,18.6
1519.22,32.73,8.77,184.13,69.58,83.64,Clay Loam,387,3,1.0,Co86032,485.81,6.72,85.0,13.8,27.7,17.2
909.43,27.18,7.2,115.4,45.63,56.42,Sandy Loam,326,4,0.13,Co0238,188.4,6.66,73.6,8.0,27.2,19.9
1462.79,31.9,8.28,183.43,67.52,82.12,Alluvial,380,3,0.93,Co0238,470.28,7.12,87.0,14.8,36.5,17.7
1731.83,33.61,8.97,214.8,80.09,99.41,Alluvial,405,3,1.0,CoM0265,534.35,7.03,89.6,5.8,36.0,15.7
1644.1,32.88,8.8,199.0,77.78,90.61,Clay Loam,399,3,1.0,CoM0265,501.03,6.45,83.5,12.0,35.2,17.6
800.0,26.5,6.82,100.28,40.0,51.17,Sandy Loam,320,5,0.03,Co0238,201.1,6.47,70.7,14.6,23.8,20.4
1727.52,32.57,8.67,200.75,74.51,89.58,Clay Loam,390,4,0.0,Co0238,360.69,6.64,90.3,8.0,37.9,19.4
974.63,28.24,7.13,118.62,44.67,60.2,Red Soil,331,2,1.0,Co0238,311.93,6.95,66.6,8.9,26.0,18.0
1237.96,30.82,8.01,153.13,60.49,71.71,Alluvial,359,3,0.9,CoM0265,446.18,7.08,78.2,9.4,33.2,20.8
1916.04,34.5,9.3,229.66,82.2,106.67,Alluvial,414,3,0.0,CoM0265,407.67,6.97,98.0,5.3,36.2,16.0
1790.53,33.31,8.94,206.76,76.02,94.37,Clay Loam,405,4,1.0,Co0238,525.79,6.92,90.9,8.3,34.9,17.4
919.25,27.55,7.01,116.0,42.88,55.67,Sandy Loam,328,4,1.0,CoM0265,287.31,6.69,66.9,10.5,29.5,18.3
1788.1,33.85,8.93,209.56,80.83,98.1,Alluvial,402,3,0.88,Co86032,547.71,6.71,83.9,9.6,43.0,17.7
1814.96,34.26,9.18,224.19,82.25,103.08,Alluvial,412,3,0.95,Co86032,557.88,6.89,96.3,10.3,33.2,15.3
1410.78,32.94,8.46,192.34,70.72,84.23,Clay Loam,388,4,0.97,Co0238,495.33,7.02,84.4,13.1,25.6,18.3
1634.5,32.3,8.65,189.87,72.56,85.59,Clay Loam,394,4,0.1,Co0238,344.69,6.91,81.8,9.1,39.0,17.9
1666.77,32.46,8.61,201.91,72.12,85.84,Clay Loam,389,4,0.0,Co0238,356.4,6.72,89.1,15.5,36.2,18.4
1614.47,32.2,8.66,175.37,63.28,76.83,Clay Loam,376,3,0.96,CoM0265,458.89,6.92,75.3,13.4,38.0,17.7
1110.78,29.77,7.55,132.97,48.28,64.14,Red Soil,344,2,0.96,Co86032,316.83,6.63,71.0,9.2,30.6,19.9
1316.25,31.35,7.97,165.64,60.43,75.77,Alluvial,365,3,0.92,CoM0265,455.27,6.69,78.0,10.9,23.4,21.3
894.77,27.18,6.96,112.88,43.05,56.79,Sandy Loam,326,5,1.0,Co86032,281.54,6.83,79.9,13.5,28.4,19.8
825.84,26.73,6.8,101.37,41.71,51.98,Sandy Loam,321,5,0.0,Co0238,189.92,6.74,67.3,10.7,30.4,22.3
1285.11,31.42,8.18,169.1,61.83,76.33,Alluvial,370,3,1.0,CoM0265,460.13,6.73,85.2,9.9,27.5,16.0
889.66,26.8,6.92,114.81,41.26,55.25,Sandy Loam,325,4,0.87,CoM0265,296.11,6.78,84.3,8.9,28.5,19.2
1151.02,30.47,7.83,156.62,55.82,66.92,Clay Loam,363,4,1.0,CoM0265,414.06,6.67,77.3,6.0,27.4,21.1
951.32,28.34,7.57,119.66,45.7,60.06,Red Soil,331,2,1.0,Co0238,314.55,7.01,78.0,9.5,21.6,21.0
800.0,26.5,6.8,100.0,40.18,51.41,Sandy Loam,320,5,0.96,Co86032,263.91,7.21,64.9,7.7,24.3,18.5
831.33,26.95,6.8,105.5,41.07,50.07,Sandy Loam,324,5,1.0,Co86032,268.2,7.0,73.3,15.4,28.2,20.2
960.84,28.2,7.28,119.06,46.84,62.33,Red Soil,332,2,1.0,Co0238,321.5,6.98,73.8,12.7,26.1,18.6
1370.0,30.5,7.86,149.64,51.37,68.73,Red Soil,357,2,0.99,Co86032,356.74,6.99,85.8,9.3,29.3,19.5
933.74,27.1,7.16,111.62,40.61,55.6,Sandy Loam,320,5,0.9,Co86032,286.06,6.94,70.7,15.1,23.4,16.4
1819.17,34.01,8.98,220.9,79.52,99.74,Alluvial,413,3,0.99,Co86032,554.0,6.67,89.7,8.9,34.0,15.9
1913.64,34.9,9.25,242.51,85.03,110.54,Alluvial,419,3,0.97,Co86032,580.4,6.34,87.5,8.6,36.7,16.7
1555.77,32.14,8.43,173.96,61.63,78.36,Clay Loam,376,3,1.0,CoM0265,467.98,6.54,85.5,10.0,41.4,16.8
1335.34,29.57,7.69,145.2,50.64,65.73,Red Soil,344,2,0.97,Co0238,359.45,6.68,81.7,11.6,30.6,15.6
1156.37,29.91,7.6,133.33,47.92,63.98,Red Soil,346,2,0.86,Co86032,347.57,6.53,84.6,9.0,34.8,16.3
1378.51,30.78,7.75,142.6,52.69,68.21,Red Soil,356,2,1.0,Co86032,384.64,6.82,84.8,10.2,36.4,19.1
800.0,26.5,6.84,107.63,41.43,51.1,Sandy Loam,324,5,0.0,Co0238,195.14,6.75,66.2,9.4,19.6,19.7
1776.66,33.28,8.83,215.04,79.06,95.9,Alluvial,407,3,1.0,Co86032,525.22,6.91,90.4,14.6,42.7,17.8
1663.17,32.47,8.63,199.48,74.59,88.38,Clay Loam,392,4,0.02,Co0238,361.98,6.83,88.3,8.9,37.6,15.7
1544.22,33.2,8.73,190.9,72.48,85.82,Alluvial,388,3,1.0,Co86032,515.13,6.8,90.3,8.2,33.9,17.1
1330.69,30.06,7.52,143.6,50.78,66.84,Red Soil,352,2,0.8,Co0238,345.52,6.94,82.5,11.3,22.3,17.7
878.53,26.76,6.8,100.0,40.0,51.14,Sandy Loam,322,5,1.0,Co86032,280.88,6.85,72.4,13.4,28.0,20.5
1838.3,34.55,8.89,225.01,81.81,99.24,Alluvial,413,3,1.0,CoM0265,548.81,6.79,87.7,9.6,36.9,15.7
1000.98,28.97,7.19,131.55,47.72,63.92,Red Soil,343,2,0.0,CoM0265,226.89,6.69,74.9,14.0,24.7,18.8
1791.13,33.98,9.13,223.42,81.86,101.72,Alluvial,409,3,0.96,Co86032,547.37,7.07,96.1,5.7,36.1,17.5
1515.31,32.05,8.56,184.04,69.71,84.82,Clay Loam,380,3,0.9,Co86032,505.74,6.87,87.5,10.9,31.1,18.5
1051.49,28.29,7.59,127.5,46.11,58.31,Red Soil,336,2,0.98,Co0238,318.93,7.16,80.8,7.3,33.6,18.1
1685.2,32.28,8.61,193.92,70.46,90.18,Clay Loam,393,4,0.0,Co0238,349.61,6.28,90.5,12.3,37.2,16.6
1283.85,31.07,7.88,165.21,62.69,75.77,Alluvial,369,3,1.0,CoM0265,457.95,6.86,86.1,7.3,31.5,17.8
1134.58,30.0,7.48,134.19,49.08,62.14,Red Soil,346,2,0.94,Co86032,325.43,6.74,77.4,14.0,27.2,22.2
1006.12,27.9,7.56,126.42,46.09,60.4,Red Soil,336,2,1.0,Co0238,328.3,7.06,85.2,7.5,25.3,20.0
1802.23,33.77,9.01,212.16,78.48,96.89,Alluvial,407,3,1.0,Co86032,534.35,6.94,98.0,7.8,41.4,15.4
1202.79,31.46,8.22,166.02,59.83,75.34,Alluvial,369,3,0.0,Co86032,328.57,6.8,73.9,12.5,31.3,19.6
888.89,27.04,6.95,115.41,42.0,52.56,Sandy Loam,323,5,1.0,Co0238,294.92,6.82,83.7,11.9,24.3,21.2
1281.5,31.68,7.75,156.72,58.21,73.79,Alluvial,370,3,1.0,CoM0265,452.16,6.75,83.3,9.6,34.5,17.9
932.44,26.68,6.91,106.7,41.54,53.69,Sandy Loam,325,5,0.96,Co86032,273.9,6.96,66.7,11.1,29.2,22.5
1264.44,30.91,7.9,154.9,58.87,74.6,Alluvial,360,3,1.0,CoM0265,448.55,6.56,76.7,10.0,38.9,19.9
1820.85,34.01,8.91,216.71,82.75,100.01,Alluvial,409,3,0.97,Co86032,560.34,6.73,98.0,10.2,44.9,17.6
830.41,26.5,6.84,105.12,40.0,50.46,Sandy Loam,324,5,0.91,Co86032,268.71,7.06,76.2,13.9,21.7,19.0
1026.13,28.57,7.35,137.69,48.66,63.66,Red Soil,339,2,0.05,CoM0265,224.17,6.79,83.9,7.6,24.6,20.6
1000.68,28.42,7.28,117.01,47.85,61.28,Red Soil,334,2,1.0,Co0238,310.93,6.84,72.7,7.4,26.5,20.2
1952.04,34.29,9.12,234.81,85.75,110.13,Alluvial,417,3,0.86,Co86032,563.22,6.66,96.7,14.2,38.9,17.7
1291.37,31.41,7.98,167.95,62.74,77.96,Alluvial,373,3,1.0,CoM0265,485.26,6.61,80.9,11.8,31.7,19.2
965.47,28.35,7.03,120.85,44.18,61.31,Red Soil,331,2,1.0,Co0238,308.43,6.82,75.4,7.2,30.0,22.0
1714.6,32.08,8.36,196.17,70.78,87.42,Clay Loam,389,4,0.0,Co0238,355.93,6.66,84.7,8.2,40.2,15.6
1338.49,30.49,7.69,143.68,54.1,68.21,Red Soil,355,2,1.0,Co86032,353.48,6.8,76.1,10.6,29.5,19.4
1585.28,31.9,8.41,169.89,61.93,77.2,Clay Loam,376,3,1.0,CoM0265,443.68,6.72,89.4,5.5,28.2,16.1
806.71,26.58,6.8,105.08,40.59,51.29,Sandy Loam,323,5,1.0,Co86032,271.69,7.14,71.8,9.6,26.8,21.0
894.41,27.47,7.09,109.79,42.05,52.4,Sandy Loam,328,5,0.96,Co86032,281.65,6.89,67.2,7.0,25.4,18.9
1119.37,30.53,7.7,152.59,54.89,71.98,Clay Loam,358,4,1.0,CoM0265,415.22,6.76,76.7,13.3,35.4,21.5
921.48,27.23,6.92,104.22,40.89,52.35,Sandy Loam,326,5,0.96,Co86032,290.27,6.61,71.3,6.4,21.9,18.3
800.0,26.5,6.8,101.69,40.04,52.56,Sandy Loam,327,5,0.0,Co0238,206.07,6.87,76.7,11.2,23.7,19.9
812.48,26.5,6.98,100.0,40.25,51.59,Sandy Loam,321,5,0.11,Co0238,201.39,6.7,79.0,7.8,29.3,21.0
1177.89,29.81,7.73,131.48,48.08,62.76,Red Soil,349,2,1.0,Co86032,322.71,6.67,74.1,12.1,25.8,21.5
1506.22,33.2,8.54,193.36,70.38,85.34,Clay Loam,381,4,0.96,Co0238,495.77,6.82,81.8,11.5,33.9,18.7
1740.99,33.16,8.87,206.82,76.57,90.99,Clay Loam,399,4,0.8,Co0238,514.43,6.8,96.4,8.2,40.0,13.5
1683.66,33.35,8.66,204.94,73.08,90.66,Clay Loam,397,3,0.96,CoM0265,500.99,6.31,89.4,10.1,41.3,16.4
1032.64,30.88,7.85,153.29,55.15,68.11,Clay Loam,357,4,1.0,CoM0265,441.27,6.85,79.0,8.4,26.0,17.5
1114.57,29.06,7.64,137.66,47.56,62.61,Red Soil,345,2,1.0,Co86032,334.75,6.96,78.9,10.3,27.8,19.4
1550.74,33.04,8.72,202.3,72.99,85.86,Alluvial,390,3,0.88,Co86032,509.63,7.07,81.7,7.8,38.3,17.0
1021.67,28.76,7.42,130.3,48.99,61.04,Red Soil,340,2,0.0,CoM0265,222.17,6.69,75.1,10.7,25.8,19.0
943.38,27.54,7.15,116.47,42.71,55.8,Sandy Loam,324,4,0.0,Co0238,203.94,6.5,81.3,6.8,22.2,20.3
1536.55,32.73,8.6,188.25,70.4,83.04,Clay Loam,383,3,1.0,Co86032,504.58,6.8,91.3,9.1,37.2,17.3
1676.02,33.16,8.76,201.94,73.95,90.49,Clay Loam,399,3,0.85,CoM0265,516.52,6.73,78.9,9.8,36.0,16.3
1309.78,31.53,7.99,160.85,62.75,76.57,Alluvial,372,3,1.0,CoM0265,461.85,6.68,84.8,7.1,31.3,20.9
1030.18,28.52,7.09,120.14,46.28,61.3,Red Soil,333,2,0.94,Co0238,320.07,6.81,79.5,6.8,29.1,18.4
889.73,27.03,7.03,109.19,42.27,53.71,Sandy Loam,328,4,0.94,CoM0265,275.65,6.85,63.0,6.1,24.3,18.5
1811.43,34.03,8.98,225.18,81.33,99.54,Alluvial,412,3,1.0,Co86032,538.95,6.48,92.9,12.0,36.3,16.4
1857.61,34.51,8.78,229.34,84.95,104.67,Alluvial,411,3,1.0,CoM0265,575.65,7.03,87.7,11.8,36.9,17.7
1966.22,35.05,9.1,240.48,85.58,109.44,Alluvial,421,3,0.98,Co86032,563.99,6.84,84.0,14.3,44.4,14.2
1018.5,29.08,7.54,126.31,46.93,59.34,Red Soil,346,2,0.0,CoM0265,206.91,6.8,73.4,4.6,26.4,21.3
1469.16,32.96,8.4,192.83,70.47,84.64,Clay Loam,381,4,1.0,Co0238,510.73,6.59,90.1,12.1,33.7,16.7
1883.23,34.42,9.02,231.46,81.72,103.69,Alluvial,419,3,0.0,CoM0265,384.21,6.5,89.5,11.1,41.5,17.3
1358.23,30.54,7.76,153.29,56.81,69.3,Red Soil,356,2,1.0,Co86032,360.48,6.62,86.3,11.1,35.6,19.0
1864.79,34.49,9.22,238.07,81.57,106.01,Alluvial,418,3,0.14,CoM0265,383.09,6.85,86.0,8.9,34.2,16.6
1360.82,29.76,7.47,141.97,49.87,64.08,Red Soil,357,2,1.0,Co0238,343.67,6.46,88.7,7.8,32.8,15.8
1148.9,29.68,7.52,135.59,49.32,60.47,Red Soil,342,2,1.0,Co86032,334.17,6.61,70.7,11.4,29.7,16.0
1151.81,29.93,7.72,135.79,50.23,64.36,Red Soil,342,2,1.0,Co86032,335.08,6.38,76.4,14.8,30.8,17.4
1625.76,32.0,8.22,171.14,61.69,77.05,Clay Loam,378,3,0.95,CoM0265,458.62,7.0,81.6,8.1,37.4,17.6
1155.09,30.55,7.66,157.62,57.72,71.16,Clay Loam,361,4,0.98,CoM0265,432.06,6.74,73.8,13.1,30.0,17.4
858.4,26.5,6.8,108.96,44.94,53.82,Sandy Loam,320,5,0.96,Co0238,272.11,6.54,74.8,6.2,18.3,19.3
1660.5,32.09,8.29,170.78,62.82,77.31,Clay Loam,373,3,0.97,CoM0265,459.28,7.06,87.8,12.3,35.2,15.7
1290.99,31.1,8.13,167.78,61.33,77.0,Alluvial,375,3,1.0,CoM0265,482.9,7.33,80.0,7.2,23.4,21.4
1802.37,33.8,9.04,216.91,78.66,98.38,Alluvial,410,3,0.96,CoM0265,527.25,6.87,89.5,12.4,36.2,14.4
1915.27,34.39,8.99,226.09,81.44,104.84,Alluvial,414,3,0.97,CoM0265,552.07,6.91,92.7,9.2,38.9,15.9
1528.11,33.13,8.75,190.78,72.5,87.61,Clay Loam,387,4,1.0,Co0238,489.73,6.86,82.0,11.5,23.5,20.0
1742.21,33.34,8.97,204.49,77.85,93.72,Clay Loam,400,4,0.83,Co0238,527.48,7.04,81.9,8.9,35.5,17.5
811.64,26.65,7.01,100.9,40.0,50.0,Sandy Loam,323,5,0.01,Co0238,188.4,7.07,80.5,10.5,27.1,19.2
1056.76,28.68,7.65,129.89,48.54,58.9,Red Soil,335,2,1.0,Co0238,323.37,6.2,79.9,13.5,33.8,19.6
1323.24,30.17,7.75,149.18,51.85,68.52,Red Soil,355,2,1.0,Co86032,366.09,6.87,95.4,6.9,28.6,17.3
961.84,28.15,7.48,118.0,45.17,60.93,Red Soil,338,2,1.0,Co0238,317.76,6.99,76.1,12.5,24.8,18.2
868.35,26.76,6.96,109.43,40.0,52.94,Sandy Loam,321,5,0.86,Co0238,276.3,6.86,69.2,6.2,25.6,20.0
1077.34,28.96,7.35,131.27,47.37,62.44,Red Soil,339,2,0.0,CoM0265,240.43,7.18,80.5,9.7,30.6,20.3
1269.33,31.33,8.05,164.6,60.17,75.66,Alluvial,375,3,1.0,CoM0265,474.61,6.96,80.4,7.1,31.1,21.2
1296.2,29.99,7.74,142.18,49.55,64.76,Red Soil,349,2,1.0,Co0238,360.5,6.77,81.8,7.6,26.2,20.9
1488.3,32.52,8.53,183.94,68.94,82.62,Clay Loam,386,3,1.0,Co86032,496.45,6.49,85.3,10.7,38.4,15.7
800.0,26.5,6.8,104.54,40.72,51.35,Sandy Loam,323,5,0.82,Co86032,276.37,6.79,75.2,11.3,24.1,20.5
1475.12,33.08,8.34,188.89,68.94,86.01,Clay Loam,389,4,0.91,Co0238,505.11,6.44,85.7,9.9,33.1,16.5
800.0,26.87,6.99,103.69,41.74,50.0,Sandy Loam,320,5,0.0,Co0238,200.79,6.58,73.5,8.2,23.2,20.5
864.22,26.94,7.01,107.74,40.61,54.98,Sandy Loam,326,5,0.98,Co86032,276.12,6.79,69.5,10.0,26.4,20.1
930.34,27.4,7.27,118.8,44.26,60.09,Sandy Loam,329,4,0.0,Co0238,188.4,6.89,73.3,12.6,28.3,19.0
1770.91,33.83,8.94,213.93,78.99,102.43,Alluvial,410,3,1.0,CoM0265,526.14,6.65,85.9,2.1,39.3,17.0
1688.14,33.26,8.88,198.53,73.97,88.51,Clay Loam,395,3,1.0,CoM0265,506.23,6.92,84.9,10.1,37.2,16.7
1163.9,29.81,7.84,140.69,51.1,65.54,Red Soil,349,2,0.9,Co86032,338.39,6.47,75.7,10.2,29.5,18.0
1320.28,30.67,7.85,141.71,53.39,69.2,Red Soil,360,2,0.93,Co86032,377.75,6.91,85.0,14.4,29.4,16.9
1254.7,31.1,8.01,159.15,56.98,72.52,Alluvial,367,3,0.9,CoM0265,443.32,6.59,76.6,11.7,31.4,19.7
833.96,26.5,6.8,101.14,40.16,50.0,Sandy Loam,320,5,1.0,Co86032,268.15,6.82,81.8,4.4,25.1,19.5
1310.45,29.81,7.7,147.33,49.67,67.66,Red Soil,351,2,1.0,Co0238,349.68,6.81,84.6,6.7,28.1,21.3
1283.68,31.27,7.83,160.61,59.08,69.33,Alluvial,368,3,0.79,CoM0265,428.12,6.91,75.2,7.4,31.4,19.2
800.0,26.68,6.83,105.14,40.98,52.19,Sandy Loam,322,5,0.9,Co0238,268.75,6.79,70.9,6.8,27.5,21.3
1025.2,28.47,7.12,123.78,49.23,62.35,Red Soil,340,2,0.0,CoM0265,223.63,6.85,75.7,7.7,25.5,20.1
1731.08,33.32,8.8,211.21,77.31,97.32,Alluvial,408,3,0.76,Co86032,529.79,6.74,94.1,10.0,40.9,17.4
1363.18,31.84,7.91,170.29,68.98,84.31,Alluvial,380,3,0.9,Co0238,481.71,6.42,84.8,7.3,34.5,19.3
870.69,27.36,6.84,112.75,43.72,55.49,Sandy Loam,324,5,0.94,Co86032,308.39,6.68,79.0,7.8,30.1,22.9
876.13,27.1,6.8,104.89,40.0,50.32,Sandy Loam,323,5,1.0,Co0238,279.73,7.01,82.2,13.4,25.5,20.8
808.17,26.78,6.91,106.47,42.63,52.16,Sandy Loam,323,5,1.0,Co0238,272.3,6.75,63.5,8.4,29.3,22.8
1729.44,33.23,8.64,210.54,74.07,92.97,Clay Loam,407,4,0.89,Co0238,524.23,6.64,89.0,11.3,39.2,18.3
1912.06,34.44,9.16,230.38,81.54,107.21,Alluvial,415,3,0.0,CoM0265,371.91,6.69,82.6,9.3,44.4,14.6
1759.25,34.12,9.0,226.35,80.96,99.76,Alluvial,414,3,1.0,Co86032,544.68,6.74,84.2,7.6,36.4,14.6
1754.62,33.65,8.93,213.85,77.15,99.38,Alluvial,403,3,1.0,Co86032,542.33,6.73,93.5,6.8,35.3,16.1
1341.14,29.58,7.46,139.89,50.79,64.71,Red Soil,349,2,0.92,Co0238,339.36,6.78,72.6,11.6,32.3,17.7
883.07,26.93,7.16,101.83,43.57,52.75,Sandy Loam,321,5,1.0,Co86032,277.57,6.92,70.4,8.1,22.6,21.8
1561.09,32.49,8.55,192.75,71.1,88.13,Alluvial,387,3,0.93,Co86032,500.25,6.5,84.0,4.3,45.2,15.8
1699.13,33.49,8.74,206.68,77.89,93.53,Clay Loam,403,4,0.97,Co0238,519.15,6.69,92.5,12.3,33.6,16.4
1178.28,31.61,8.12,160.98,60.03,74.18,Alluvial,374,3,0.0,Co86032,316.03,6.91,73.3,7.7,23.8,18.8
1356.98,30.63,8.03,137.34,51.51,67.28,Red Soil,353,2,0.98,Co86032,367.17,6.55,82.6,11.3,37.1,19.0
997.54,28.49,7.56,122.91,47.29,61.41,Red Soil,335,2,0.99,Co0238,309.51,6.72,72.0,9.1,26.4,19.3
1535.8,32.87,8.55,187.49,69.52,82.62,Clay Loam,386,4,1.0,Co0238,491.68,6.98,82.2,6.6,31.2,17.7
1623.15,33.0,8.74,198.49,74.55,90.02,Clay Loam,395,3,0.88,CoM0265,524.27,6.8,92.3,11.4,36.2,17.8
1613.03,31.99,8.41,175.56,62.21,78.08,Clay Loam,374,3,0.95,CoM0265,458.83,6.56,87.1,2.4,36.1,18.5
1334.69,30.64,7.83,145.0,53.62,67.31,Red Soil,356,2,1.0,Co86032,365.57,6.85,76.6,8.8,33.6,19.2
1529.52,32.85,8.73,188.8,72.02,83.9,Clay Loam,388,4,0.89,Co0238,501.93,6.72,85.2,10.1,30.9,15.9
836.7,26.86,6.84,100.0,40.0,51.52,Sandy Loam,322,5,0.98,Co86032,256.93,6.73,62.5,9.4,26.5,20.7
1126.96,29.74,7.53,133.31,47.91,62.96,Red Soil,345,2,1.0,Co86032,345.65,7.11,75.8,9.5,27.2,17.2
888.03,26.5,6.93,100.23,40.0,51.63,Sandy Loam,321,5,1.0,Co86032,274.45,6.83,75.6,9.4,22.5,20.6
1723.14,33.71,8.87,210.21,76.63,92.12,Clay Loam,396,4,1.0,Co0238,519.65,6.64,95.7,11.9,41.2,15.3
1479.57,32.88,8.69,195.67,69.68,85.95,Clay Loam,382,4,0.9,Co0238,494.8,7.23,76.3,12.2,31.9,18.6
1750.46,33.37,8.9,205.79,78.78,97.62,Alluvial,403,3,1.0,Co86032,519.29,6.56,88.8,9.2,37.8,16.4
1791.64,34.43,8.96,224.57,81.22,99.61,Alluvial,411,3,0.92,Co86032,545.57,6.88,91.2,13.1,39.4,15.1
1058.61,28.33,7.37,129.39,46.12,60.25,Red Soil,332,2,0.86,Co0238,331.56,6.55,72.4,6.5,27.1,20.8
1039.85,28.83,7.48,135.08,46.81,60.96,Red Soil,339,2,0.04,CoM0265,222.49,6.64,83.8,12.9,21.6,20.6
1193.03,29.88,7.65,131.71,48.59,60.11,Red Soil,347,2,0.93,Co86032,336.55,6.41,84.0,11.7,28.5,18.6
845.65,26.74,6.8,106.07,40.0,53.12,Sandy Loam,320,5,1.0,Co0238,279.58,6.89,72.9,9.1,30.5,20.5
859.93,26.8,6.92,105.95,42.12,53.83,Sandy Loam,326,5,1.0,Co86032,280.76,6.69,76.4,12.5,26.7,22.1
1922.76,34.83,9.28,242.23,85.62,112.0,Alluvial,415,3,0.93,Co86032,575.02,6.81,86.8,11.6,42.7,16.6
1294.81,30.04,7.61,134.13,49.93,66.58,Red Soil,357,2,0.97,Co0238,359.3,6.71,75.2,12.1,27.0,17.3
1602.88,32.89,8.71,188.0,70.28,89.36,Alluvial,390,3,0.83,Co86032,504.58,7.0,98.0,15.7,32.9,16.5
1150.27,30.01,7.5,139.23,48.99,63.01,Red Soil,343,2,1.0,Co86032,347.11,6.86,74.5,15.4,27.9,17.7
1878.34,34.26,9.19,224.84,82.35,104.14,Alluvial,408,3,0.99,CoM0265,551.84,7.11,89.1,7.7,34.1,17.0
1707.37,33.83,8.73,206.61,76.44,94.39,Clay Loam,400,4,1.0,Co0238,524.44,6.59,88.7,9.7,39.8,16.4
961.75,28.55,7.28,119.97,46.18,60.09,Red Soil,335,2,1.0,Co0238,313.72,6.74,73.5,9.7,29.6,19.2
1865.33,34.2,9.02,225.22,83.8,104.09,Alluvial,412,3,1.0,CoM0265,554.39,7.13,94.2,11.3,40.5,16.6
876.67,27.18,6.9,116.09,40.37,55.09,Sandy Loam,321,5,1.0,Co86032,277.69,6.58,70.7,9.4,22.4,22.3
1779.73,33.9,8.85,211.84,78.76,97.97,Alluvial,403,3,0.97,Co86032,541.27,6.8,84.0,8.3,41.9,14.5
1349.64,29.74,7.7,141.06,49.24,68.18,Red Soil,349,2,1.0,Co0238,353.07,6.87,77.1,15.1,35.0,18.7
1028.01,28.64,7.51,133.1,48.86,60.84,Red Soil,339,2,1.0,Co0238,334.45,6.77,69.0,7.1,29.0,19.8
881.98,26.72,7.19,112.4,41.06,54.22,Sandy Loam,325,5,1.0,Co86032,290.17,6.78,76.0,13.1,26.0,18.3
1537.06,32.7,8.47,192.36,69.87,85.28,Clay Loam,386,4,1.0,Co0238,502.75,7.04,85.6,11.0,34.8,15.7
907.96,26.84,6.93,103.93,41.22,55.68,Sandy Loam,327,5,0.99,Co0238,275.66,6.95,73.3,10.2,21.2,18.6
1354.38,31.92,8.32,177.11,68.22,81.19,Alluvial,380,3,1.0,Co0238,472.71,6.78,78.1,12.9,30.6,16.7
880.42,26.51,6.82,103.9,42.75,50.56,Sandy Loam,320,5,1.0,Co0238,273.44,6.54,72.5,8.3,29.4,18.8
1091.8,29.98,7.91,153.75,56.71,68.63,Clay Loam,360,4,0.91,CoM0265,426.75,7.02,74.6,10.5,28.6,20.9
1220.22,31.67,8.23,164.78,58.05,72.77,Alluvial,373,3,0.0,Co86032,315.04,6.52,95.7,13.9,31.9,19.0
1434.78,32.01,8.24,175.88,67.86,85.05,Alluvial,377,3,1.0,Co0238,480.03,6.58,81.7,10.5,31.5,19.2
1827.56,34.14,9.1,223.41,83.51,101.3,Alluvial,412,3,0.84,CoM0265,566.67,6.79,95.1,9.0,43.7,15.1
1668.13,32.95,9.08,202.32,74.73,89.02,Clay Loam,395,3,1.0,CoM0265,509.06,6.78,93.6,7.8,32.9,16.8
1123.68,30.56,7.96,147.56,56.64,71.04,Clay Loam,360,4,1.0,CoM0265,432.89,6.89,70.0,12.0,32.0,17.2
990.98,28.47,7.41,123.98,45.03,61.79,Red Soil,332,2,0.91,Co0238,307.81,7.08,75.3,4.3,26.9,20.5
1018.42,28.47,7.43,124.1,47.09,59.64,Red Soil,333,2,0.93,Co0238,308.0,6.34,71.8,12.4,28.2,20.4
1340.27,30.0,7.66,143.79,49.88,63.35,Red Soil,348,2,0.91,Co0238,349.81,6.79,80.7,7.6,26.7,18.3
1760.94,33.33,8.96,201.62,75.73,95.65,Alluvial,406,3,0.93,Co86032,537.43,6.98,88.5,6.3,42.3,14.6
909.82,27.37,7.06,112.88,43.1,52.78,Sandy Loam,322,4,1.0,CoM0265,281.07,6.73,69.1,11.8,23.1,20.1
1379.57,30.71,7.92,150.82,50.55,64.9,Red Soil,353,2,0.84,Co86032,364.64,6.88,89.3,13.1,31.0,16.2
1831.76,34.6,8.96,216.56,82.04,102.44,Alluvial,408,3,0.9,Co86032,552.95,7.18,90.8,13.2,35.2,14.0
988.19,27.75,7.12,107.42,44.4,57.31,Sandy Loam,328,4,0.03,Co0238,188.4,6.46,68.6,12.8,25.7,20.2
1749.43,33.33,8.56,207.35,74.67,90.62,Clay Loam,399,4,1.0,Co0238,521.9,6.6,88.5,5.9,39.0,13.7
1283.23,31.72,8.01,164.08,61.61,78.31,Alluvial,372,3,1.0,CoM0265,469.17,6.69,84.9,4.0,31.5,17.5
1155.01,29.38,7.8,136.12,50.1,62.96,Red Soil,343,2,0.96,Co86032,340.79,6.73,74.5,5.5,29.4,17.7
1088.1,28.53,7.34,133.32,50.47,60.05,Red Soil,340,2,0.0,CoM0265,204.74,7.02,81.7,11.1,27.1,18.7
987.02,28.1,7.39,128.09,46.6,58.18,Red Soil,330,2,1.0,Co0238,327.47,6.85,69.0,9.2,21.8,20.9
1779.21,33.9,8.91,217.83,79.92,97.02,Alluvial,406,3,1.0,Co86032,528.86,6.85,87.2,10.6,42.7,17.3
1055.69,30.43,7.79,154.96,53.92,67.44,Clay Loam,360,4,1.0,CoM0265,411.08,6.48,74.6,11.5,29.1,21.9
939.23,28.36,7.15,122.21,44.74,58.49,Red Soil,333,2,0.99,Co0238,300.39,6.58,74.1,7.1,30.8,20.8
1720.58,33.17,8.93,209.36,78.55,94.13,Alluvial,409,3,0.98,Co86032,525.11,7.02,88.3,8.3,37.5,15.5
1799.36,34.01,8.82,218.31,79.65,100.9,Alluvial,412,3,0.98,Co86032,535.85,7.08,88.9,11.6,35.2,14.5
864.62,26.87,7.19,115.94,43.02,56.16,Sandy Loam,324,4,0.04,Co0238,188.4,6.98,67.5,8.4,27.2,19.4
1910.56,34.81,9.23,235.1,83.21,106.53,Alluvial,420,3,0.0,CoM0265,395.98,7.06,98.0,9.5,41.4,16.5
1776.59,33.71,9.11,218.91,81.08,98.99,Alluvial,408,3,1.0,CoM0265,540.12,6.46,97.5,14.5,41.7,14.5
1491.16,32.82,8.42,185.22,71.98,84.29,Clay Loam,384,3,0.91,Co86032,473.57,6.46,79.0,8.7,35.5,19.1
824.84,26.5,6.8,100.0,41.47,50.48,Sandy Loam,321,5,0.0,Co0238,198.09,6.87,70.3,10.9,21.8,21.6
1717.28,32.16,8.63,195.48,72.04,85.44,Clay Loam,391,4,0.1,Co0238,350.12,6.83,86.4,10.9,33.7,19.4
1052.84,28.73,7.23,130.02,47.74,60.94,Red Soil,340,2,0.16,CoM0265,228.32,6.37,80.2,8.9,26.3,20.3
1405.87,32.01,8.48,173.82,66.8,84.22,Alluvial,381,3,0.97,Co0238,483.99,6.87,82.9,10.3,30.2,17.8
1443.23,32.71,8.48,185.49,64.09,78.9,Alluvial,378,3,1.0,Co86032,473.13,6.82,86.7,5.6,31.7,18.8
848.58,26.79,7.08,107.36,40.69,53.29,Sandy Loam,330,5,1.0,Co86032,285.14,6.36,83.0,4.4,22.2,19.3
1840.83,34.16,9.03,223.72,82.53,101.67,Alluvial,411,3,1.0,Co86032,545.26,6.94,87.5,12.1,41.8,15.8
1312.04,31.31,8.13,163.23,61.31,76.19,Alluvial,373,3,1.0,CoM0265,471.49,6.92,80.6,15.3,34.2,20.6
1743.53,33.98,8.83,213.85,77.73,98.96,Alluvial,406,3,1.0,CoM0265,537.08,6.93,88.7,7.8,32.0,16.8
860.47,27.16,6.89,105.62,40.01,52.06,Sandy Loam,320,5,0.94,Co0238,279.81,7.04,71.6,9.5,25.0,20.4
954.23,28.55,7.27,121.68,45.23,60.95,Red Soil,333,2,1.0,Co0238,307.4,6.89,80.2,9.3,25.9,19.1
830.52,26.5,6.81,106.96,40.92,50.73,Sandy Loam,320,5,0.19,Co0238,200.1,6.9,72.6,8.7,28.4,19.4
807.74,26.5,6.8,103.86,40.0,50.87,Sandy Loam,320,5,0.16,Co0238,194.5,6.93,71.4,9.7,23.7,21.2
898.9,27.83,7.16,116.76,45.45,60.29,Sandy Loam,328,4,0.06,Co0238,202.64,6.77,77.4,15.1,28.6,17.5
871.85,27.34,7.21,104.95,42.64,53.84,Sandy Loam,327,4,1.0,CoM0265,304.22,6.51,76.3,12.2,28.8,20.7
877.21,27.27,6.82,106.33,40.09,51.84,Sandy Loam,325,5,1.0,Co0238,261.43,6.8,70.0,9.3,24.9,20.8
1471.46,32.71,8.56,187.0,70.64,84.55,Clay Loam,385,3,1.0,Co86032,503.17,6.98,88.4,16.9,36.9,16.6
1607.09,31.75,8.35,170.99,63.57,79.47,Clay Loam,371,3,1.0,CoM0265,460.97,7.07,82.5,12.5,30.0,16.5
910.52,26.53,6.8,105.07,40.49,51.13,Sandy Loam,324,5,1.0,Co0238,282.99,6.53,78.3,12.3,30.6,19.6
1575.92,32.31,8.4,162.78,61.31,77.6,Clay Loam,378,3,1.0,CoM0265,457.82,6.91,83.4,5.0,27.4,18.0
1277.5,31.41,7.85,160.39,56.65,73.05,Alluvial,366,3,0.88,CoM0265,428.57,6.64,82.7,15.9,27.9,18.3
1878.39,34.66,8.93,228.67,81.73,105.72,Alluvial,416,3,0.12,CoM0265,401.06,6.51,90.3,10.1,39.9,16.9
1529.2,32.46,8.86,192.69,72.42,87.28,Alluvial,385,3,0.89,Co86032,512.38,6.97,84.4,7.5,35.0,19.3
1327.27,30.71,7.91,146.83,51.97,68.95,Red Soil,358,2,0.99,Co86032,366.36,6.78,80.3,4.7,30.2,16.6
1714.28,33.26,8.72,202.46,76.83,91.25,Clay Loam,404,4,0.99,Co0238,524.35,6.96,93.9,15.3,39.2,16.6
1734.72,33.57,8.98,213.58,78.9,96.93,Alluvial,404,3,1.0,Co86032,522.08,6.73,87.6,16.5,34.2,16.9
1908.8,34.36,9.05,222.33,83.56,102.37,Alluvial,412,3,0.97,CoM0265,576.08,6.65,93.3,4.4,43.7,13.4
921.76,26.82,6.8,101.76,40.0,52.8,Sandy Loam,323,5,1.0,Co0238,271.46,6.59,78.4,17.9,29.1,19.9
1732.31,33.32,8.91,213.01,79.29,96.18,Alluvial,403,3,1.0,Co86032,514.16,7.07,84.7,10.9,38.7,17.0
979.28,27.44,7.17,108.99,43.29,56.23,Sandy Loam,325,4,1.0,CoM0265,284.11,6.73,74.5,10.9,32.5,18.0
1827.01,34.21,9.02,222.08,82.5,99.92,Alluvial,408,3,1.0,Co86032,548.77,7.03,96.5,11.6,40.7,16.9
1824.16,34.12,8.99,228.4,82.65,106.93,Alluvial,415,3,1.0,CoM0265,577.4,7.28,90.6,11.6,38.5,16.2
869.4,26.82,6.88,107.73,41.05,52.65,Sandy Loam,322,5,1.0,Co86032,297.7,6.48,80.9,7.6,21.3,20.2
800.0,26.72,6.98,104.34,41.6,54.12,Sandy Loam,324,5,0.87,Co0238,286.9,6.78,72.3,7.6,26.1,23.1
1288.74,31.34,8.12,170.34,60.78,77.17,Alluvial,373,3,0.8,CoM0265,478.81,6.74,85.6,11.2,31.2,18.5
1864.6,34.13,8.97,222.96,78.95,98.51,Alluvial,409,3,0.88,Co86032,549.83,6.47,91.1,5.8,31.6,16.6
1021.1,30.19,7.72,151.69,51.97,69.34,Clay Loam,358,4,0.92,CoM0265,419.46,6.81,75.3,9.9,27.4,19.6
1218.55,29.8,7.49,133.1,48.02,62.76,Red Soil,349,2,1.0,Co86032,332.4,7.02,86.8,13.5,29.9,18.4
1708.61,33.41,8.57,200.47,77.38,91.45,Clay Loam,398,4,1.0,Co0238,526.05,6.89,95.0,11.5,35.5,17.1
1622.59,32.01,8.44,170.59,63.14,77.89,Clay Loam,378,3,0.93,CoM0265,473.23,7.07,90.3,7.3,33.1,19.0
1369.51,30.63,7.97,149.34,53.02,68.59,Red Soil,353,2,0.9,Co86032,364.93,6.86,75.2,8.6,30.1,19.0
1791.52,34.16,9.01,219.69,81.86,97.6,Alluvial,410,3,0.82,Co86032,539.71,6.69,98.0,9.2,41.7,16.6
1857.74,34.88,8.91,224.71,82.03,103.11,Alluvial,416,3,1.0,CoM0265,542.09,6.64,92.4,11.2,38.7,15.5
1800.21,33.62,9.01,217.17,81.72,100.65,Alluvial,414,3,0.99,CoM0265,544.48,7.1,84.5,12.7,36.5,15.1
1141.97,29.5,7.64,142.92,48.29,65.42,Red Soil,344,2,1.0,Co86032,344.48,6.72,74.8,11.4,27.1,18.2
818.42,27.08,6.8,105.34,42.21,50.56,Sandy Loam,320,5,0.91,Co86032,264.23,7.21,67.3,8.9,25.2,20.8
1515.75,33.18,8.64,196.52,68.28,85.58,Clay Loam,384,4,0.88,Co0238,510.42,6.92,86.4,4.9,37.0,16.7
1227.39,31.12,7.89,153.43,59.21,72.18,Alluvial,368,3,0.89,CoM0265,439.91,6.85,73.9,6.2,26.7,19.5
1331.47,31.61,8.13,167.3,63.34,75.87,Alluvial,374,3,1.0,CoM0265,475.26,6.75,88.1,10.2,32.7,15.9
1834.98,33.84,8.82,215.98,77.9,94.96,Alluvial,405,3,1.0,Co86032,530.57,6.43,83.9,6.8,35.1,16.6
861.66,27.0,6.8,101.76,40.43,54.07,Sandy Loam,321,5,0.99,Co0238,271.77,6.83,76.2,12.0,21.6,20.4
1027.03,28.09,7.12,123.91,45.57,59.98,Red Soil,337,2,1.0,Co0238,294.83,6.7,67.0,7.5,25.9,18.2
1128.96,30.59,7.85,143.28,55.88,68.48,Clay Loam,365,4,0.89,CoM0265,430.31,6.4,79.8,11.4,31.1,20.1
1474.47,32.28,8.65,187.02,70.21,83.96,Clay Loam,379,3,1.0,Co86032,500.07,6.77,76.2,6.9,35.1,15.3
1550.18,32.97,8.67,192.74,72.15,82.6,Alluvial,383,3,0.96,Co86032,509.16,6.7,77.6,9.8,34.0,15.9
1422.68,31.98,8.06,171.09,68.7,81.51,Alluvial,381,3,0.91,Co0238,467.12,6.42,86.9,9.6,35.9,18.2
1895.12,34.46,9.07,233.73,80.84,105.6,Alluvial,414,3,0.11,CoM0265,379.24,6.86,97.3,7.1,42.7,14.5
1317.09,31.44,8.17,162.55,61.03,79.91,Alluvial,371,3,0.99,CoM0265,472.35,6.88,79.0,11.3,34.9,20.3
1602.89,32.65,8.66,165.32,65.02,79.63,Clay Loam,375,3,0.8,CoM0265,473.8,6.53,88.6,6.7,32.0,17.3
1806.07,33.81,9.0,216.05,77.77,95.06,Alluvial,407,3,0.92,Co86032,536.63,7.16,84.4,10.0,41.6,16.1
854.42,26.74,6.8,100.54,40.0,52.93,Sandy Loam,320,5,1.0,Co0238,286.81,6.87,76.2,10.1,21.9,20.9
1464.04,32.58,8.58,178.07,64.34,80.49,Alluvial,385,3,0.8,Co86032,482.88,7.01,84.5,6.5,33.8,15.3
941.78,28.3,7.27,124.47,47.24,61.05,Red Soil,329,2,1.0,Co0238,320.43,6.66,88.7,4.8,26.5,20.8
1273.85,31.27,8.03,154.22,59.15,70.89,Alluvial,363,3,1.0,CoM0265,437.52,6.68,81.3,9.8,29.8,19.2
1764.71,33.8,8.96,216.52,83.07,98.02,Alluvial,411,3,1.0,Co86032,537.98,6.97,88.3,10.3,31.3,14.5
1715.17,33.62,8.93,206.67,76.57,93.6,Alluvial,406,3,0.96,Co86032,534.69,7.0,81.2,15.5,40.6,17.6
843.51,26.9,6.8,100.21,40.0,50.28,Sandy Loam,320,5,0.96,Co86032,260.12,6.96,67.5,14.7,27.4,18.2
1799.43,34.19,8.89,212.46,79.15,100.49,Alluvial,411,3,0.98,Co86032,541.66,7.37,92.2,8.7,38.1,16.1
1520.71,33.02,8.77,190.43,70.3,85.46,Clay Loam,388,4,0.94,Co0238,488.71,6.58,85.7,6.3,35.4,14.5
1803.95,33.36,8.91,206.82,78.81,94.09,Alluvial,408,3,0.99,Co86032,534.03,6.93,83.8,15.2,37.7,17.4
833.05,26.98,6.9,100.0,41.48,54.12,Sandy Loam,320,5,1.0,Co86032,273.99,6.76,66.1,11.2,22.5,19.0
1775.57,35.11,8.88,222.7,78.25,103.77,Alluvial,411,3,0.91,Co86032,534.07,6.65,97.2,11.7,33.2,13.0
1368.67,31.93,8.38,173.43,66.75,81.19,Alluvial,373,3,0.84,Co0238,481.69,6.75,85.8,9.2,33.6,16.7
1658.05,33.08,8.82,205.15,75.87,89.33,Clay Loam,391,3,0.91,CoM0265,494.25,7.06,92.5,11.2,32.6,19.7
1777.65,33.0,8.89,205.25,78.52,94.22,Alluvial,403,3,0.79,Co86032,526.0,6.66,88.5,9.0,35.6,16.6
1643.71,32.95,8.76,202.64,74.97,86.41,Clay Loam,394,3,1.0,CoM0265,495.73,6.65,78.1,11.6,38.0,16.8
1107.37,29.12,7.18,138.17,46.68,62.38,Red Soil,345,2,0.0,CoM0265,229.08,6.56,75.8,13.3,29.7,21.5
809.72,26.61,6.94,103.3,41.42,50.0,Sandy Loam,323,5,1.0,Co0238,273.59,6.98,64.8,9.7,23.8,21.7
1219.63,31.14,8.31,163.74,59.56,73.26,Alluvial,369,3,0.14,Co86032,313.48,6.76,88.6,7.2,29.4,17.8
1830.02,33.68,8.92,216.28,79.53,97.52,Alluvial,405,3,1.0,Co86032,519.63,6.73,87.8,9.6,38.2,16.4
1691.95,33.18,8.55,204.71,76.21,89.05,Clay Loam,398,4,1.0,Co0238,513.49,6.93,90.2,12.6,35.4,16.3
1686.45,32.98,8.94,206.18,76.78,90.38,Clay Loam,394,3,0.99,CoM0265,502.22,6.51,80.1,12.0,33.1,17.4
1151.93,29.52,7.63,127.99,49.51,62.0,Red Soil,344,2,1.0,Co86032,326.03,6.74,74.8,7.8,27.0,17.0
1663.75,32.32,8.52,194.43,71.93,91.34,Clay Loam,387,4,0.0,Co0238,367.59,6.66,93.5,10.7,32.6,17.1
1645.84,33.08,8.84,196.47,75.39,90.82,Clay Loam,395,3,1.0,CoM0265,518.37,7.25,93.5,12.5,33.8,16.2
1049.87,29.23,7.28,119.0,48.24,62.78,Red Soil,339,2,0.0,CoM0265,215.68,6.6,70.7,10.5,30.5,20.0
949.19,27.51,7.29,116.85,42.38,60.27,Sandy Loam,335,4,0.03,Co0238,195.54,6.57,79.1,6.7,26.6,18.5
1320.41,30.58,8.02,143.69,51.53,68.9,Red Soil,355,2,0.84,Co86032,351.16,6.79,83.7,9.6,31.8,19.2
800.0,26.9,6.8,100.0,42.58,54.14,Sandy Loam,323,5,1.0,Co86032,268.03,7.3,71.2,13.0,25.9,18.7
1300.58,29.96,7.56,141.47,48.89,64.43,Red Soil,352,2,0.9,Co0238,348.71,6.64,85.1,7.7,32.2,18.7
1512.83,32.74,8.63,182.17,71.85,82.48,Clay Loam,384,3,1.0,Co86032,502.43,6.9,73.5,9.5,32.3,17.9
1696.19,32.89,8.64,205.16,78.87,93.76,Clay Loam,397,4,0.87,Co0238,532.97,6.7,86.1,13.1,35.3,19.4
1516.26,32.97,8.7,187.95,70.61,85.3,Clay Loam,384,4,1.0,Co0238,509.46,6.86,83.7,10.5,36.3,17.7
847.24,26.86,6.8,109.06,40.53,56.56,Sandy Loam,326,5,1.0,Co0238,258.62,6.99,67.8,10.3,22.8,19.0
1288.62,31.27,8.18,165.74,60.22,77.54,Alluvial,375,3,1.0,CoM0265,483.73,6.38,86.8,14.3,32.4,18.0
1805.04,33.7,9.07,229.61,81.96,101.47,Alluvial,408,3,0.92,CoM0265,549.22,6.75,94.5,13.6,44.6,16.6
1066.72,28.99,7.39,127.82,47.92,61.97,Red Soil,338,2,0.14,CoM0265,226.6,7.15,78.9,11.0,27.4,20.7
1093.28,30.83,7.86,153.4,54.77,72.05,Clay Loam,362,4,1.0,CoM0265,441.7,6.95,88.8,7.7,26.8,18.0
883.52,26.62,6.8,100.78,40.99,51.24,Sandy Loam,324,5,0.85,Co0238,290.38,6.81,78.4,10.3,30.4,20.8
982.8,28.38,7.73,124.5,46.08,61.22,Red Soil,337,2,0.74,Co0238,333.7,6.69,72.6,15.1,27.3,20.3
824.56,27.41,6.98,114.56,40.78,58.84,Sandy Loam,330,4,0.0,Co0238,194.62,6.99,80.1,6.6,27.3,20.8
1203.36,31.43,7.89,149.4,58.25,69.96,Alluvial,364,3,1.0,CoM0265,445.33,6.72,86.6,11.3,28.5,21.1
1877.44,34.26,8.99,226.37,78.88,101.87,Alluvial,415,3,0.81,CoM0265,543.54,6.74,94.2,7.5,35.5,15.0
1855.76,33.96,8.96,220.83,78.45,102.1,Alluvial,409,3,0.95,CoM0265,534.68,6.68,89.1,8.1,38.3,16.0
1950.73,35.19,9.2,241.04,86.0,108.49,Alluvial,418,3,0.93,Co86032,570.67,6.58,89.7,13.3,39.5,15.1
800.0,26.66,6.93,101.36,40.0,51.63,Sandy Loam,322,5,0.89,Co86032,272.28,7.13,63.6,8.3,25.0,18.8
904.02,27.51,7.23,117.73,43.08,59.78,Sandy Loam,323,4,0.03,Co0238,191.36,6.48,68.0,9.5,29.0,22.7
1260.83,30.94,8.06,160.86,61.72,76.42,Alluvial,374,3,0.89,CoM0265,436.83,7.03,78.1,3.3,35.4,19.5
1062.48,28.88,7.35,132.09,47.77,62.43,Red Soil,342,2,0.11,CoM0265,224.97,6.58,82.6,11.0,30.5,19.9
1254.3,30.9,8.08,160.47,59.24,71.63,Alluvial,364,3,0.88,CoM0265,453.29,6.44,78.6,11.8,30.5,19.4
1766.88,34.05,8.85,217.53,79.04,98.09,Alluvial,412,3,1.0,CoM0265,541.8,6.88,83.0,6.6,38.8,13.0
1394.73,31.54,8.22,168.58,67.98,85.32,Alluvial,379,3,0.96,Co0238,488.56,6.79,77.4,10.5,37.3,15.9
871.01,27.03,6.83,107.08,40.0,50.41,Sandy Loam,326,5,0.97,Co0238,262.5,6.58,78.0,11.3,22.1,20.1
1747.69,34.04,8.8,209.88,78.14,97.44,Alluvial,407,3,0.91,Co86032,547.83,6.71,95.9,19.4,35.1,17.1
1466.26,32.78,8.36,189.62,69.99,83.17,Clay Loam,380,3,1.0,Co86032,489.93,6.63,89.7,8.6,34.7,16.9
1043.66,28.87,7.25,126.97,47.02,60.48,Red Soil,339,2,0.0,CoM0265,226.19,6.9,73.6,13.7,30.8,20.5
800.0,26.54,6.97,100.0,40.0,50.27,Sandy Loam,323,5,0.0,Co0238,188.4,6.61,66.1,6.4,20.5,22.5
1440.2,31.94,8.3,176.16,66.01,82.24,Alluvial,379,3,0.99,Co0238,449.18,6.73,81.6,14.2,31.5,17.4
963.52,28.44,7.68,128.57,46.99,61.18,Red Soil,337,2,0.82,Co0238,352.18,6.62,73.0,9.5,25.8,18.8
875.23,26.67,6.84,104.42,42.52,52.61,Sandy Loam,322,5,1.0,Co0238,274.36,6.77,74.2,7.9,31.3,22.6
1586.65,31.84,8.44,171.3,61.74,77.79,Clay Loam,376,3,1.0,CoM0265,449.66,6.76,84.7,6.8,36.9,18.0
820.95,26.55,6.91,100.0,40.0,50.0,Sandy Loam,324,5,0.0,Co0238,195.46,6.8,75.8,6.4,28.0,22.1
1433.13,31.76,8.34,172.87,67.78,82.9,Alluvial,380,3,1.0,Co0238,467.55,7.14,79.9,4.1,32.9,17.3
800.0,26.53,7.01,100.0,41.34,50.0,Sandy Loam,320,5,0.02,Co0238,202.77,6.98,70.3,13.6,25.2,21.1
1008.34,28.54,7.46,127.85,47.52,63.74,Red Soil,337,2,0.96,Co0238,339.48,6.49,78.9,8.8,24.5,20.1
1405.02,30.36,7.91,154.43,50.82,66.91,Red Soil,362,2,0.99,Co86032,372.51,7.05,81.3,5.1,30.1,16.9
902.35,26.94,6.92,110.12,40.83,51.1,Sandy Loam,320,5,0.98,Co0238,264.54,6.51,71.7,8.4,30.1,21.8
800.0,26.5,6.8,100.0,40.0,51.65,Sandy Loam,320,5,0.0,Co0238,199.88,7.07,76.6,9.1,25.1,19.5
871.57,27.21,6.97,108.84,42.38,53.71,Sandy Loam,322,5,0.95,Co86032,283.53,6.41,77.2,11.6,27.4,20.5
1786.27,34.37,8.91,220.97,79.28,101.43,Alluvial,412,3,1.0,Co86032,540.88,6.47,91.2,9.4,40.8,16.6
1887.49,34.6,9.17,228.24,81.19,104.33,Alluvial,417,3,0.0,CoM0265,386.63,6.89,98.0,9.7,40.8,16.2
1214.92,31.88,8.2,164.01,59.16,75.51,Alluvial,373,3,0.0,Co86032,315.12,6.88,86.2,13.5,29.7,18.1
1709.16,32.96,8.92,206.53,73.54,90.54,Clay Loam,398,3,1.0,CoM0265,498.87,6.82,84.5,7.9,39.5,15.6
935.08,27.5,7.07,113.45,43.27,56.33,Sandy Loam,326,4,0.0,Co0238,191.58,6.79,76.5,7.5,27.9,19.8
932.11,28.05,7.21,120.95,45.53,61.73,Red Soil,333,2,1.0,Co0238,318.79,6.45,71.5,7.3,26.2,21.6
1622.47,32.0,8.33,166.83,59.95,77.56,Clay Loam,377,3,0.92,CoM0265,462.62,7.07,79.8,9.5,36.9,17.0
1803.73,34.12,9.12,224.96,82.81,100.89,Alluvial,411,3,0.85,Co86032,554.79,6.73,90.9,11.3,36.1,15.3
1771.26,33.6,8.78,210.47,78.81,94.46,Alluvial,404,3,1.0,Co86032,549.99,6.75,89.2,12.5,39.8,16.1
873.11,27.0,6.83,111.85,40.41,53.58,Sandy Loam,324,5,1.0,Co86032,278.29,6.68,75.6,12.3,32.9,17.0
1152.2,29.38,7.72,133.02,48.1,64.45,Red Soil,346,2,0.91,Co86032,328.54,7.02,71.6,14.0,25.6,19.8
956.45,28.01,7.36,118.13,43.98,59.56,Red Soil,332,2,1.0,Co0238,298.78,6.79,71.7,11.2,25.5,20.8
1396.86,31.84,8.46,170.12,66.54,80.26,Alluvial,378,3,1.0,Co0238,475.2,6.89,79.0,16.3,34.4,18.9
1923.01,34.5,9.09,234.46,82.94,108.41,Alluvial,419,3,0.04,CoM0265,404.43,6.64,85.8,7.1,41.9,18.5
1498.98,32.96,8.66,182.13,72.19,83.93,Clay Loam,385,3,1.0,Co86032,499.55,6.88,84.6,6.4,27.1,17.8
1792.51,34.17,9.05,224.19,81.22,103.8,Alluvial,413,3,0.94,Co86032,556.42,6.71,96.5,14.3,38.5,17.3
828.2,26.9,6.8,100.0,40.68,52.06,Sandy Loam,322,5,0.84,Co86032,269.27,6.63,83.6,10.4,20.8,19.6
1664.76,33.55,8.8,202.95,75.92,93.19,Clay Loam,400,4,1.0,Co0238,515.97,6.9,83.5,11.2,36.2,16.5
1444.04,32.49,8.52,187.48,69.83,85.55,Clay Loam,381,3,1.0,Co86032,480.3,6.64,79.4,3.7,31.6,18.0
1684.81,33.26,8.69,209.9,74.19,94.21,Clay Loam,397,3,1.0,CoM0265,504.55,7.07,91.8,9.7,39.0,16.6
800.0,27.07,6.84,100.0,40.88,51.38,Sandy Loam,320,5,0.89,Co0238,271.29,6.58,74.3,10.0,19.9,22.3
1263.59,30.91,7.97,153.28,58.45,71.82,Alluvial,363,3,1.0,CoM0265,462.18,6.81,80.3,11.3,27.9,16.0
941.0,28.22,7.15,122.01,44.93,58.56,Red Soil,330,2,1.0,Co0238,310.16,6.76,69.1,13.7,26.0,20.0
1869.54,34.1,8.96,227.37,80.86,101.78,Alluvial,411,3,0.99,CoM0265,541.07,6.92,83.1,13.2,37.9,15.9
881.1,26.93,6.89,112.17,40.0,53.46,Sandy Loam,326,5,1.0,Co0238,273.62,7.02,64.6,11.5,20.3,22.5
1057.32,28.63,7.35,135.58,47.63,62.29,Red Soil,338,2,0.0,CoM0265,212.95,6.71,72.5,6.0,27.6,16.3
1844.57,34.16,8.95,216.36,80.71,100.7,Alluvial,411,3,0.84,Co86032,539.79,6.88,85.6,9.9,34.9,17.0
1517.9,32.87,8.55,199.11,69.26,85.07,Clay Loam,382,4,1.0,Co0238,507.1,6.56,86.7,11.2,30.4,18.2
800.0,26.56,6.8,100.0,40.0,50.0,Sandy Loam,323,5,0.04,Co0238,192.99,6.91,67.7,9.1,22.1,21.5
1475.77,32.67,8.58,174.94,65.31,79.59,Alluvial,383,3,0.96,Co86032,482.45,6.73,85.3,11.0,33.1,17.3
800.0,26.56,6.8,103.28,40.31,51.38,Sandy Loam,324,5,1.0,Co86032,260.33,6.77,70.7,6.1,24.4,20.3
1919.41,34.51,9.01,232.19,80.52,105.69,Alluvial,419,3,0.05,CoM0265,400.49,6.77,98.0,13.1,40.6,12.6
1047.06,28.47,7.28,138.44,48.3,62.85,Red Soil,338,2,0.0,CoM0265,230.37,7.02,78.0,10.2,22.8,16.7
1159.9,29.69,7.75,134.67,50.24,62.52,Red Soil,344,2,1.0,Co86032,337.56,6.57,81.0,9.6,23.6,19.5
1260.79,31.63,8.31,161.82,60.08,75.25,Alluvial,372,3,0.19,Co86032,311.05,6.92,87.8,10.0,27.6,17.2
800.0,26.5,6.8,100.0,41.41,50.0,Sandy Loam,322,5,0.0,Co0238,197.35,6.6,65.8,13.8,25.9,20.3
1879.88,34.37,8.99,226.18,80.91,106.5,Alluvial,413,3,0.98,CoM0265,567.06,6.54,83.9,9.9,45.8,17.9
1420.81,32.21,8.24,175.35,67.62,83.56,Alluvial,380,3,0.77,Co0238,471.48,6.85,92.8,8.5,39.7,15.9
1157.07,29.12,7.56,134.47,48.72,65.24,Red Soil,346,2,1.0,Co86032,336.27,6.71,73.5,17.4,28.9,18.8
1682.64,31.86,8.57,194.09,72.53,88.79,Clay Loam,390,4,0.0,Co0238,353.54,6.77,94.5,4.5,38.6,19.0
833.68,26.5,6.82,109.33,40.29,52.19,Sandy Loam,325,5,1.0,Co86032,267.63,7.02,75.7,8.8,24.0,21.5
1702.11,33.39,8.8,199.96,75.45,90.45,Clay Loam,396,3,1.0,CoM0265,518.6,6.73,88.8,11.7,32.9,14.4
1830.27,34.3,9.06,224.77,81.35,102.96,Alluvial,415,3,0.97,Co86032,556.18,6.79,85.3,11.0,37.4,19.5
1579.96,31.96,8.34,167.75,62.14,79.4,Clay Loam,373,3,0.97,CoM0265,451.81,6.67,91.4,6.9,41.4,17.4
1611.03,33.21,8.6,204.77,74.6,89.3,Clay Loam,397,3,1.0,CoM0265,500.71,7.24,91.5,13.9,32.6,19.9
1906.6,34.37,9.15,229.18,83.47,105.25,Alluvial,412,3,0.79,CoM0265,569.44,7.0,93.9,12.4,43.1,16.0
1932.41,34.43,9.3,228.85,82.12,106.37,Alluvial,420,3,0.0,CoM0265,401.28,6.88,88.6,7.2,34.2,18.1
871.42,26.5,6.8,103.06,40.88,50.0,Sandy Loam,320,5,0.09,Co0238,188.4,6.39,80.5,7.5,28.3,20.9
1399.3,32.02,8.18,178.11,65.04,83.57,Alluvial,375,3,0.93,Co0238,485.75,6.62,79.7,7.1,33.5,19.1
1172.12,29.6,7.68,138.06,47.82,63.58,Red Soil,344,2,1.0,Co86032,338.73,6.91,77.9,10.5,27.3,17.8
1967.8,35.08,9.27,240.29,84.38,111.95,Alluvial,421,3,1.0,Co86032,577.09,6.67,90.5,7.6,44.4,16.6
1256.11,31.43,8.14,164.43,60.28,79.51,Alluvial,371,3,1.0,CoM0265,481.88,6.58,79.0,11.7,31.5,19.2
965.57,28.21,7.37,125.23,45.8,60.63,Red Soil,336,2,0.89,Co0238,316.18,6.41,73.5,10.5,28.2,19.9
1460.16,31.72,8.33,169.72,67.09,83.83,Alluvial,379,3,1.0,Co0238,466.3,6.81,88.9,11.1,41.1,16.9
1680.03,33.15,8.69,203.37,75.69,92.39,Clay Loam,397,3,0.9,CoM0265,497.68,6.4,89.0,12.6,40.2,18.1
844.79,27.14,7.1,106.85,43.46,57.56,Sandy Loam,328,5,0.96,Co86032,289.28,6.53,68.0,7.9,25.0,19.5
1077.55,29.42,7.37,126.9,47.64,64.96,Red Soil,343,2,0.18,CoM0265,222.51,6.69,82.4,10.8,32.1,19.0
1429.32,33.11,8.6,196.43,69.77,85.4,Clay Loam,387,4,1.0,Co0238,499.22,6.81,78.4,8.9,33.2,20.2
1037.6,29.08,7.32,130.3,48.52,63.15,Red Soil,340,2,0.21,CoM0265,219.73,7.07,72.9,7.5,30.5,19.0
1497.47,32.57,8.68,179.57,69.04,85.15,Clay Loam,380,3,1.0,Co86032,484.4,7.01,80.3,9.0,36.3,18.3
1643.13,33.19,8.84,204.6,73.95,91.73,Clay Loam,397,3,1.0,CoM0265,527.14,6.82,94.8,12.5,38.6,17.8
1762.45,33.8,8.95,212.54,77.64,96.53,Alluvial,407,3,0.9,Co86032,546.05,6.3,89.0,7.2,38.4,18.1
854.42,27.43,6.96,109.78,40.99,55.38,Sandy Loam,320,5,1.0,Co86032,292.36,6.97,66.8,6.1,26.8,18.6
1034.55,28.22,7.33,130.78,45.17,60.69,Red Soil,333,2,0.88,Co0238,330.5,6.85,76.6,9.8,31.3,19.0
859.49,27.15,6.87,100.0,40.89,57.84,Sandy Loam,323,5,0.9,Co86032,282.03,7.02,71.5,6.4,25.3,21.2
1953.07,34.92,9.15,235.74,83.47,106.92,Alluvial,421,3,1.0,Co86032,561.38,7.1,98.0,13.8,41.3,15.3
1816.81,33.82,8.97,218.53,81.22,97.01,Alluvial,410,3,1.0,CoM0265,531.13,6.82,89.0,11.1,36.1,18.4
1361.11,30.34,7.71,147.35,51.5,68.25,Red Soil,355,2,1.0,Co86032,352.73,6.83,84.3,14.0,32.5,16.1
819.46,26.5,6.91,100.0,40.66,50.0,Sandy Loam,320,5,0.0,Co0238,188.4,6.55,76.8,13.9,23.1,20.8
1769.32,33.47,8.72,214.03,78.04,98.76,Alluvial,407,3,0.76,Co86032,545.42,6.86,88.1,7.3,42.8,14.9
800.0,26.5,6.83,100.0,40.0,50.23,Sandy Loam,322,5,0.02,Co0238,189.45,6.79,73.7,12.5,25.2,18.5
1398.47,32.0,8.11,169.85,67.44,83.77,Alluvial,378,3,1.0,Co0238,480.88,6.64,82.0,6.9,33.2,19.0
844.1,27.4,6.97,112.99,42.65,54.65,Sandy Loam,324,4,1.0,CoM0265,291.61,6.83,74.4,14.7,22.0,19.1
1315.76,30.03,7.46,136.2,49.06,66.36,Red Soil,355,2,0.87,Co0238,353.25,6.61,79.6,10.6,32.8,18.2
1492.66,32.83,8.45,187.31,70.79,83.96,Clay Loam,381,4,1.0,Co0238,494.84,6.73,83.2,9.4,38.1,18.8
1854.42,34.32,8.95,225.84,79.83,103.28,Alluvial,410,3,0.87,CoM0265,552.8,6.75,86.5,10.7,37.6,18.3
841.57,26.84,6.8,110.64,40.23,53.73,Sandy Loam,323,5,0.96,Co0238,265.81,6.66,58.1,5.5,25.9,20.3
1779.11,33.86,8.87,223.81,79.19,99.12,Alluvial,414,3,0.8,Co86032,552.91,7.13,98.0,12.0,34.8,16.4
1358.22,32.0,8.04,174.6,67.84,82.86,Alluvial,376,3,0.75,Co0238,487.96,6.97,82.0,9.8,33.4,19.6
1752.42,33.55,8.84,199.09,75.57,92.08,Clay Loam,401,4,0.74,Co0238,523.14,7.15,98.0,9.2,38.0,15.1
1862.29,34.51,8.95,227.49,82.4,100.41,Alluvial,413,3,1.0,CoM0265,552.6,7.04,91.3,7.7,43.0,14.8
1349.84,29.69,7.43,136.94,52.18,64.27,Red Soil,348,2,1.0,Co0238,354.84,6.59,84.5,14.4,32.3,18.3
925.86,27.25,7.04,117.09,41.0,56.13,Sandy Loam,327,4,0.08,Co0238,188.4,6.78,80.4,11.0,21.5,23.3
898.06,27.56,6.84,110.49,42.75,56.66,Sandy Loam,326,4,0.94,CoM0265,308.14,6.48,78.8,10.6,27.6,21.0
1536.03,32.89,8.63,193.82,71.65,86.89,Clay Loam,387,4,1.0,Co0238,528.03,6.89,86.6,5.4,30.3,17.7
880.53,26.94,7.08,107.85,40.0,55.0,Sandy Loam,325,4,0.99,CoM0265,279.37,6.72,77.8,12.6,24.3,20.8
1802.68,33.84,8.77,216.96,79.64,103.53,Alluvial,412,3,1.0,Co86032,542.55,6.66,90.8,9.0,34.0,15.5
1358.16,30.07,7.56,139.31,50.72,65.54,Red Soil,354,2,0.81,Co0238,358.73,7.06,73.8,15.4,36.5,16.9
862.78,27.35,6.99,115.25,42.46,51.74,Sandy Loam,323,5,1.0,Co86032,282.72,6.66,62.0,13.9,29.5,18.3
979.74,28.06,7.43,119.99,48.5,62.61,Red Soil,335,2,0.94,Co0238,314.9,6.72,74.3,9.1,28.1,18.1
1053.69,28.94,7.24,128.76,47.72,60.32,Red Soil,338,2,0.11,CoM0265,225.32,6.53,70.5,5.9,25.1,19.6
1009.7,28.53,7.36,129.48,46.49,58.64,Red Soil,339,2,0.99,Co0238,331.41,6.73,73.3,17.4,20.7,17.5
978.5,28.09,7.52,124.36,47.24,63.19,Red Soil,336,2,0.88,Co0238,309.68,6.56,74.4,16.6,25.7,19.6
1238.4,29.76,7.72,138.86,50.9,62.11,Red Soil,347,2,1.0,Co86032,338.29,6.71,80.6,8.1,35.2,19.2
1198.48,31.24,8.01,157.43,59.82,74.71,Alluvial,368,3,0.0,Co86032,315.41,7.08,74.0,9.6,23.6,20.5
1260.29,31.39,8.26,165.05,60.8,74.07,Alluvial,371,3,1.0,CoM0265,451.82,6.73,75.2,12.8,28.0,17.8
1768.14,33.53,8.82,207.1,79.22,96.25,Alluvial,405,3,0.72,Co86032,540.88,6.49,91.0,12.9,32.6,18.3
1646.47,33.12,8.63,200.43,73.3,92.1,Clay Loam,392,3,1.0,CoM0265,515.59,6.7,91.7,10.0,34.9,16.5
1462.78,32.47,8.36,183.22,65.87,78.99,Alluvial,379,3,0.98,Co86032,478.91,6.72,82.2,11.2,32.9,13.5
1752.38,33.63,8.7,207.18,78.62,92.72,Alluvial,406,3,0.9,Co86032,522.01,7.11,91.7,7.3,40.1,17.8
1039.0,29.02,7.22,134.98,47.23,62.71,Red Soil,337,2,0.1,CoM0265,228.39,6.8,86.5,9.4,31.1,18.4
936.03,27.27,7.07,107.24,40.0,57.46,Sandy Loam,325,4,1.0,CoM0265,292.26,6.59,68.6,6.9,27.9,17.8
955.9,28.02,7.32,120.59,45.01,62.58,Red Soil,336,2,1.0,Co0238,321.6,6.61,76.7,9.7,25.9,18.4
1187.81,31.78,8.11,164.97,59.29,74.15,Alluvial,370,3,0.0,Co86032,320.03,6.83,71.7,14.3,28.8,17.1
1135.23,29.26,7.57,135.23,47.95,62.07,Red Soil,346,2,0.85,Co86032,354.37,6.63,72.5,14.6,31.1,20.4
869.75,26.66,7.04,100.11,40.46,52.92,Sandy Loam,321,5,1.0,Co0238,284.43,6.65,77.2,12.4,29.9,16.6
800.0,26.67,6.87,107.48,40.35,50.0,Sandy Loam,320,5,0.0,Co0238,188.4,6.96,68.9,13.7,25.1,20.7
1843.51,34.49,8.86,228.38,81.47,102.97,Alluvial,411,3,1.0,CoM0265,566.79,6.93,96.4,11.5,41.9,15.2
1759.74,33.13,8.96,203.21,76.69,94.21,Clay Loam,397,4,1.0,Co0238,514.7,6.55,98.0,10.4,40.8,19.4
942.91,27.71,7.15,112.37,43.84,59.23,Sandy Loam,325,4,0.06,Co0238,188.4,6.89,74.1,9.3,25.0,21.6
1696.61,33.42,8.82,202.88,75.14,91.78,Clay Loam,400,4,0.93,Co0238,518.09,7.01,90.0,10.0,37.6,15.1
1417.95,32.23,8.48,178.34,65.18,80.89,Alluvial,382,3,1.0,Co86032,495.65,7.01,82.4,3.9,29.2,18.9
1254.83,31.26,8.03,153.38,58.19,73.0,Alluvial,364,3,1.0,CoM0265,450.06,6.86,76.3,12.9,34.1,19.1
1028.32,28.79,7.45,126.12,45.84,60.25,Red Soil,337,2,0.95,Co0238,316.48,6.9,71.7,11.3,24.9,19.8
1410.77,32.1,8.31,172.19,67.28,82.88,Alluvial,377,3,1.0,Co0238,487.84,6.55,95.4,8.4,33.6,17.0
881.22,26.92,6.93,100.49,43.5,57.1,Sandy Loam,326,5,1.0,Co86032,268.02,6.88,64.1,3.5,26.1,20.4
1233.43,31.68,8.2,163.17,58.16,76.36,Alluvial,373,3,0.0,Co86032,298.48,7.02,87.5,10.7,31.3,19.3
1503.93,32.71,8.63,183.26,68.25,84.83,Clay Loam,388,4,1.0,Co0238,503.61,7.06,92.5,7.7,36.8,18.4
992.25,27.98,6.89,115.99,45.21,58.35,Sandy Loam,328,4,0.0,Co0238,188.4,6.7,75.1,10.5,29.9,20.7
836.77,27.06,6.83,106.1,41.49,51.87,Sandy Loam,321,5,1.0,Co0238,285.52,7.0,73.6,4.1,27.1,19.9
1212.92,31.91,8.06,167.51,59.56,75.7,Alluvial,376,3,0.0,Co86032,315.21,6.99,76.6,15.5,26.2,15.7
1068.48,28.76,7.13,130.14,48.3,61.9,Red Soil,345,2,0.0,CoM0265,216.36,6.89,78.3,9.5,27.1,16.1
1522.47,32.75,8.68,194.96,72.36,85.86,Clay Loam,388,4,1.0,Co0238,519.79,6.96,87.6,11.3,34.8,16.5
856.3,26.66,6.8,103.73,40.47,52.54,Sandy Loam,321,5,1.0,Co0238,274.76,6.79,72.3,4.8,27.3,22.4
991.71,28.69,7.2,120.91,48.18,61.58,Red Soil,333,2,0.83,Co0238,328.17,6.4,78.1,10.2,27.9,18.6
1024.41,29.09,7.25,135.89,46.29,63.44,Red Soil,342,2,0.0,CoM0265,224.97,6.83,66.3,14.7,26.4,21.6
1418.05,32.49,8.38,181.43,66.06,84.4,Alluvial,379,3,1.0,Co0238,484.85,6.83,79.0,11.8,30.2,16.8
1719.99,33.45,8.72,208.6,77.25,92.81,Clay Loam,403,4,0.9,Co0238,530.81,6.78,89.8,6.1,33.5,14.5
1719.03,32.99,8.69,201.26,75.55,92.43,Clay Loam,397,3,0.98,CoM0265,530.01,6.73,87.7,12.9,32.5,16.5
837.89,26.85,6.95,103.34,40.0,52.32,Sandy Loam,323,5,0.88,Co0238,279.88,6.74,70.6,14.6,25.0,18.7
1075.64,28.99,7.3,129.02,48.4,62.59,Red Soil,339,2,0.0,CoM0265,222.93,6.88,70.4,9.7,26.6,20.8
873.39,26.53,6.8,100.21,40.0,52.71,Sandy Loam,320,5,0.97,Co86032,271.85,6.74,76.6,13.1,26.5,19.5
942.69,27.54,7.02,108.59,42.96,56.66,Sandy Loam,329,4,0.0,Co0238,188.4,7.14,71.6,10.6,29.0,19.9
1812.29,33.86,9.1,221.73,78.34,97.64,Alluvial,407,3,0.9,Co86032,557.42,6.59,85.4,12.6,41.3,17.2
999.5,28.23,7.46,121.07,44.27,58.01,Red Soil,337,2,0.94,Co0238,313.56,6.85,70.0,13.8,27.9,21.3
1260.37,29.81,7.38,138.13,51.05,66.44,Red Soil,351,2,0.83,Co0238,360.84,6.63,81.7,8.0,31.9,18.3
1102.81,29.19,7.55,134.18,46.57,62.78,Red Soil,346,2,0.15,CoM0265,232.42,6.96,66.4,11.3,34.8,17.8
952.08,27.66,7.22,111.24,44.79,58.44,Sandy Loam,328,4,0.03,Co0238,188.4,6.68,75.9,10.9,26.5,17.8
1169.56,31.83,8.06,154.61,60.2,76.41,Alluvial,372,3,0.0,Co86032,295.87,6.94,80.7,11.7,28.0,16.3
1505.3,32.86,8.67,196.39,70.02,86.14,Clay Loam,384,4,0.93,Co0238,495.55,7.0,84.7,8.2,31.4,17.1
1626.46,32.02,8.25,174.67,62.06,78.15,Clay Loam,372,3,0.91,CoM0265,454.38,6.46,77.8,16.5,36.7,18.6
1747.28,33.74,8.94,215.42,80.77,99.34,Alluvial,411,3,1.0,CoM0265,537.85,6.88,94.4,10.1,34.4,18.8
1347.84,31.07,7.91,152.34,53.09,71.63,Red Soil,358,2,1.0,Co86032,360.87,6.67,82.6,18.8,30.9,18.6
855.32,26.67,7.0,107.92,40.0,51.84,Sandy Loam,321,5,0.04,Co0238,188.4,6.79,64.0,7.6,19.5,22.2
1809.18,33.64,9.06,213.44,80.33,100.06,Alluvial,412,3,1.0,CoM0265,542.24,7.05,95.1,13.9,33.5,15.4
837.74,26.82,6.8,103.39,40.0,50.0,Sandy Loam,324,5,0.82,Co86032,291.83,6.88,74.5,8.5,25.2,20.8
1552.54,32.74,8.52,193.08,69.42,84.31,Clay Loam,389,4,1.0,Co0238,500.75,6.8,87.5,10.1,33.3,17.9
1343.95,30.99,7.83,146.29,50.41,70.91,Red Soil,356,2,0.93,Co86032,353.81,7.08,83.9,10.3,30.2,19.9
1626.85,32.56,8.72,197.73,72.09,86.73,Clay Loam,386,4,0.0,Co0238,350.5,6.94,86.6,7.7,44.9,16.6
962.96,27.87,7.22,118.15,44.79,59.62,Red Soil,327,2,0.89,Co0238,311.65,6.93,70.1,9.2,25.0,22.2
1426.39,31.74,8.22,177.8,67.63,82.82,Alluvial,374,3,0.99,Co0238,461.98,6.92,82.2,15.5,37.9,19.2
1897.46,34.03,8.97,233.33,81.71,105.27,Alluvial,415,3,0.0,CoM0265,393.52,6.89,98.0,8.6,44.9,14.6
1614.09,32.13,8.51,167.76,60.2,77.52,Clay Loam,374,3,1.0,CoM0265,451.21,6.88,89.4,11.5,37.9,14.2
1843.26,34.53,9.07,228.36,81.99,101.12,Alluvial,415,3,1.0,CoM0265,545.74,7.18,88.9,11.4,36.9,15.4
1389.77,30.59,7.78,147.46,54.05,67.9,Red Soil,355,2,1.0,Co86032,364.2,6.82,93.1,13.4,37.9,18.9
1737.9,33.55,8.86,213.04,79.08,92.92,Alluvial,408,3,0.96,Co86032,527.54,7.05,90.1,10.0,43.2,14.6
807.24,27.06,6.8,102.77,42.28,54.87,Sandy Loam,322,5,0.96,Co86032,279.13,6.64,82.9,9.3,28.4,20.0
850.34,26.66,6.8,101.75,40.12,52.0,Sandy Loam,323,5,0.88,Co86032,279.48,6.88,75.6,6.9,22.6,21.2
1885.85,34.47,9.1,225.46,84.27,102.83,Alluvial,412,3,1.0,CoM0265,563.97,7.08,90.0,7.6,40.1,15.4
1899.97,34.37,9.15,226.61,81.64,104.08,Alluvial,416,3,0.0,CoM0265,394.23,6.5,98.0,8.5,43.0,16.3
871.97,27.27,6.91,108.42,40.01,53.51,Sandy Loam,323,5,0.94,Co0238,273.81,6.85,71.3,10.7,30.2,18.4
1674.3,33.64,8.72,208.75,78.09,93.64,Clay Loam,402,4,0.87,Co0238,516.35,7.13,95.4,10.1,40.5,15.5
869.34,26.67,6.99,102.95,41.48,54.79,Sandy Loam,320,5,0.95,Co86032,278.73,6.31,74.3,14.6,29.8,21.2
1108.16,30.46,7.75,144.19,57.97,70.95,Clay Loam,359,4,1.0,CoM0265,426.02,6.7,80.5,13.3,23.4,19.6
1668.6,33.65,8.9,202.41,76.66,91.05,Clay Loam,396,3,0.96,CoM0265,500.74,6.89,88.5,9.3,38.1,16.5
998.05,28.66,7.54,129.16,48.88,60.09,Red Soil,339,2,0.89,Co0238,327.59,6.72,82.0,8.3,26.3,19.0
800.0,26.5,6.8,101.68,40.54,50.54,Sandy Loam,320,5,0.86,Co86032,282.64,6.92,70.4,16.6,24.1,18.9
1277.26,31.31,8.1,163.52,61.21,76.88,Alluvial,371,3,1.0,CoM0265,457.62,6.61,82.8,8.2,27.8,21.1
1652.13,32.05,8.58,192.67,71.6,90.68,Clay Loam,387,4,0.06,Co0238,358.71,7.05,85.8,9.6,33.8,13.3
1813.1,34.51,9.01,219.71,81.36,103.8,Alluvial,411,3,1.0,CoM0265,555.97,6.65,97.1,13.5,34.8,16.2
1970.0,34.86,9.24,243.0,86.0,112.0,Alluvial,422,3,0.92,Co86032,565.29,6.91,87.2,10.0,40.5,17.4
904.05,27.36,7.03,111.41,43.32,59.26,Sandy Loam,326,4,0.0,Co0238,188.4,6.55,70.1,8.3,25.7,17.6
1766.73,33.17,8.97,211.83,77.87,94.6,Alluvial,406,3,1.0,Co86032,534.03,7.13,89.0,18.1,43.4,15.8
1755.54,34.13,8.98,214.88,79.28,98.88,Alluvial,410,3,0.86,CoM0265,532.54,6.68,87.8,3.9,36.2,15.4
942.58,27.21,7.22,112.91,43.43,57.86,Sandy Loam,324,4,0.0,Co0238,191.49,6.7,72.9,12.1,22.5,24.3
1520.15,32.86,8.41,188.62,69.84,85.07,Clay Loam,382,4,0.94,Co0238,494.28,6.7,84.7,10.9,39.8,18.9
1587.98,32.99,8.56,190.14,71.2,83.74,Alluvial,382,3,0.9,Co86032,509.83,6.85,98.0,15.7,37.1,15.1
1532.68,33.08,8.75,191.56,68.76,84.66,Clay Loam,389,4,0.96,Co0238,494.2,6.58,90.3,8.6,31.5,16.3
1534.74,31.94,8.47,170.92,64.82,77.45,Clay Loam,374,3,0.9,CoM0265,436.38,6.68,84.4,10.5,31.7,19.9
1278.06,31.43,8.04,166.21,61.83,77.66,Alluvial,376,3,0.84,CoM0265,461.69,6.68,83.8,11.9,30.2,22.1
1895.04,34.06,9.04,222.53,80.58,102.39,Alluvial,415,3,1.0,CoM0265,556.95,6.82,89.6,11.7,43.6,15.1
800.0,26.61,6.81,100.0,41.11,50.0,Sandy Loam,320,5,0.0,Co0238,188.4,6.57,70.7,9.3,24.2,19.2
1742.15,34.1,9.04,218.43,80.91,99.34,Alluvial,407,3,1.0,CoM0265,538.07,6.89,97.5,8.9,37.1,17.2
903.89,26.77,6.8,100.17,41.69,52.47,Sandy Loam,324,5,0.88,Co0238,280.35,6.59,72.3,7.3,30.8,21.0
1676.0,31.94,8.46,174.99,64.26,77.99,Clay Loam,370,3,0.95,CoM0265,466.62,6.72,82.9,8.4,40.9,16.9
928.38,26.94,7.09,105.71,42.74,53.79,Sandy Loam,322,5,1.0,Co86032,288.84,6.9,74.7,8.5,23.9,18.1
1718.42,33.27,8.99,211.9,75.97,94.28,Alluvial,402,3,0.96,Co86032,514.53,6.83,92.4,7.1,36.4,15.4
1469.2,32.77,8.56,187.17,68.46,84.67,Clay Loam,381,3,0.99,Co86032,499.11,6.98,86.6,7.7,29.1,16.1
831.92,26.98,6.87,104.89,41.9,54.39,Sandy Loam,325,5,0.87,Co0238,302.21,6.86,67.1,12.8,22.0,23.0
1356.76,29.89,7.65,143.14,50.35,66.81,Red Soil,350,2,0.95,Co0238,344.86,6.41,88.8,8.4,31.2,21.3
1671.89,33.65,8.57,200.88,78.15,92.46,Clay Loam,397,4,0.98,Co0238,503.41,6.65,88.3,13.8,36.1,16.7
842.51,27.49,7.05,106.75,42.81,52.59,Sandy Loam,320,5,1.0,Co86032,301.82,6.66,66.0,10.1,24.8,22.9
842.33,26.62,6.88,107.6,40.21,50.36,Sandy Loam,320,5,0.96,Co86032,284.91,6.69,56.5,8.0,23.9,19.4
909.83,26.86,6.97,105.61,41.15,51.45,Sandy Loam,324,5,1.0,Co0238,284.71,6.93,69.2,10.8,24.1,20.8
944.11,27.47,6.92,114.79,42.31,55.67,Sandy Loam,334,4,0.0,Co0238,188.4,6.95,68.1,9.1,23.5,20.6
1896.92,34.38,9.08,228.67,81.34,105.55,Alluvial,410,3,0.0,CoM0265,394.96,6.91,91.5,11.3,36.6,15.2
1913.02,34.57,9.18,230.7,83.04,105.48,Alluvial,415,3,0.14,CoM0265,402.26,6.92,94.5,9.8,37.4,18.1
1788.39,34.13,8.94,214.28,80.61,100.11,Alluvial,408,3,1.0,CoM0265,542.02,6.71,92.3,12.0,38.5,17.3
887.66,26.88,6.82,105.26,40.35,54.59,Sandy Loam,320,5,0.83,Co0238,282.73,6.63,75.6,9.6,21.3,21.8
1212.05,31.6,8.05,154.66,57.38,73.68,Alluvial,373,3,0.09,Co86032,308.13,6.8,81.7,13.0,28.5,17.9
1112.07,29.78,7.64,128.67,48.21,63.93,Red Soil,350,2,1.0,Co86032,339.03,6.88,77.7,7.8,26.5,19.1
1741.82,32.67,8.72,196.41,74.6,89.25,Clay Loam,393,4,0.0,Co0238,352.87,6.71,86.4,15.1,35.0,17.1
1722.69,33.31,9.03,213.34,77.49,95.24,Alluvial,407,3,0.99,Co86032,519.98,6.63,92.8,10.2,37.3,18.5
1401.88,31.7,8.33,172.08,66.86,85.01,Alluvial,382,3,1.0,Co0238,468.39,6.64,89.7,8.5,30.3,17.7
1366.64,30.3,7.84,148.12,51.29,67.37,Red Soil,353,2,1.0,Co86032,349.82,7.08,71.5,5.0,27.6,16.3
973.72,28.39,7.56,128.6,46.95,60.73,Red Soil,341,2,1.0,Co0238,320.52,6.71,76.4,11.8,28.7,19.4
1567.49,32.27,8.45,168.64,62.79,82.95,Clay Loam,373,3,1.0,CoM0265,470.29,6.88,86.7,9.1,30.6,20.1
1585.31,32.78,8.75,202.92,70.81,84.3,Alluvial,390,3,0.89,Co86032,501.46,6.79,87.6,16.6,35.5,16.5
1901.51,34.96,9.12,230.05,82.89,105.18,Alluvial,416,3,0.0,CoM0265,391.91,6.95,83.0,13.0,38.3,16.5
1763.58,33.89,8.91,218.97,81.84,97.81,Alluvial,409,3,1.0,CoM0265,544.25,6.81,85.0,10.4,41.3,17.0
1376.83,29.71,7.58,141.59,50.22,68.27,Red Soil,352,2,1.0,Co0238,353.55,6.8,86.7,8.3,31.3,16.3
983.97,27.84,7.23,123.68,43.81,59.93,Red Soil,330,2,1.0,Co0238,314.03,7.1,74.6,11.3,31.3,18.5
865.94,27.31,6.92,115.01,41.63,55.28,Sandy Loam,324,4,0.99,CoM0265,305.54,6.88,67.0,10.2,23.5,21.4
1602.35,31.79,8.41,171.17,62.6,80.85,Clay Loam,381,3,0.95,CoM0265,454.84,7.03,87.8,10.1,36.6,16.6
805.3,26.68,6.8,104.82,40.24,50.0,Sandy Loam,321,5,0.78,Co86032,273.05,6.84,72.3,9.3,24.8,19.8
1351.12,31.59,8.11,178.58,66.2,80.08,Alluvial,378,3,1.0,Co0238,473.35,6.76,86.5,7.3,32.4,19.1
1469.32,32.53,8.66,182.35,69.9,81.52,Clay Loam,380,3,0.89,Co86032,494.7,6.78,73.0,16.0,34.1,17.9
850.15,26.83,6.8,101.36,40.0,51.97,Sandy Loam,323,5,1.0,Co86032,279.89,6.91,72.5,17.8,25.8,23.6
1680.34,33.29,8.49,197.59,74.69,91.24,Clay Loam,402,4,1.0,Co0238,521.87,6.76,94.1,7.8,35.9,17.1
824.78,27.08,6.93,100.74,40.0,50.22,Sandy Loam,320,5,0.88,Co0238,268.46,6.81,70.6,7.9,29.2,17.8
1657.21,32.55,8.81,202.11,75.0,87.17,Clay Loam,395,4,0.01,Co0238,359.97,6.66,76.3,10.9,32.4,17.7
818.76,26.56,6.81,100.0,40.39,50.0,Sandy Loam,324,5,1.0,Co86032,265.8,6.59,71.5,10.9,24.8,20.6
1519.93,32.78,8.75,185.8,70.41,83.32,Clay Loam,385,4,0.99,Co0238,483.82,6.92,83.5,13.2,34.1,18.9
800.0,26.5,6.8,103.55,40.0,52.35,Sandy Loam,320,5,0.06,Co0238,201.97,6.51,64.1,9.2,27.9,20.2
1133.44,30.58,7.92,152.08,56.19,70.73,Clay Loam,361,4,1.0,CoM0265,421.01,6.84,79.3,10.9,29.9,17.7
1475.17,32.76,8.47,179.14,65.37,78.88,Alluvial,378,3,0.93,Co86032,489.99,6.88,84.5,10.8,35.8,19.9
1342.88,30.67,7.95,147.3,53.95,70.79,Red Soil,357,2,1.0,Co86032,361.41,6.84,85.5,14.2,37.4,17.6
800.0,27.02,6.95,100.86,40.13,50.0,Sandy Loam,323,5,0.84,Co86032,273.27,6.62,65.9,12.3,29.1,20.7
1446.29,32.12,8.32,185.06,67.19,85.33,Alluvial,377,3,0.97,Co0238,464.54,6.61,82.3,9.2,36.1,19.1
890.48,26.94,7.07,109.69,41.91,53.14,Sandy Loam,322,5,0.85,Co86032,301.23,7.12,65.0,10.7,29.1,19.2
838.37,26.96,6.94,105.43,42.52,55.73,Sandy Loam,320,5,0.91,Co0238,254.01,6.9,74.4,12.0,25.9,21.4
1831.25,34.27,8.89,218.54,79.33,102.38,Alluvial,417,3,0.99,CoM0265,562.59,6.79,97.0,12.3,31.7,15.3
1499.67,32.59,8.39,186.28,69.34,83.93,Clay Loam,388,3,1.0,Co86032,496.56,6.62,94.7,5.8,35.0,18.7
1838.22,34.5,8.98,222.74,81.35,103.06,Alluvial,410,3,1.0,CoM0265,567.89,6.91,88.0,9.5,35.4,17.8
1836.31,34.06,8.86,224.47,79.5,99.05,Alluvial,415,3,0.83,Co86032,540.07,6.66,97.4,5.0,35.0,17.7
1854.27,34.28,8.94,224.79,78.51,100.45,Alluvial,416,3,0.95,CoM0265,559.19,6.45,90.1,10.0,41.6,14.9
1711.22,33.63,8.79,206.71,76.32,93.03,Clay Loam,405,4,1.0,Co0238,530.75,6.79,94.0,9.5,32.3,19.5
1590.96,32.2,8.51,176.12,63.49,77.78,Clay Loam,380,3,0.93,CoM0265,469.46,6.93,88.5,5.9,44.4,16.5
1310.39,29.85,7.34,143.64,48.86,65.22,Red Soil,351,2,0.83,Co0238,342.91,6.91,90.0,9.9,29.9,21.1
1097.18,30.67,7.76,148.66,55.46,70.81,Clay Loam,365,4,0.81,CoM0265,426.61,6.8,80.2,12.8,26.2,18.2
1277.06,29.66,7.42,138.53,47.54,63.58,Red Soil,353,2,0.95,Co0238,339.89,6.95,81.0,6.6,29.6,16.4
1386.71,32.06,8.15,170.62,68.37,79.98,Alluvial,382,3,0.79,Co0238,479.3,6.73,89.1,9.6,32.2,17.5
811.47,26.68,6.8,105.35,40.0,51.69,Sandy Loam,325,5,1.0,Co86032,265.35,6.78,65.5,11.6,18.0,21.6
1721.39,33.39,8.72,211.28,78.78,93.92,Alluvial,406,3,0.79,Co86032,530.55,6.98,96.8,5.0,40.4,17.9
1939.31,35.0,9.16,235.52,86.0,110.24,Alluvial,418,3,1.0,Co86032,563.67,6.93,89.2,11.4,38.4,15.6
1516.34,32.68,8.55,191.76,69.56,83.59,Clay Loam,380,3,0.94,Co86032,490.76,6.65,83.4,11.2,32.8,17.5
1469.65,32.69,8.66,183.65,69.54,84.13,Clay Loam,385,3,0.91,Co86032,491.29,6.55,91.9,8.7,34.3,18.8
1944.34,33.93,8.97,238.15,83.18,105.43,Alluvial,415,3,0.0,CoM0265,393.87,6.96,90.4,4.5,42.6,16.8
1544.0,32.98,8.75,187.76,70.88,87.85,Clay Loam,388,4,0.96,Co0238,514.48,7.19,82.0,12.4,30.5,18.5
1829.75,34.46,9.18,233.89,81.53,104.38,Alluvial,417,3,0.94,CoM0265,560.24,6.69,87.1,14.4,39.0,16.3
1077.14,29.1,7.42,134.39,46.28,64.57,Red Soil,341,2,0.0,CoM0265,230.06,7.17,80.5,8.7,22.9,18.3
1272.12,29.95,7.59,143.69,50.34,65.24,Red Soil,348,2,1.0,Co0238,354.98,6.42,85.2,10.1,33.5,16.5
1002.3,28.29,7.3,116.93,43.66,61.34,Red Soil,334,2,1.0,Co0238,310.86,7.37,79.2,9.4,33.1,22.0
1644.7,33.27,8.75,204.8,78.2,90.46,Clay Loam,401,3,1.0,CoM0265,507.14,6.9,79.1,6.1,37.6,16.1
1860.68,34.35,9.09,227.73,82.44,103.73,Alluvial,419,3,1.0,CoM0265,563.49,6.72,94.6,2.8,38.8,11.8
822.29,27.05,6.88,100.0,41.9,51.62,Sandy Loam,323,5,1.0,Co0238,279.49,7.23,75.0,9.3,22.0,18.0
846.29,27.06,6.89,109.74,40.0,55.43,Sandy Loam,321,5,0.98,Co0238,276.96,6.79,69.3,4.6,22.5,21.6
1296.1,31.36,7.92,156.18,56.98,72.3,Alluvial,366,3,1.0,CoM0265,438.61,7.07,79.1,6.6,34.3,19.1
1008.01,28.42,7.39,120.05,44.96,64.04,Red Soil,334,2,0.93,Co0238,307.51,6.91,71.0,7.4,26.8,20.4
1697.13,33.24,9.07,212.83,77.61,96.33,Alluvial,403,3,0.96,Co86032,546.77,6.57,96.6,9.6,31.2,17.4
1970.0,35.2,9.29,236.6,84.08,108.33,Alluvial,420,3,0.97,Co86032,580.4,6.48,92.1,7.2,42.2,16.3
1116.54,30.68,7.96,156.6,55.61,70.16,Clay Loam,360,4,0.91,CoM0265,418.01,6.55,69.7,6.1,28.4,19.9
1880.16,34.36,9.23,226.95,81.38,102.97,Alluvial,411,3,1.0,CoM0265,570.01,6.88,86.4,6.5,42.4,16.8
1670.41,32.43,8.53,190.56,73.23,88.5,Clay Loam,389,4,0.0,Co0238,360.22,7.02,87.1,7.8,37.5,17.5
1045.28,28.87,7.48,126.72,46.72,59.31,Red Soil,337,2,0.88,Co0238,325.08,6.96,67.5,9.5,27.5,19.1
1042.83,28.72,7.27,128.44,45.59,62.05,Red Soil,339,2,0.0,CoM0265,223.42,6.45,75.1,13.4,26.4,21.5
1881.03,34.19,9.22,227.31,82.2,101.56,Alluvial,410,3,1.0,CoM0265,560.41,6.82,98.0,9.6,37.2,15.6
1970.0,35.2,9.27,243.0,86.0,112.0,Alluvial,422,3,1.0,Co86032,577.71,6.83,94.8,11.7,42.4,14.9
868.6,26.91,6.85,112.64,42.59,51.33,Sandy Loam,320,5,1.0,Co0238,281.77,6.57,72.0,7.9,21.9,19.3
1682.18,33.33,8.57,204.36,74.6,92.68,Clay Loam,396,4,0.94,Co0238,512.33,7.02,83.3,8.4,37.4,17.8
1707.9,33.87,8.98,207.28,77.04,98.15,Alluvial,401,3,1.0,Co86032,541.36,7.01,83.2,12.4,41.6,16.4
838.04,26.56,6.81,105.93,41.12,55.29,Sandy Loam,321,5,1.0,Co86032,270.82,6.68,67.1,2.0,27.1,17.5
1424.62,32.53,8.55,181.98,63.3,81.17,Alluvial,380,3,0.94,Co86032,477.12,6.64,89.0,11.6,29.6,17.4
901.08,27.06,6.95,108.88,41.13,54.54,Sandy Loam,320,5,0.88,Co86032,289.08,6.81,77.4,8.7,26.1,16.7
1226.27,31.73,8.25,162.45,60.97,74.87,Alluvial,369,3,0.1,Co86032,324.2,6.77,79.9,15.8,22.8,20.4
1274.34,30.93,7.9,154.04,55.4,71.94,Alluvial,363,3,0.97,CoM0265,435.88,7.06,80.9,12.6,31.5,19.2
1760.74,33.63,9.0,217.78,80.5,98.91,Alluvial,411,3,0.95,CoM0265,552.2,6.8,89.5,10.4,36.2,16.8
847.69,26.85,6.8,101.78,40.03,50.41,Sandy Loam,322,5,1.0,Co86032,268.56,6.69,66.2,4.8,26.6,19.9
1000.24,28.23,7.24,121.23,44.05,63.42,Red Soil,340,2,0.83,Co0238,323.46,7.27,71.0,9.7,32.5,20.0
1292.34,31.17,7.86,167.65,59.15,76.5,Alluvial,377,3,1.0,CoM0265,458.25,7.03,81.2,9.9,34.9,19.3
1376.79,31.83,8.19,171.58,68.13,79.91,Alluvial,382,3,1.0,Co0238,488.82,6.95,78.0,6.1,29.2,18.8
983.01,28.6,7.33,129.61,45.94,61.39,Red Soil,339,2,1.0,Co0238,318.62,6.97,76.5,8.7,26.5,16.8
1935.09,34.08,9.22,228.25,84.88,105.97,Alluvial,419,3,0.32,CoM0265,396.04,7.27,93.8,9.0,42.4,17.7
1755.13,33.97,8.81,213.03,78.68,99.1,Alluvial,409,3,1.0,CoM0265,542.48,6.87,83.9,10.2,42.1,16.3
814.27,26.74,6.8,100.0,40.0,50.0,Sandy Loam,320,5,0.0,Co0238,195.88,6.49,81.3,8.3,23.4,19.6
1734.29,32.36,8.6,190.81,69.9,85.73,Clay Loam,391,4,0.07,Co0238,345.13,6.83,87.6,6.8,33.4,13.9
1418.79,32.21,8.57,179.49,67.57,80.2,Alluvial,378,3,1.0,Co86032,472.96,6.89,85.1,12.9,29.8,19.1
1146.45,29.49,7.38,135.64,47.59,64.0,Red Soil,342,2,1.0,Co86032,342.24,6.9,77.5,5.5,27.9,18.5
1941.41,35.2,8.95,234.53,83.56,107.7,Alluvial,419,3,1.0,Co86032,555.28,6.69,95.1,7.2,35.6,16.9
907.59,27.51,7.22,114.07,44.48,54.51,Sandy Loam,326,4,0.93,CoM0265,281.8,6.88,69.6,12.4,22.1,21.1
1656.2,32.91,8.83,205.27,74.41,87.65,Clay Loam,397,3,0.9,CoM0265,502.59,6.93,90.5,9.0,32.4,21.0
1544.53,32.81,8.69,187.61,71.67,85.62,Clay Loam,391,4,1.0,Co0238,515.74,6.88,90.9,7.4,36.1,18.3
1055.44,30.44,7.77,136.88,55.74,68.51,Clay Loam,360,4,1.0,CoM0265,427.87,7.06,79.8,12.4,30.5,17.9
848.8,27.0,6.98,101.96,40.59,54.0,Sandy Loam,324,5,1.0,Co0238,268.88,6.8,75.9,10.0,25.1,23.1
928.16,27.47,7.28,115.7,43.84,58.32,Sandy Loam,336,4,0.0,Co0238,188.4,7.04,68.8,13.9,28.2,18.4
1046.86,28.7,7.39,126.99,49.32,60.64,Red Soil,338,2,0.0,CoM0265,230.92,6.73,74.4,7.8,27.0,19.6
1343.79,30.83,7.91,144.22,52.62,64.63,Red Soil,360,2,1.0,Co86032,368.17,6.81,78.8,9.9,30.7,16.8
1884.46,34.77,9.3,232.94,82.91,106.27,Alluvial,416,3,0.0,CoM0265,401.98,6.65,98.0,9.4,39.6,18.1
958.6,28.88,7.46,134.79,47.03,62.43,Red Soil,336,2,0.78,Co0238,332.43,6.74,73.2,10.8,25.2,20.2
931.94,27.39,6.9,113.62,43.04,55.11,Sandy Loam,324,5,1.0,Co86032,282.94,6.92,72.0,8.4,27.5,20.8
1294.96,31.31,7.93,167.71,59.89,74.37,Alluvial,376,3,1.0,CoM0265,471.19,7.09,77.9,10.5,30.9,22.0
1517.5,32.6,8.53,192.65,70.41,84.03,Clay Loam,380,4,0.97,Co0238,517.7,6.73,85.2,9.4,35.7,18.2
800.0,26.83,6.88,102.95,40.0,50.48,Sandy Loam,320,5,0.84,Co86032,284.73,7.06,66.4,8.8,22.1,20.9
939.25,27.27,6.98,113.76,42.81,56.33,Sandy Loam,329,4,0.91,CoM0265,291.76,6.79,81.0,9.2,31.1,17.8
1553.19,32.92,8.74,193.84,70.64,87.76,Alluvial,392,3,0.95,Co86032,505.14,6.8,76.2,8.7,40.2,19.6
1187.77,29.27,7.65,139.88,50.68,60.45,Red Soil,348,2,1.0,Co86032,313.05,6.68,70.3,8.6,32.2,21.6
924.6,27.15,6.9,109.09,40.15,56.3,Sandy Loam,324,4,1.0,CoM0265,293.72,6.31,75.7,9.2,27.3,17.8
1681.31,33.28,8.75,206.38,76.73,93.13,Clay Loam,400,4,0.94,Co0238,526.8,6.58,91.7,10.4,34.6,15.9
986.19,28.24,7.26,125.17,46.15,59.16,Red Soil,335,2,0.96,Co0238,339.01,6.75,75.1,12.7,24.1,20.3
1096.23,29.35,7.43,126.1,46.72,65.04,Red Soil,344,2,0.0,CoM0265,216.56,6.52,74.3,11.1,32.8,18.9
899.26,27.21,7.11,105.6,43.67,56.72,Sandy Loam,326,4,0.98,CoM0265,288.99,6.71,73.1,10.4,31.3,20.7
971.42,28.42,7.47,124.42,45.75,62.47,Red Soil,341,2,0.95,Co0238,324.59,6.92,71.4,10.6,25.5,19.1
1474.21,32.94,8.69,195.49,70.29,87.88,Clay Loam,385,4,0.93,Co0238,504.15,6.53,84.8,7.0,35.3,18.9
1798.2,34.06,8.99,222.96,77.46,100.67,Alluvial,413,3,1.0,Co86032,549.33,6.56,84.9,9.1,38.1,16.7
1815.24,34.18,9.05,228.41,81.41,103.27,Alluvial,411,3,1.0,CoM0265,561.88,7.15,91.7,8.1,42.5,18.4
1429.15,32.26,8.53,181.61,65.23,79.56,Alluvial,383,3,1.0,Co86032,485.04,6.7,78.3,11.3,26.5,17.0
895.57,27.28,7.1,108.14,42.95,55.95,Sandy Loam,329,4,1.0,CoM0265,301.65,6.88,74.4,15.2,32.1,19.3
811.48,26.52,6.8,104.49,40.0,51.19,Sandy Loam,324,5,0.02,Co0238,201.11,6.93,68.9,8.3,25.8,19.3
1801.3,33.76,8.86,214.46,81.19,97.26,Alluvial,411,3,0.83,CoM0265,535.39,6.64,91.3,14.4,41.7,15.8
817.04,27.0,6.96,102.86,40.89,52.85,Sandy Loam,326,5,1.0,Co0238,260.37,6.88,67.0,11.4,22.5,22.2
1702.9,33.6,8.83,203.39,75.69,91.74,Clay Loam,403,4,1.0,Co0238,502.12,6.39,95.9,11.7,40.8,14.6
1512.84,32.93,8.42,188.13,71.92,85.86,Clay Loam,382,4,0.82,Co0238,512.3,6.8,85.9,13.6,33.6,18.0
1131.4,30.39,7.9,141.56,56.06,72.32,Clay Loam,361,4,1.0,CoM0265,423.53,6.96,77.7,9.8,26.8,19.4
950.89,27.74,7.05,115.38,44.56,58.51,Sandy Loam,332,4,0.0,Co0238,188.4,7.05,74.0,7.8,26.1,20.4
1740.9,33.8,8.84,211.68,77.63,94.72,Alluvial,409,3,1.0,Co86032,546.49,7.12,87.2,10.5,42.0,17.8
909.22,27.39,7.17,114.41,44.64,58.24,Sandy Loam,326,4,0.12,Co0238,199.37,6.84,72.7,8.2,29.6,22.2
891.0,27.08,7.2,111.79,42.0,55.4,Sandy Loam,323,4,1.0,CoM0265,290.26,6.92,81.6,8.3,26.4,21.4
1405.39,32.0,8.19,171.68,67.46,84.59,Alluvial,377,3,0.86,Co0238,479.43,6.49,83.5,7.8,30.0,16.4
1063.83,29.13,7.39,135.1,49.49,62.01,Red Soil,338,2,0.1,CoM0265,218.68,6.74,81.1,13.3,29.4,19.3
1935.54,34.24,9.09,229.15,83.26,102.1,Alluvial,418,3,1.0,CoM0265,559.32,6.77,95.1,6.4,34.5,15.5
1774.6,34.06,8.95,222.73,79.93,101.41,Alluvial,409,3,1.0,Co86032,541.65,6.94,81.8,10.4,38.7,14.7
1086.42,30.39,7.99,151.82,54.59,71.94,Clay Loam,357,4,1.0,CoM0265,420.51,6.93,80.0,11.7,27.5,18.8
1146.67,29.29,7.56,135.92,47.14,62.19,Red Soil,345,2,0.9,Co86032,342.0,6.99,82.5,11.7,25.6,18.8
929.49,27.01,7.17,115.4,44.5,54.92,Sandy Loam,327,4,1.0,CoM0265,295.86,6.71,78.5,13.0,25.6,18.5
1929.0,35.03,9.22,241.37,85.31,105.8,Alluvial,419,3,1.0,Co86032,573.04,6.71,98.0,9.1,40.8,18.3
804.71,27.02,6.8,101.78,42.22,50.49,Sandy Loam,321,5,1.0,Co86032,263.13,6.77,54.4,9.5,24.1,19.6
1599.85,33.15,8.93,200.08,75.34,90.6,Clay Loam,399,3,0.84,CoM0265,504.16,6.87,78.7,9.8,33.2,15.4
1127.86,30.06,7.78,150.36,56.1,72.44,Clay Loam,358,4,0.92,CoM0265,418.65,6.64,77.9,11.6,29.9,19.4
1847.93,34.07,9.1,223.4,82.14,103.82,Alluvial,413,3,1.0,Co86032,538.49,6.69,98.0,10.0,40.5,13.2
800.0,26.52,6.92,100.0,40.0,52.42,Sandy Loam,320,5,0.0,Co0238,198.17,6.76,69.1,11.8,24.1,22.8
837.93,26.5,6.84,102.0,40.0,50.0,Sandy Loam,322,5,0.83,Co86032,277.66,6.55,70.0,7.3,22.0,20.5
918.2,28.16,7.07,123.55,46.59,62.34,Red Soil,326,2,0.95,Co0238,305.62,6.96,75.0,7.2,25.1,19.7
1845.05,34.08,9.12,219.6,80.87,102.22,Alluvial,416,3,1.0,CoM0265,566.22,7.04,89.0,11.3,41.7,16.7
1459.4,32.43,8.53,189.91,70.86,83.95,Clay Loam,385,3,0.79,Co86032,487.5,6.74,84.9,9.7,32.6,17.0
1179.92,29.78,7.55,131.75,50.78,64.1,Red Soil,348,2,1.0,Co86032,336.25,6.88,76.1,11.0,36.8,20.5
1287.78,31.08,7.94,159.34,60.74,71.96,Alluvial,366,3,1.0,CoM0265,427.01,6.7,84.4,7.4,32.8,19.2
1966.7,34.98,9.05,243.0,85.5,109.14,Alluvial,420,3,0.84,Co86032,565.29,6.84,98.0,11.4,36.5,17.2
1923.02,35.11,9.15,239.22,84.57,111.02,Alluvial,422,3,0.94,Co86032,566.14,6.84,98.0,10.6,33.6,17.1
1221.09,31.37,7.95,154.67,58.34,72.02,Alluvial,364,3,1.0,CoM0265,443.28,6.83,73.8,10.5,24.5,20.4
1270.69,31.27,8.0,163.8,60.15,76.43,Alluvial,373,3,1.0,CoM0265,455.66,6.59,86.4,7.8,31.8,15.1
1572.28,32.91,8.66,193.49,72.85,87.75,Alluvial,387,3,1.0,Co86032,496.32,6.59,81.8,12.8,39.6,13.2
851.4,26.73,6.82,105.2,40.78,53.91,Sandy Loam,322,5,0.98,Co86032,274.35,7.04,72.8,10.5,25.6,19.4
1559.39,32.26,8.29,174.93,64.35,79.47,Clay Loam,379,3,0.92,CoM0265,465.26,6.6,83.2,10.9,35.6,18.0
897.37,26.98,7.03,110.36,40.9,53.73,Sandy Loam,328,4,0.94,CoM0265,285.1,6.73,64.6,12.8,24.6,19.5
1566.21,32.69,8.71,196.07,72.76,86.52,Alluvial,387,3,0.85,Co86032,514.63,6.98,87.7,14.3,38.2,18.2
1713.77,32.42,8.7,197.57,73.62,87.82,Clay Loam,389,4,0.19,Co0238,371.47,6.62,89.2,7.6,34.9,18.1
907.65,28.2,7.16,117.83,45.34,61.65,Red Soil,330,2,0.93,Co0238,314.23,6.86,69.5,13.1,30.9,19.9
1808.71,33.91,9.02,222.32,79.98,98.01,Alluvial,405,3,0.92,CoM0265,521.6,6.93,93.7,9.9,35.5,16.7
1518.13,32.82,8.66,185.3,69.86,85.47,Clay Loam,384,3,0.88,Co86032,503.45,6.68,78.5,10.9,35.3,18.3
1661.7,33.33,8.89,202.12,75.33,89.18,Clay Loam,392,3,1.0,CoM0265,509.67,7.02,91.0,13.2,36.0,18.2
1241.11,31.31,8.16,158.64,60.34,74.18,Alluvial,368,3,1.0,CoM0265,461.85,6.86,73.4,5.6,26.8,17.7
1295.74,29.91,7.52,138.0,49.46,64.73,Red Soil,353,2,0.98,Co0238,340.4,7.06,82.8,14.1,23.4,19.6
1734.04,33.36,8.92,210.43,78.47,95.55,Alluvial,406,3,0.88,Co86032,527.37,6.33,87.0,6.7,43.3,16.2
1406.06,31.86,8.28,175.86,69.26,84.88,Alluvial,381,3,1.0,Co0238,490.59,7.0,85.0,14.6,30.9,19.7
940.32,27.46,7.23,113.3,43.27,58.11,Sandy Loam,329,4,0.0,Co0238,188.4,6.71,75.1,11.5,24.4,20.1
1908.59,34.41,9.15,233.59,82.79,106.36,Alluvial,416,3,0.03,CoM0265,387.73,6.95,98.0,13.3,39.4,16.5
1832.69,34.39,8.9,218.28,83.32,98.84,Alluvial,413,3,1.0,Co86032,539.0,6.89,83.8,10.6,37.7,13.5
1691.45,32.31,8.57,195.97,73.71,89.01,Clay Loam,398,4,0.04,Co0238,356.12,6.7,93.9,5.2,40.3,18.4
1826.58,33.94,9.1,230.26,81.51,98.38,Alluvial,413,3,0.94,Co86032,556.97,7.01,98.0,8.2,39.0,16.6
863.08,27.37,6.96,106.09,40.84,52.4,Sandy Loam,325,5,1.0,Co0238,274.89,7.2,71.6,13.5,22.2,20.8
802.0,26.73,6.86,105.66,40.74,53.64,Sandy Loam,320,5,0.93,Co86032,257.47,6.82,71.8,15.9,27.0,19.4
1539.86,32.75,8.83,197.04,71.66,86.01,Alluvial,388,3,0.95,Co86032,506.69,6.62,72.9,15.1,30.9,15.2
1695.01,33.46,8.85,198.85,73.91,92.71,Clay Loam,398,3,1.0,CoM0265,510.45,6.76,88.1,11.9,37.6,13.9
1367.6,32.16,8.32,172.85,68.26,80.93,Alluvial,383,3,0.89,Co0238,491.44,6.54,82.2,10.4,28.3,17.6
895.48,28.02,7.11,124.5,44.3,56.64,Red Soil,329,2,1.0,Co0238,308.69,6.7,72.8,11.2,22.2,19.5
1873.77,34.07,9.26,225.77,81.99,103.76,Alluvial,412,3,0.09,CoM0265,396.53,6.92,87.4,10.5,40.4,14.0
819.8,27.2,7.0,106.79,40.7,52.35,Sandy Loam,323,5,0.95,Co86032,282.69,7.01,78.8,10.0,21.1,20.1
950.36,27.51,7.06,112.37,43.4,57.46,Sandy Loam,328,4,0.19,Co0238,200.17,6.93,79.7,11.7,33.1,18.4
914.15,28.37,7.38,121.32,46.2,61.04,Red Soil,331,2,1.0,Co0238,325.67,6.65,75.0,13.3,30.3,17.6
1035.46,28.42,7.38,123.22,47.6,60.55,Red Soil,337,2,1.0,Co0238,316.77,6.73,71.4,7.0,32.8,19.6
1089.72,29.32,7.69,132.89,47.15,65.26,Red Soil,346,2,1.0,Co86032,317.69,6.75,68.6,8.4,31.7,19.9
1395.05,31.83,8.16,180.8,67.52,82.92,Alluvial,378,3,1.0,Co0238,472.94,6.79,84.1,8.2,34.1,20.3
1275.35,31.84,8.0,158.67,63.95,77.08,Alluvial,374,3,0.98,CoM0265,491.03,6.9,78.3,8.9,30.5,17.4
1012.71,28.75,7.33,127.6,45.48,63.14,Red Soil,336,2,0.86,Co0238,325.12,6.87,67.4,4.4,25.9,21.8
1274.17,31.53,8.02,170.3,61.75,76.44,Alluvial,375,3,1.0,CoM0265,472.04,6.37,90.5,6.1,32.6,20.7
1256.72,31.65,8.22,159.13,60.34,75.09,Alluvial,370,3,0.02,Co86032,310.29,7.13,75.3,5.2,26.8,17.2
1300.09,29.9,7.44,141.02,47.63,65.0,Red Soil,348,2,0.9,Co0238,346.97,6.71,78.2,11.1,30.3,20.9
1285.49,29.74,7.62,142.15,50.1,66.25,Red Soil,354,2,0.87,Co0238,348.55,6.64,73.7,10.1,28.5,17.7
1672.18,33.2,8.94,204.95,74.41,91.51,Clay Loam,391,3,0.94,CoM0265,501.31,7.0,83.2,11.0,39.2,16.3
1108.77,29.94,7.79,145.71,54.38,69.86,Clay Loam,361,4,1.0,CoM0265,407.89,7.05,74.0,8.3,29.3,18.7
960.44,28.02,7.39,124.81,46.79,60.78,Red Soil,332,2,1.0,Co0238,304.75,6.77,67.3,8.7,28.1,21.3
951.52,27.52,7.12,116.07,43.02,58.14,Sandy Loam,328,4,0.0,Co0238,188.4,6.42,73.6,7.5,21.5,18.3
1284.68,29.85,7.47,140.43,50.93,64.67,Red Soil,347,2,1.0,Co0238,349.92,7.03,78.3,12.2,34.2,15.9
1715.02,32.88,8.82,197.8,74.01,89.14,Clay Loam,393,4,0.02,Co0238,355.5,6.56,89.4,10.0,35.4,15.6
1216.11,31.68,8.2,161.81,58.46,75.25,Alluvial,371,3,0.06,Co86032,305.03,7.06,75.3,12.8,27.9,20.8
1880.36,34.4,9.3,221.95,83.12,103.28,Alluvial,416,3,0.97,CoM0265,553.33,6.59,93.1,7.8,38.8,14.3
1970.0,34.73,9.29,242.59,85.89,111.65,Alluvial,422,3,1.0,Co86032,580.4,6.81,98.0,9.4,40.9,14.3
1309.11,29.74,7.5,143.94,50.21,63.7,Red Soil,349,2,1.0,Co0238,354.37,6.75,74.2,11.5,32.4,18.5
1260.14,31.22,8.32,165.49,62.66,77.98,Alluvial,373,3,1.0,CoM0265,480.3,6.64,79.2,10.9,31.5,19.6
1100.74,29.31,7.5,131.82,49.23,63.24,Red Soil,346,2,0.0,CoM0265,229.72,6.55,75.8,9.8,24.5,19.2
914.27,27.19,7.08,110.19,42.59,54.27,Sandy Loam,325,4,1.0,CoM0265,272.49,6.9,66.4,7.2,22.9,21.0
1029.69,28.84,7.34,129.23,46.6,64.13,Red Soil,336,2,0.09,CoM0265,206.71,7.05,77.5,10.8,25.8,18.1
1479.15,32.68,8.56,188.65,72.14,84.39,Clay Loam,383,3,1.0,Co86032,473.14,6.73,86.4,10.7,33.5,15.0
1252.42,31.06,7.99,162.93,61.69,74.07,Alluvial,372,3,1.0,CoM0265,460.7,6.83,74.3,6.1,31.7,21.7
1029.05,28.83,7.45,126.97,45.66,62.87,Red Soil,340,2,1.0,Co0238,323.14,6.95,68.3,6.8,25.1,18.7
1289.86,31.54,8.13,168.42,61.77,75.88,Alluvial,380,3,1.0,CoM0265,473.42,6.59,79.1,6.0,37.3,18.1
1594.73,32.41,8.48,169.14,62.64,78.47,Clay Loam,375,3,0.94,CoM0265,466.11,6.92,96.0,3.8,39.2,15.5
1033.5,28.41,7.39,124.6,48.92,59.0,Red Soil,338,2,0.93,Co0238,327.46,6.77,79.7,7.1,28.4,19.4
830.64,26.56,6.8,103.57,40.0,51.0,Sandy Loam,320,5,0.1,Co0238,196.65,6.81,68.1,9.4,22.0,19.5
1482.68,32.53,8.48,184.62,68.21,85.06,Clay Loam,379,3,0.92,Co86032,500.21,6.87,75.7,11.8,33.7,17.1
1773.02,34.17,8.77,215.46,79.42,98.42,Alluvial,410,3,0.97,CoM0265,531.9,6.58,83.2,13.8,38.6,15.1
1179.01,31.53,8.06,158.9,59.05,75.24,Alluvial,371,3,0.0,Co86032,310.23,6.86,81.4,12.2,28.4,19.8
1156.72,31.62,8.15,155.79,61.19,76.41,Alluvial,373,3,0.08,Co86032,307.64,6.56,75.6,9.3,27.6,21.0
935.63,27.07,6.96,109.27,43.7,55.72,Sandy Loam,327,4,0.95,CoM0265,281.6,6.94,75.4,9.1,25.2,20.0
1017.39,28.26,7.18,116.42,45.09,64.05,Red Soil,331,2,0.84,Co0238,332.33,6.71,77.4,10.9,25.5,18.6
1623.06,32.15,8.54,170.1,62.07,79.16,Clay Loam,375,3,0.94,CoM0265,439.68,6.92,79.7,7.9,38.4,18.3
833.9,26.63,6.8,100.27,40.0,50.0,Sandy Loam,324,5,0.09,Co0238,200.3,7.06,66.5,10.6,30.4,19.0
924.32,27.25,7.11,108.49,41.62,54.02,Sandy Loam,331,4,0.99,CoM0265,290.68,6.78,69.2,13.3,21.0,20.0
868.39,26.72,6.8,105.45,40.62,50.92,Sandy Loam,325,5,0.91,Co0238,277.21,6.72,83.8,11.5,28.1,21.6
1514.8,33.08,8.5,190.04,70.71,84.28,Clay Loam,387,3,1.0,Co86032,510.48,6.76,83.2,9.9,32.1,17.3
903.68,27.17,6.88,103.73,40.94,55.69,Sandy Loam,324,5,1.0,Co86032,280.07,6.67,77.7,10.7,24.3,19.8
991.25,28.63,7.46,130.56,48.5,59.73,Red Soil,334,2,0.98,Co0238,316.18,6.77,70.5,12.4,24.0,18.1
1115.01,30.47,7.78,150.69,55.88,71.48,Clay Loam,357,4,0.99,CoM0265,426.05,6.9,77.0,10.0,30.2,18.5
1514.77,32.57,8.64,190.97,69.83,86.7,Clay Loam,389,4,0.85,Co0238,504.57,7.14,78.5,11.3,29.0,14.8
1219.67,29.67,7.53,139.24,48.11,66.98,Red Soil,347,2,1.0,Co86032,326.22,6.64,83.3,7.9,30.7,19.4
910.33,27.01,6.93,111.99,40.0,54.82,Sandy Loam,323,4,0.95,CoM0265,275.02,7.01,62.6,10.5,23.3,22.7
1500.65,32.7,8.62,192.71,69.88,84.93,Clay Loam,388,4,0.85,Co0238,499.92,6.8,86.3,10.7,34.1,18.2
1730.68,33.83,8.87,211.33,76.1,95.75,Alluvial,407,3,0.99,Co86032,528.36,6.67,86.4,15.4,34.2,16.1
1901.06,34.03,9.02,223.62,81.35,102.6,Alluvial,408,3,0.83,CoM0265,566.98,6.39,84.3,4.4,40.8,15.9
1632.81,33.01,8.69,199.1,75.06,89.43,Clay Loam,389,3,1.0,CoM0265,522.51,6.81,92.3,8.7,39.9,15.7
1674.57,33.25,8.81,201.11,76.77,91.13,Clay Loam,402,3,1.0,CoM0265,500.48,6.91,84.3,8.0,35.5,15.0
858.6,26.99,6.83,107.56,41.43,51.58,Sandy Loam,323,5,1.0,Co0238,285.51,6.65,77.1,9.8,25.3,18.5
905.83,27.53,6.94,108.86,41.86,53.64,Sandy Loam,326,4,0.97,CoM0265,284.71,6.93,76.0,10.4,29.5,20.4
1203.49,31.43,7.99,158.14,58.94,72.01,Alluvial,374,3,1.0,CoM0265,436.89,7.09,70.3,14.2,22.2,18.4
1234.88,31.81,8.03,156.89,62.71,74.78,Alluvial,370,3,0.0,Co86032,313.96,7.01,78.6,2.5,27.0,21.6
988.93,27.82,7.09,121.85,44.89,57.63,Red Soil,332,2,1.0,Co0238,312.58,7.22,79.7,4.4,27.1,19.3
1597.43,32.33,8.41,174.54,62.28,76.8,Clay Loam,376,3,1.0,CoM0265,461.36,6.7,92.7,9.8,36.3,15.7
1782.71,34.12,8.87,221.19,79.69,99.71,Alluvial,411,3,1.0,Co86032,556.12,6.96,94.6,10.4,42.1,16.0
1341.13,31.08,8.17,174.33,59.63,75.14,Alluvial,373,3,1.0,CoM0265,459.4,6.52,77.5,12.5,37.9,19.0
1685.87,33.31,8.87,205.54,77.29,92.49,Clay Loam,398,4,1.0,Co0238,524.94,6.77,95.8,7.6,38.7,17.0
1842.43,34.48,9.07,223.71,80.39,100.6,Alluvial,412,3,0.85,CoM0265,566.22,6.81,90.0,7.0,43.2,17.0
1633.79,32.26,8.5,175.2,61.88,79.01,Clay Loam,376,3,0.9,CoM0265,466.51,6.7,88.2,11.2,32.3,18.9
812.34,26.54,6.8,100.0,41.15,51.0,Sandy Loam,320,5,0.06,Co0238,192.94,6.64,73.0,12.0,21.2,19.6
1480.95,32.1,8.29,169.72,69.68,81.29,Alluvial,373,3,1.0,Co0238,468.47,6.68,83.7,9.4,36.1,17.2
907.46,26.5,6.95,108.92,42.32,53.1,Sandy Loam,322,5,1.0,Co0238,281.66,6.67,74.6,12.2,28.1,19.7
818.86,26.52,6.8,102.7,41.41,52.29,Sandy Loam,320,5,0.99,Co86032,264.26,6.71,65.5,5.3,28.1,20.8
1689.28,32.49,8.63,192.14,71.52,87.68,Clay Loam,392,4,0.14,Co0238,348.24,6.96,90.1,14.5,33.6,21.3
1786.01,33.3,8.97,206.31,76.92,94.99,Alluvial,408,3,1.0,Co86032,539.2,6.65,83.1,8.9,42.0,15.2
879.28,26.74,6.93,106.97,41.63,50.41,Sandy Loam,321,5,0.92,Co0238,277.03,6.91,69.9,11.9,24.7,18.6
1330.55,30.56,7.92,148.01,54.23,68.3,Red Soil,354,2,0.98,Co86032,368.51,6.68,84.6,6.7,31.7,15.8
1783.63,34.27,8.99,217.13,79.18,99.64,Alluvial,414,3,0.84,Co86032,556.18,6.44,98.0,4.5,37.0,15.9
1145.6,29.36,7.53,133.18,49.64,60.7,Red Soil,345,2,0.83,Co86032,320.29,6.79,85.1,13.6,27.3,21.0
1540.78,32.47,8.65,199.11,70.33,84.82,Alluvial,391,3,1.0,Co86032,491.34,6.6,84.6,4.2,37.1,18.4
1945.51,35.2,9.22,234.93,86.0,112.0,Alluvial,419,3,1.0,Co86032,578.78,6.86,94.0,12.0,43.0,13.4
948.37,27.64,7.0,111.3,41.91,55.42,Sandy Loam,325,4,1.0,CoM0265,287.23,6.73,85.8,15.1,27.5,21.5
1036.66,29.08,7.28,130.08,47.91,60.74,Red Soil,340,2,0.0,CoM0265,210.39,6.78,78.8,13.4,23.5,21.7
1308.45,29.54,7.54,142.09,51.69,64.3,Red Soil,346,2,1.0,Co0238,349.28,6.81,81.0,6.7,24.9,20.6
1275.74,29.93,7.47,142.99,50.71,66.85,Red Soil,348,2,0.92,Co0238,345.4,6.63,82.3,14.0,34.7,18.8
1685.95,32.53,8.75,192.97,70.92,89.83,Clay Loam,391,4,0.05,Co0238,373.65,6.68,97.5,8.6,38.4,17.5
1782.61,34.34,9.22,223.79,82.18,100.09,Alluvial,410,3,0.96,Co86032,533.26,6.77,94.8,6.1,38.6,16.8
1401.31,31.66,8.25,173.37,68.59,83.58,Alluvial,378,3,1.0,Co0238,474.0,7.06,81.8,9.5,32.5,18.3
1406.52,31.74,8.43,177.49,67.87,82.16,Alluvial,375,3,1.0,Co0238,478.94,6.65,91.5,13.3,31.4,18.9
1167.4,30.08,7.77,154.61,56.32,71.28,Clay Loam,362,4,1.0,CoM0265,439.88,6.81,72.7,10.5,25.4,19.5
825.63,26.71,6.9,107.43,42.03,53.52,Sandy Loam,323,5,0.83,Co0238,285.93,7.02,74.7,7.5,23.7,19.5
1020.44,28.86,7.27,128.64,46.7,63.26,Red Soil,340,2,0.0,CoM0265,214.23,6.63,75.3,8.0,30.6,16.0
1834.18,34.1,8.84,218.55,78.98,98.31,Alluvial,413,3,0.74,Co86032,540.1,6.67,96.3,8.0,39.9,16.7
1696.32,33.68,8.66,204.16,77.36,94.46,Clay Loam,407,4,1.0,Co0238,530.65,7.03,92.0,7.8,35.3,16.8
1218.1,31.03,8.17,161.89,60.26,72.18,Alluvial,371,3,0.02,Co86032,316.35,6.88,86.4,16.6,26.6,18.3
1321.43,31.31,8.23,173.61,59.57,77.13,Alluvial,374,3,0.83,CoM0265,480.86,6.79,82.4,9.6,35.3,22.0
1600.52,32.97,8.73,204.07,74.52,89.45,Clay Loam,396,3,1.0,CoM0265,527.04,6.52,87.8,9.7,30.0,15.5
1546.25,32.84,8.64,190.04,71.59,85.87,Clay Loam,390,4,1.0,Co0238,511.03,6.74,84.7,11.5,32.7,16.9
1854.71,34.16,8.97,225.83,82.33,104.88,Alluvial,415,3,1.0,CoM0265,580.4,7.1,90.3,11.5,40.9,18.6
870.25,26.84,6.87,110.4,40.0,52.8,Sandy Loam,320,5,1.0,Co86032,287.65,6.96,65.7,9.2,27.5,18.4
1908.31,35.11,9.09,238.05,82.83,108.86,Alluvial,422,3,0.98,Co86032,564.76,6.84,92.1,17.2,40.1,16.7
916.68,27.68,7.33,114.13,44.95,61.46,Sandy Loam,330,4,0.0,Co0238,189.14,6.88,79.9,9.7,24.5,20.8
1853.46,34.05,9.12,222.7,82.71,101.92,Alluvial,409,3,1.0,Co86032,547.23,6.74,96.7,13.5,35.2,16.4
1094.33,30.41,7.85,152.45,55.71,68.26,Clay Loam,360,4,1.0,CoM0265,414.96,6.46,72.8,12.8,30.0,16.9
1245.33,30.76,8.01,157.61,59.95,70.59,Alluvial,360,3,1.0,CoM0265,432.25,6.73,78.5,12.5,29.2,18.0
1203.31,32.03,8.17,165.03,60.11,74.65,Alluvial,372,3,0.0,Co86032,319.44,6.21,75.8,14.3,28.2,18.9
871.11,27.26,7.12,112.24,42.02,56.13,Sandy Loam,321,5,0.86,Co86032,310.19,7.22,64.4,9.3,23.9,21.9
1928.89,34.43,8.98,228.23,83.16,105.89,Alluvial,420,3,0.0,CoM0265,400.23,6.6,89.6,7.7,31.3,16.7
1275.15,31.32,8.06,158.69,56.41,72.53,Alluvial,370,3,0.89,CoM0265,448.99,6.75,79.3,9.5,29.4,17.1
1721.35,33.34,8.83,198.84,73.85,92.2,Clay Loam,397,3,1.0,CoM0265,514.42,6.7,88.8,12.2,37.4,15.6
1638.29,33.29,8.76,199.36,76.19,91.98,Clay Loam,395,4,0.96,Co0238,520.06,6.86,84.0,11.0,34.5,17.3
1731.32,33.61,8.92,209.47,78.03,96.69,Alluvial,402,3,1.0,Co86032,525.11,6.6,92.4,4.1,34.8,13.1
1810.1,34.28,9.18,221.3,79.63,99.33,Alluvial,411,3,0.92,Co86032,533.21,6.88,90.9,10.5,38.1,16.1
1308.81,31.68,8.21,171.15,63.59,78.69,Alluvial,372,3,0.95,CoM0265,486.44,7.02,83.5,12.1,32.2,17.1
1057.74,28.91,7.45,133.7,46.01,61.47,Red Soil,337,2,0.0,CoM0265,219.91,6.48,72.8,7.4,26.9,19.3
947.73,28.03,7.31,124.2,44.48,60.51,Red Soil,331,2,0.92,Co0238,321.29,6.91,80.0,6.7,23.1,22.8
1814.35,34.03,9.03,221.29,78.48,100.17,Alluvial,411,3,0.95,Co86032,551.27,6.85,89.2,11.2,41.7,15.3
1245.23,31.44,8.09,154.65,57.83,73.83,Alluvial,369,3,1.0,CoM0265,452.05,6.65,75.0,11.5,31.2,19.3
881.96,27.37,6.91,113.14,44.04,53.83,Sandy Loam,327,5,1.0,Co86032,275.85,6.71,74.3,8.9,22.6,21.3
1681.44,33.2,8.58,202.01,75.65,93.62,Clay Loam,399,4,0.87,Co0238,489.54,6.77,85.6,7.4,33.8,15.8
946.22,27.14,6.97,115.99,42.56,56.29,Sandy Loam,321,4,1.0,CoM0265,293.92,6.91,72.2,17.4,24.0,19.2
1527.1,32.68,8.5,197.17,70.48,84.28,Clay Loam,390,4,0.94,Co0238,491.81,6.82,84.7,7.9,34.4,20.2
1172.0,29.46,7.44,139.75,49.07,65.55,Red Soil,345,2,0.86,Co86032,320.96,6.72,67.6,10.9,27.3,19.9
800.0,26.66,6.8,101.16,42.97,52.7,Sandy Loam,325,5,0.94,Co0238,271.98,6.77,73.1,13.3,29.9,21.4
1601.03,32.04,8.6,170.79,64.94,78.9,Clay Loam,378,3,1.0,CoM0265,457.09,6.54,86.6,10.4,40.6,17.8
1327.03,30.0,7.45,146.44,51.28,64.09,Red Soil,350,2,1.0,Co0238,346.22,6.74,77.4,6.3,34.4,19.5
896.64,27.01,7.17,106.85,41.8,52.28,Sandy Loam,324,5,0.91,Co86032,266.35,6.62,72.6,9.3,24.3,19.3
1345.43,30.77,7.95,142.7,53.45,68.89,Red Soil,357,2,1.0,Co86032,361.68,6.81,87.0,12.3,32.3,19.8
941.68,28.24,7.33,123.17,48.32,62.5,Red Soil,335,2,1.0,Co0238,299.52,6.82,74.7,6.2,25.3,22.0
913.9,27.13,6.97,108.54,40.58,54.82,Sandy Loam,325,4,1.0,CoM0265,278.52,7.04,76.2,12.8,29.5,18.3
1970.0,35.2,9.07,243.0,83.72,112.0,Alluvial,418,3,0.97,Co86032,580.4,6.4,98.0,11.2,42.8,17.1
900.15,27.41,6.94,114.14,41.33,54.72,Sandy Loam,324,5,0.84,Co86032,304.82,6.65,76.7,17.9,24.5,20.5
881.73,26.79,7.02,106.21,41.16,53.19,Sandy Loam,322,5,1.0,Co0238,285.6,6.63,62.1,7.8,26.4,18.1
1646.66,32.71,8.78,202.89,74.94,90.79,Clay Loam,394,3,1.0,CoM0265,509.86,6.85,88.5,9.8,34.0,16.5
1090.21,29.85,7.95,159.22,54.59,69.1,Clay Loam,357,4,0.94,CoM0265,432.59,7.44,73.2,7.3,24.7,20.0
1289.93,31.24,8.07,166.63,60.57,78.72,Alluvial,372,3,0.75,CoM0265,470.6,6.93,83.9,6.1,28.5,21.0
1676.54,32.93,8.63,202.23,77.92,89.64,Clay Loam,395,3,0.95,CoM0265,514.91,6.94,96.2,11.6,35.7,18.1
908.84,27.21,7.05,110.95,41.59,54.3,Sandy Loam,325,4,1.0,CoM0265,293.42,7.16,83.1,15.7,33.8,18.5
1264.83,31.3,8.04,156.32,58.91,73.24,Alluvial,363,3,1.0,CoM0265,453.68,6.48,80.6,13.4,30.4,20.9
1308.47,31.29,7.98,155.99,57.24,71.97,Alluvial,368,3,0.89,CoM0265,446.4,6.78,81.6,11.2,34.6,18.9
1664.45,33.26,8.65,198.06,78.11,91.48,Clay Loam,395,3,0.88,CoM0265,514.65,6.78,91.9,13.1,40.6,18.2
913.75,27.59,7.09,115.64,40.58,58.07,Sandy Loam,322,4,0.05,Co0238,188.4,7.12,73.7,12.2,25.7,20.4
1249.4,31.47,8.03,159.23,57.38,72.37,Alluvial,367,3,1.0,CoM0265,434.93,7.03,88.4,8.3,27.8,18.6
905.18,27.13,7.09,102.58,43.31,56.0,Sandy Loam,322,4,0.95,CoM0265,280.31,6.86,75.8,12.3,20.4,19.1
1023.69,28.77,7.62,127.91,47.14,62.44,Red Soil,335,2,1.0,Co0238,313.59,6.64,69.1,2.5,23.3,19.6
1524.62,32.53,8.37,183.13,70.47,81.61,Clay Loam,382,3,1.0,Co86032,488.09,7.06,89.3,7.1,34.1,16.6
1436.43,31.87,8.23,179.95,66.52,83.27,Alluvial,375,3,1.0,Co0238,473.37,6.42,80.1,7.5,29.5,18.7
800.0,26.67,6.8,105.41,41.66,52.23,Sandy Loam,321,5,0.04,Co0238,201.56,7.09,65.0,11.2,26.3,22.0
891.4,27.48,7.01,109.74,43.38,55.73,Sandy Loam,331,4,1.0,CoM0265,275.91,6.58,79.4,7.3,30.3,18.2
1277.33,30.93,8.15,166.21,60.59,78.07,Alluvial,373,3,1.0,CoM0265,469.44,6.37,77.9,9.7,27.6,18.2
870.75,26.8,6.98,104.76,41.73,50.07,Sandy Loam,322,5,1.0,Co0238,276.99,6.78,79.3,9.7,28.7,19.7
881.15,26.87,6.95,106.43,40.0,53.0,Sandy Loam,325,5,1.0,Co86032,266.49,6.86,72.2,11.0,26.4,18.3
940.71,28.04,7.24,119.22,46.68,60.14,Red Soil,336,2,0.96,Co0238,311.62,7.02,73.0,2.0,24.8,16.2
1964.88,35.2,9.29,243.0,85.89,108.5,Alluvial,422,3,0.96,Co86032,568.45,6.77,83.6,2.4,41.0,15.0
1970.0,35.01,9.3,243.0,86.0,111.51,Alluvial,422,3,0.99,Co86032,580.4,6.95,97.1,9.1,44.3,17.0
1540.9,32.85,8.6,181.0,68.2,81.4,Clay Loam,378,3,0.77,Co86032,489.92,7.03,87.6,12.1,34.8,17.7
1463.04,32.46,8.36,181.79,63.77,81.05,Alluvial,382,3,1.0,Co86032,482.62,6.79,77.9,2.0,33.2,16.3
800.0,26.88,6.8,100.0,40.0,50.0,Sandy Loam,320,5,1.0,Co86032,275.06,6.77,77.4,4.3,21.1,20.2
1376.99,30.6,7.81,155.16,52.65,68.47,Red Soil,357,2,0.96,Co86032,377.76,6.65,84.6,12.7,31.9,17.8
847.6,26.5,6.8,100.0,40.35,50.0,Sandy Loam,323,5,0.99,Co86032,268.2,6.83,69.5,14.4,18.7,19.3
1847.06,34.22,9.0,219.39,80.95,104.8,Alluvial,412,3,0.84,Co86032,552.25,6.89,89.6,9.3,35.1,16.4
1364.34,30.38,7.8,146.72,51.29,66.21,Red Soil,355,2,1.0,Co86032,334.52,6.82,84.9,11.4,32.1,20.4
1930.16,34.38,9.13,232.94,84.3,105.88,Alluvial,416,3,0.0,CoM0265,381.41,6.94,91.7,18.1,41.1,16.9
1771.88,34.02,9.02,212.97,79.8,100.72,Alluvial,411,3,1.0,CoM0265,533.87,6.49,94.7,9.5,40.0,18.7
1724.61,33.42,8.72,208.76,74.55,90.77,Clay Loam,401,4,0.92,Co0238,518.07,7.1,86.2,8.4,31.8,16.8
1230.29,31.51,8.26,159.46,61.61,75.2,Alluvial,372,3,0.05,Co86032,317.8,6.82,77.8,10.8,33.9,18.4
893.59,27.05,6.96,105.31,42.12,54.74,Sandy Loam,320,5,1.0,Co0238,278.62,7.01,74.1,12.1,23.4,20.3
844.88,26.5,6.8,109.03,42.37,51.12,Sandy Loam,323,5,1.0,Co86032,273.09,6.4,83.1,9.1,31.1,21.3
1180.85,31.67,8.07,163.69,59.54,73.42,Alluvial,370,3,0.0,Co86032,305.94,6.76,71.7,7.1,33.8,17.1
1114.55,30.29,7.68,151.1,54.99,69.63,Clay Loam,363,4,0.86,CoM0265,433.08,6.84,72.2,10.1,29.5,19.7
909.44,26.74,6.94,105.47,42.81,50.03,Sandy Loam,321,5,1.0,Co0238,275.01,7.08,74.4,10.3,28.0,19.6
951.45,28.14,7.16,122.45,45.01,60.59,Red Soil,337,2,1.0,Co0238,320.96,6.86,66.0,12.3,20.4,22.2
1901.98,34.43,9.18,229.51,83.53,105.22,Alluvial,413,3,0.0,CoM0265,387.43,6.87,85.6,10.6,38.1,19.4
943.05,28.24,7.07,117.66,45.54,59.06,Red Soil,329,2,0.9,Co0238,313.35,6.92,74.1,14.3,28.5,19.6
1216.88,31.1,8.05,148.98,57.83,72.37,Alluvial,372,3,0.9,CoM0265,440.77,6.26,87.8,10.3,29.5,20.2
1765.82,33.78,9.02,213.44,79.49,97.16,Alluvial,399,3,0.83,Co86032,512.83,6.7,88.2,14.1,34.3,16.8
869.22,26.68,6.8,102.4,42.26,52.77,Sandy Loam,327,5,0.95,Co0238,285.88,6.93,78.4,7.4,25.4,18.1
1417.02,31.91,8.3,179.06,68.47,82.92,Alluvial,379,3,0.99,Co0238,473.39,6.56,84.1,8.5,34.5,18.1
1708.12,33.74,8.65,195.87,73.88,90.92,Clay Loam,395,3,0.92,CoM0265,498.68,7.07,91.9,10.9,33.8,18.4
853.37,26.53,6.83,104.98,40.65,52.28,Sandy Loam,323,5,1.0,Co0238,288.61,6.87,70.5,9.5,27.5,20.7
949.11,28.11,7.22,120.22,44.76,57.89,Red Soil,327,2,0.93,Co0238,320.94,6.86,62.4,6.2,23.9,20.7
1762.68,33.81,8.94,208.8,77.93,98.33,Alluvial,403,3,0.97,Co86032,539.34,7.0,85.9,6.6,42.3,16.5
917.78,27.13,6.98,104.24,42.16,51.11,Sandy Loam,321,4,0.9,CoM0265,270.42,6.81,65.7,13.2,27.4,22.4
1791.28,34.06,8.81,212.97,77.31,100.07,Alluvial,404,3,1.0,CoM0265,545.84,7.05,98.0,10.5,38.8,16.4
1643.89,32.36,8.54,171.72,63.53,79.42,Clay Loam,380,3,0.87,CoM0265,467.15,6.62,80.6,13.4,40.0,16.6
1636.75,33.3,8.93,202.06,74.65,90.27,Clay Loam,401,3,1.0,CoM0265,503.72,6.68,81.8,15.1,37.4,15.3
1716.35,33.48,8.82,211.59,77.18,94.22,Alluvial,402,3,0.99,Co86032,527.66,6.87,91.4,7.9,37.9,16.9
1279.47,30.91,7.98,154.62,57.9,73.98,Alluvial,365,3,0.86,CoM0265,456.13,7.0,86.1,16.4,23.4,15.4
959.94,29.16,7.28,127.38,49.64,61.66,Red Soil,343,2,0.0,CoM0265,231.6,6.83,75.3,8.2,26.0,18.8
1311.91,31.17,7.99,164.32,61.06,77.27,Alluvial,374,3,0.99,CoM0265,468.83,6.8,78.7,10.6,28.4,20.9
843.52,26.65,7.05,100.48,40.88,50.14,Sandy Loam,325,5,0.89,Co0238,276.13,6.63,76.0,16.1,20.8,22.1
1555.26,32.82,8.78,195.78,69.85,84.31,Clay Loam,385,4,1.0,Co0238,511.74,6.99,87.9,10.7,39.8,17.5
830.2,26.5,6.88,100.0,40.0,51.14,Sandy Loam,320,5,0.0,Co0238,203.89,6.7,74.1,7.4,25.1,21.3
922.39,27.35,7.09,104.33,41.17,56.12,Sandy Loam,322,4,0.88,CoM0265,280.44,6.87,76.6,13.1,34.4,19.4
1546.15,32.57,8.57,187.83,70.03,86.46,Clay Loam,382,4,0.92,Co0238,503.25,6.34,75.7,9.5,38.6,19.0
1324.15,30.6,7.91,144.4,53.31,69.82,Red Soil,361,2,0.86,Co86032,364.95,6.68,81.4,11.6,38.5,17.5
823.08,26.72,7.03,107.4,41.51,52.17,Sandy Loam,320,5,0.91,Co0238,271.74,7.04,71.6,8.1,23.7,22.2
953.68,27.84,7.16,121.66,45.64,59.1,Red Soil,334,2,1.0,Co0238,304.75,6.43,70.6,9.1,22.6,21.5
1271.5,31.14,7.97,155.23,59.8,70.73,Alluvial,358,3,0.88,CoM0265,454.08,6.76,84.6,10.1,30.9,18.8
1952.69,34.26,9.14,235.81,83.34,105.04,Alluvial,415,3,0.11,CoM0265,388.3,6.65,96.1,11.4,44.9,15.4
1857.3,33.79,9.12,230.0,82.13,103.07,Alluvial,412,3,0.86,CoM0265,534.78,7.05,83.4,13.3,35.0,17.1
1278.66,29.86,7.64,139.34,49.33,66.47,Red Soil,349,2,0.97,Co0238,336.16,6.69,69.3,12.4,33.1,18.6
1802.78,33.67,8.78,212.23,76.2,94.91,Alluvial,404,3,0.85,Co86032,515.9,6.71,89.9,8.7,42.9,16.9
1661.43,33.4,8.65,201.3,73.64,89.59,Clay Loam,394,3,1.0,CoM0265,495.87,6.15,86.0,7.6,35.1,15.7
1695.05,33.21,8.79,203.75,78.99,92.11,Clay Loam,401,4,0.79,Co0238,533.0,6.64,83.5,11.8,39.0,15.2
885.33,27.55,6.97,102.43,43.51,52.92,Sandy Loam,324,5,0.92,Co86032,295.06,6.94,68.5,13.7,24.7,22.7
1527.59,32.92,8.63,179.67,71.44,85.26,Clay Loam,384,3,0.94,Co86032,490.22,6.4,81.5,5.2,34.3,15.9
1970.0,34.93,9.23,240.19,84.33,109.8,Alluvial,419,3,1.0,Co86032,565.29,6.48,98.0,9.7,41.8,16.9
1083.11,28.71,7.3,127.79,48.46,62.74,Red Soil,339,2,0.0,CoM0265,234.92,6.9,80.3,14.8,30.4,18.2
803.57,26.5,6.89,100.0,40.0,51.28,Sandy Loam,321,5,0.0,Co0238,200.24,6.67,66.1,7.2,26.0,20.9
1806.45,34.26,9.02,227.47,81.36,100.21,Alluvial,411,3,0.82,Co86032,535.95,6.73,95.8,9.3,39.9,16.4
930.94,27.69,7.22,115.37,46.4,57.83,Sandy Loam,336,4,0.09,Co0238,194.18,6.56,71.2,13.4,22.9,15.8
1970.0,34.76,9.13,237.6,83.86,106.97,Alluvial,414,3,0.1,CoM0265,401.64,6.68,98.0,9.4,44.4,16.1
1713.15,33.33,8.59,209.56,76.7,88.79,Clay Loam,403,4,1.0,Co0238,535.37,6.47,91.4,8.9,34.5,18.7
955.09,27.89,7.18,118.86,45.13,59.27,Sandy Loam,337,4,0.17,Co0238,203.61,6.43,81.6,13.2,26.8,20.2
1244.21,31.63,8.17,166.06,60.73,74.78,Alluvial,372,3,0.06,Co86032,310.69,6.76,78.0,8.7,26.8,18.9
1509.29,32.66,8.73,192.43,69.92,84.85,Clay Loam,383,4,1.0,Co0238,507.31,6.4,85.9,10.9,30.6,16.6
951.71,27.66,7.21,113.07,44.1,56.64,Sandy Loam,330,4,0.06,Co0238,194.38,6.89,74.8,9.1,22.5,19.6
1827.55,34.39,8.92,221.23,82.89,103.96,Alluvial,412,3,0.92,CoM0265,555.88,6.88,96.7,8.9,37.1,17.8
1867.67,33.74,8.93,220.51,81.26,102.36,Alluvial,412,3,1.0,CoM0265,558.94,6.53,89.6,12.1,40.2,15.1
1322.9,29.56,7.53,137.39,48.35,63.85,Red Soil,348,2,0.94,Co0238,337.4,6.64,62.8,8.9,31.9,17.4
1025.71,28.41,7.46,129.06,48.03,61.05,Red Soil,340,2,0.91,Co0238,327.46,6.87,70.2,5.9,28.8,18.7
1273.45,29.65,7.46,142.37,49.74,65.98,Red Soil,350,2,1.0,Co0238,345.56,6.49,75.7,14.9,32.5,20.9
1394.44,31.79,8.23,176.65,67.98,82.53,Alluvial,381,3,1.0,Co0238,477.05,6.96,79.8,11.1,34.0,18.4
1442.6,31.87,8.06,168.44,68.02,81.05,Alluvial,376,3,0.94,Co0238,478.07,6.89,83.4,10.7,30.4,17.3
1025.32,28.49,7.48,129.14,47.61,60.94,Red Soil,335,2,0.97,Co0238,326.25,6.96,75.1,9.5,26.4,18.6
1512.82,32.55,8.49,183.73,66.92,85.42,Clay Loam,384,3,0.95,Co86032,480.8,6.69,85.1,10.9,35.7,16.2
1764.91,33.95,8.92,214.74,81.6,100.69,Alluvial,407,3,0.92,CoM0265,542.84,7.07,86.3,6.6,39.4,16.5
1689.88,33.53,8.74,206.41,75.85,94.09,Clay Loam,400,4,1.0,Co0238,512.57,6.64,90.7,13.0,36.8,16.7
1662.14,32.12,8.65,196.56,73.49,87.49,Clay Loam,394,4,0.05,Co0238,356.06,6.7,90.4,9.0,37.0,17.3
925.16,27.62,7.02,112.8,42.11,58.45,Sandy Loam,328,4,0.08,Co0238,188.4,6.91,80.6,3.7,20.2,17.5
1315.24,30.37,7.98,144.87,53.37,69.14,Red Soil,352,2,1.0,Co86032,352.86,6.91,77.7,7.1,30.6,16.6
1176.33,29.65,7.69,136.56,48.6,63.84,Red Soil,346,2,0.96,Co86032,331.94,6.93,78.8,6.5,31.3,17.4
1704.39,33.3,8.66,198.86,75.38,88.89,Clay Loam,395,3,1.0,CoM0265,501.42,6.63,91.1,11.0,38.0,16.9
1154.47,30.37,7.66,153.17,56.51,73.42,Clay Loam,362,4,1.0,CoM0265,421.61,6.91,80.7,11.9,27.5,17.6
1672.63,32.23,8.6,198.38,73.51,86.72,Clay Loam,387,4,0.01,Co0238,362.19,6.51,86.8,10.6,33.7,17.5
1727.22,33.48,8.88,218.89,78.01,96.79,Alluvial,408,3,1.0,Co86032,533.5,7.05,88.7,8.5,40.2,15.0
1767.29,33.65,9.01,214.53,80.05,94.21,Alluvial,407,3,0.85,Co86032,540.31,6.34,89.1,5.0,47.0,16.4
800.0,26.6,6.82,110.86,40.0,52.22,Sandy Loam,322,5,1.0,Co86032,284.69,6.8,67.9,8.3,24.4,19.1
1316.12,31.78,8.24,173.93,59.82,76.3,Alluvial,378,3,0.95,CoM0265,458.7,7.17,77.8,11.9,33.3,18.0
1479.8,32.35,8.61,179.39,64.9,79.63,Alluvial,384,3,0.94,Co86032,477.43,6.73,85.6,11.9,31.5,18.3
1737.65,33.38,8.94,206.39,76.62,93.58,Clay Loam,403,4,1.0,Co0238,522.38,7.15,86.1,10.4,38.9,16.6
1354.15,29.86,7.8,143.76,51.22,67.71,Red Soil,354,2,1.0,Co86032,371.38,6.77,85.0,11.3,36.3,19.0
859.6,26.5,6.8,105.98,41.31,50.0,Sandy Loam,323,5,0.03,Co0238,203.28,7.09,73.4,9.6,25.3,21.5
1496.47,32.66,8.5,189.12,72.01,87.78,Clay Loam,387,3,0.99,Co86032,497.9,6.91,88.6,8.6,37.8,21.2
830.33,26.76,6.83,100.0,41.48,50.0,Sandy Loam,322,5,1.0,Co86032,272.86,7.04,75.2,13.3,21.7,19.6
1669.06,33.17,8.77,204.54,75.18,92.16,Clay Loam,397,3,1.0,CoM0265,517.66,6.68,91.8,10.0,36.1,16.2
829.7,26.61,6.8,104.35,40.0,50.78,Sandy Loam,323,5,0.95,Co86032,280.43,6.39,78.7,5.6,22.6,20.4
1381.88,31.33,8.5,170.51,70.11,84.86,Alluvial,379,3,1.0,Co0238,481.09,7.17,85.3,15.3,34.7,20.1
890.52,27.1,6.97,109.84,42.68,52.98,Sandy Loam,328,5,0.96,Co86032,276.52,7.04,67.3,13.2,25.0,20.0
1112.34,30.71,7.96,161.45,56.98,73.71,Clay Loam,362,4,0.9,CoM0265,430.91,6.76,86.4,9.2,28.0,20.7
985.97,27.93,7.26,125.22,45.67,57.44,Red Soil,328,2,0.86,Co0238,311.09,6.89,81.8,15.5,23.3,19.3
1080.57,29.98,7.82,148.94,56.84,70.68,Clay Loam,359,4,0.93,CoM0265,419.81,6.44,74.8,11.6,27.6,20.7
1936.52,34.78,9.13,223.0,83.56,103.34,Alluvial,412,3,0.04,CoM0265,385.39,6.97,94.1,5.6,37.6,15.5
874.25,27.06,6.91,112.77,40.94,54.12,Sandy Loam,322,4,1.0,CoM0265,298.37,6.95,78.1,10.1,22.9,20.4
1653.68,32.5,8.54,196.93,72.17,87.51,Clay Loam,393,4,0.02,Co0238,366.07,6.49,92.2,14.3,38.2,16.7
1970.0,35.2,9.16,243.0,86.0,112.0,Alluvial,421,3,1.0,Co86032,575.54,6.77,87.8,13.1,40.8,16.0
1066.75,29.03,7.22,127.21,45.68,61.26,Red Soil,338,2,0.09,CoM0265,227.63,6.57,74.8,10.4,20.4,19.1
1267.72,31.57,8.03,161.86,60.19,77.63,Alluvial,372,3,1.0,CoM0265,472.84,6.55,80.8,6.1,34.3,20.4
911.7,27.88,7.1,117.23,41.08,57.8,Sandy Loam,334,4,0.0,Co0238,204.34,6.68,69.6,12.1,33.0,21.2
1690.72,33.44,8.65,207.02,78.32,89.08,Clay Loam,396,3,1.0,CoM0265,526.51,6.71,86.5,13.0,36.3,17.2
1077.68,28.78,7.29,130.35,50.37,62.54,Red Soil,341,2,0.0,CoM0265,234.03,6.88,75.4,11.8,32.5,19.6
1955.3,35.19,9.3,239.73,86.0,110.8,Alluvial,422,3,1.0,Co86032,580.4,7.05,94.0,8.1,43.4,16.3
860.5,26.88,6.83,105.66,42.06,51.44,Sandy Loam,322,5,0.91,Co86032,285.04,6.81,77.7,11.8,24.0,19.3
1913.19,34.73,9.3,227.97,84.8,106.18,Alluvial,415,3,0.0,CoM0265,389.42,6.92,95.6,8.4,45.4,15.3
964.05,28.47,7.32,124.44,47.77,60.79,Red Soil,336,2,0.9,Co0238,327.3,6.93,84.9,12.0,27.6,17.2
1773.65,33.68,8.97,215.1,78.74,97.9,Alluvial,411,3,0.87,CoM0265,526.43,6.75,92.9,12.6,43.0,17.6
1454.53,32.54,8.42,190.28,68.89,84.79,Clay Loam,384,3,0.88,Co86032,498.61,6.54,79.7,12.3,34.9,18.5
1423.71,32.61,8.48,182.82,65.74,82.48,Alluvial,380,3,1.0,Co86032,460.8,6.73,86.5,9.1,32.2,17.6
1825.48,33.79,8.75,214.59,78.61,98.47,Alluvial,407,3,1.0,CoM0265,538.18,6.86,89.8,7.0,40.6,14.7
1410.15,31.99,8.36,180.6,69.32,83.75,Alluvial,380,3,1.0,Co0238,482.64,6.98,85.3,7.9,29.6,15.6
962.83,28.26,7.19,122.42,47.0,60.16,Red Soil,334,2,0.92,Co0238,331.03,6.39,70.5,4.8,24.2,20.8
1178.13,29.4,7.66,138.57,48.55,63.01,Red Soil,343,2,0.97,Co86032,325.0,6.79,80.2,11.3,27.2,17.8
934.54,26.91,6.99,109.24,41.14,56.73,Sandy Loam,324,4,1.0,CoM0265,287.76,7.05,69.7,2.0,27.7,20.0
1122.94,29.23,7.48,137.1,48.6,61.15,Red Soil,345,2,0.99,Co86032,319.92,6.76,73.2,10.6,27.6,19.2
928.7,28.42,7.22,123.61,46.9,61.49,Red Soil,332,2,1.0,Co0238,309.58,6.82,73.1,11.0,29.8,21.6
1444.7,31.84,8.1,171.37,70.99,82.16,Alluvial,383,3,1.0,Co0238,486.4,7.37,82.3,7.9,34.5,16.4
1421.81,32.16,8.24,175.14,68.29,80.47,Alluvial,382,3,1.0,Co0238,511.49,6.92,86.9,10.3,30.5,19.1
1353.17,30.84,7.83,146.57,52.72,68.54,Red Soil,361,2,0.98,Co86032,370.73,6.72,79.1,11.0,34.5,20.0
1054.29,28.77,7.26,136.67,47.3,62.81,Red Soil,337,2,0.11,CoM0265,237.93,7.16,71.5,13.7,29.4,19.1
1703.39,33.78,8.77,210.15,77.46,92.22,Clay Loam,402,4,1.0,Co0238,533.84,6.81,95.8,10.5,39.8,21.2
1941.39,34.28,8.99,223.92,82.73,105.29,Alluvial,420,3,0.89,CoM0265,545.33,6.83,96.5,8.1,35.9,18.7
872.32,26.62,7.0,108.07,41.9,54.17,Sandy Loam,322,5,0.94,Co86032,287.37,7.03,60.0,7.8,26.7,20.0
917.41,26.96,6.95,107.3,40.78,56.55,Sandy Loam,321,5,0.89,Co86032,278.8,6.64,61.4,7.9,22.5,21.1
1020.14,28.89,7.33,126.74,45.73,61.81,Red Soil,337,2,1.0,Co0238,329.75,6.69,76.8,5.5,25.1,21.9
1626.7,32.92,9.05,203.71,76.0,90.32,Clay Loam,399,3,1.0,CoM0265,500.43,6.84,77.4,11.9,37.4,14.4
1269.81,31.61,8.01,150.54,59.15,72.64,Alluvial,369,3,1.0,CoM0265,456.4,6.97,79.9,13.9,29.3,15.8
1098.4,30.61,7.71,156.47,54.75,70.64,Clay Loam,361,4,0.91,CoM0265,423.08,6.76,74.7,10.1,26.0,18.1
1658.47,32.73,8.66,200.09,73.91,87.4,Clay Loam,391,4,0.0,Co0238,376.14,7.13,87.0,6.2,34.2,17.6
1496.88,32.7,8.65,183.37,68.61,86.25,Clay Loam,387,3,0.96,Co86032,482.56,6.42,91.6,12.6,35.4,18.7
1815.27,34.22,9.16,226.46,83.67,102.75,Alluvial,413,3,1.0,CoM0265,551.34,6.65,86.9,16.8,39.0,16.5
1735.01,33.68,8.74,208.81,77.57,94.71,Clay Loam,401,4,1.0,Co0238,526.58,6.77,98.0,11.0,38.8,14.8
825.32,26.56,6.8,105.44,40.65,50.0,Sandy Loam,320,5,1.0,Co86032,275.86,6.59,71.1,15.1,24.7,19.0
1111.52,29.17,7.87,133.96,48.65,62.81,Red Soil,345,2,0.91,Co86032,347.22,6.67,68.7,5.9,28.5,20.5
968.14,27.87,6.97,113.38,43.77,57.76,Sandy Loam,330,4,0.0,Co0238,195.91,6.97,71.5,6.9,25.8,20.3
1765.5,34.08,8.96,217.11,79.55,100.98,Alluvial,414,3,1.0,CoM0265,528.66,6.59,93.1,9.8,34.6,16.6
1121.1,29.82,7.81,134.26,49.55,64.52,Red Soil,345,2,1.0,Co86032,345.47,6.8,80.1,9.4,29.1,19.7
800.0,26.58,6.95,106.81,43.0,52.48,Sandy Loam,327,5,1.0,Co0238,286.09,6.85,63.4,7.0,32.2,20.4
1166.01,29.79,7.62,132.41,48.9,62.02,Red Soil,347,2,0.86,Co86032,331.54,6.58,76.0,9.5,31.6,17.5
1656.25,32.21,8.74,191.67,71.57,89.68,Clay Loam,391,4,0.02,Co0238,353.8,6.81,92.9,10.7,36.1,16.7
931.2,27.61,7.11,116.26,44.32,59.32,Sandy Loam,330,4,0.09,Co0238,200.82,6.77,75.2,8.6,23.8,18.7
1633.1,32.94,8.93,204.3,74.52,88.97,Clay Loam,391,3,0.97,CoM0265,514.93,6.87,77.8,9.8,36.8,16.8
1171.84,31.61,8.09,160.14,60.62,75.31,Alluvial,368,3,0.0,Co86032,313.7,6.8,85.7,16.2,29.0,19.7
836.69,26.79,6.88,105.07,40.51,54.51,Sandy Loam,320,5,1.0,Co0238,270.53,6.86,78.0,9.0,28.7,21.7
1504.52,32.76,8.57,194.73,68.97,84.35,Clay Loam,381,4,0.95,Co0238,500.2,6.97,89.4,14.1,31.2,16.4
1818.51,34.23,9.0,224.94,80.97,103.56,Alluvial,412,3,0.96,CoM0265,565.86,6.75,90.2,4.7,36.0,15.3
1031.55,28.61,7.4,123.12,47.41,59.61,Red Soil,336,2,1.0,Co0238,328.53,6.92,78.0,9.7,32.2,20.2
1970.0,35.1,9.25,237.03,83.01,110.4,Alluvial,419,3,0.95,Co86032,573.31,6.67,98.0,9.4,43.4,16.4
988.73,28.33,7.32,126.6,47.19,60.21,Red Soil,336,2,1.0,Co0238,320.83,6.64,70.8,10.8,29.1,19.7
1258.85,31.47,7.97,158.51,61.52,71.3,Alluvial,364,3,1.0,CoM0265,444.83,6.68,83.0,12.8,30.7,19.0
1505.68,32.7,8.55,185.28,71.34,84.83,Clay Loam,389,4,0.97,Co0238,488.8,6.74,78.9,11.2,34.5,19.9
947.95,28.78,7.19,118.16,46.72,60.61,Red Soil,330,2,1.0,Co0238,326.49,6.95,74.5,9.3,25.8,20.1
1886.62,34.25,9.0,221.62,82.23,100.86,Alluvial,415,3,1.0,Co86032,545.51,6.96,95.4,9.8,43.8,18.0
981.4,28.47,7.26,126.46,45.73,60.36,Red Soil,336,2,1.0,Co0238,307.47,6.87,75.2,14.5,31.3,20.7
1881.1,34.15,8.96,224.05,80.7,100.6,Alluvial,416,3,1.0,CoM0265,546.25,6.91,93.5,10.1,40.2,16.6
1043.46,28.74,7.39,129.99,47.41,61.91,Red Soil,340,2,0.0,CoM0265,210.9,7.09,71.8,6.3,29.0,16.5
1661.66,32.66,8.51,198.17,72.97,91.39,Clay Loam,396,4,0.0,Co0238,358.48,6.92,78.9,5.5,39.4,18.9
1970.0,34.9,9.03,238.68,86.0,109.68,Alluvial,420,3,0.97,Co86032,570.21,6.59,95.2,9.1,42.5,14.8
1657.52,32.83,8.93,197.18,76.42,90.47,Clay Loam,398,3,1.0,CoM0265,514.18,7.18,93.5,11.3,32.2,13.4
1006.24,28.37,7.3,123.42,45.83,60.33,Red Soil,337,2,0.84,Co0238,330.58,6.8,64.5,6.2,28.7,18.1
1404.03,32.4,8.6,179.25,62.62,80.8,Alluvial,383,3,0.79,Co86032,495.81,6.84,79.8,5.1,27.1,17.0
1496.49,32.69,8.69,200.16,70.69,85.71,Clay Loam,384,4,1.0,Co0238,498.94,6.91,81.9,4.3,35.3,20.9
1805.48,34.18,9.17,224.04,80.25,99.6,Alluvial,408,3,1.0,CoM0265,549.16,6.6,86.1,9.3,38.4,18.9
1731.95,33.82,9.13,218.02,80.86,98.95,Alluvial,410,3,1.0,CoM0265,532.77,6.6,90.0,6.5,41.6,14.7
1114.7,30.43,7.72,154.01,54.83,71.44,Clay Loam,363,4,1.0,CoM0265,426.59,6.87,75.1,13.9,27.6,18.9
1586.48,32.0,8.44,163.9,62.34,78.42,Clay Loam,374,3,1.0,CoM0265,475.44,6.65,82.3,7.4,34.1,14.8
937.37,28.33,7.41,121.58,45.91,62.57,Red Soil,335,2,1.0,Co0238,320.51,6.84,71.6,6.2,26.8,20.4
814.32,26.7,6.8,100.0,40.0,51.95,Sandy Loam,326,5,0.94,Co86032,275.47,6.73,71.1,11.1,25.1,18.7
1304.56,31.1,8.29,158.28,61.64,79.18,Alluvial,376,3,0.87,CoM0265,467.42,6.82,85.5,11.8,28.1,19.4
1850.92,34.12,8.96,219.15,82.85,103.5,Alluvial,411,3,1.0,Co86032,552.6,6.72,91.6,11.8,39.9,16.7
911.71,27.31,6.91,110.18,42.33,53.39,Sandy Loam,325,5,1.0,Co86032,274.06,6.74,72.6,10.2,27.3,20.3
1867.98,34.58,9.28,231.2,84.3,107.99,Alluvial,419,3,0.0,CoM0265,387.18,6.96,87.2,9.5,32.8,14.6
844.42,26.76,7.0,106.76,40.0,53.73,Sandy Loam,323,5,1.0,Co0238,267.01,6.7,66.1,11.7,28.1,17.7
1286.41,31.14,7.98,163.13,60.46,78.24,Alluvial,375,3,1.0,CoM0265,478.52,6.75,71.6,12.8,29.0,18.1
1237.5,31.47,8.03,151.57,58.91,74.08,Alluvial,363,3,1.0,CoM0265,433.62,7.01,76.3,7.4,29.5,19.8
1688.76,33.28,8.93,203.1,74.06,88.73,Clay Loam,400,3,1.0,CoM0265,522.58,6.61,84.6,12.8,38.1,16.5
1032.95,28.87,7.28,131.98,48.36,63.53,Red Soil,340,2,0.07,CoM0265,245.97,7.13,83.1,12.5,24.9,19.8
1784.83,33.59,8.74,204.98,76.56,95.11,Clay Loam,400,4,0.91,Co0238,524.49,7.0,90.0,10.0,38.8,15.9
1726.53,33.67,8.99,209.14,80.79,94.66,Alluvial,405,3,0.99,Co86032,528.35,6.92,88.6,11.8,32.5,15.8
1790.76,33.61,8.97,221.75,80.17,100.24,Alluvial,409,3,0.89,Co86032,540.16,6.7,85.2,12.3,33.5,17.2
1134.61,29.71,7.55,137.08,48.08,62.61,Red Soil,339,2,1.0,Co86032,331.52,7.19,77.4,2.0,25.3,18.9
1297.71,29.69,7.63,142.0,47.49,64.77,Red Soil,351,2,0.96,Co0238,336.01,7.08,76.9,11.3,28.9,17.2
1468.53,32.81,8.64,191.44,69.37,86.1,Clay Loam,379,3,1.0,Co86032,500.15,6.56,86.0,8.9,35.3,17.7
843.59,26.96,7.05,100.0,40.0,54.21,Sandy Loam,329,5,0.98,Co0238,284.01,7.05,64.9,4.7,24.3,18.8
947.8,27.22,7.02,105.71,40.62,52.75,Sandy Loam,329,4,1.0,CoM0265,279.54,6.55,73.7,7.9,26.7,18.2
1290.96,31.3,8.34,169.87,61.8,76.62,Alluvial,373,3,0.84,CoM0265,471.62,6.92,79.2,5.3,35.9,16.5
1420.3,32.38,8.46,175.64,64.98,79.06,Alluvial,381,3,1.0,Co86032,489.72,6.8,81.8,12.2,30.1,19.5
927.68,28.37,7.18,128.56,45.61,60.83,Red Soil,332,2,1.0,Co0238,305.75,6.73,67.1,11.7,29.0,21.3
899.82,27.4,7.01,110.07,43.79,55.17,Sandy Loam,324,4,1.0,CoM0265,262.49,6.9,79.8,9.9,24.4,20.4
980.29,27.83,7.03,117.77,43.83,55.88,Sandy Loam,334,4,0.0,Co0238,188.4,6.71,75.6,8.6,25.3,20.2
1523.44,33.23,8.55,194.97,70.8,86.23,Clay Loam,390,4,1.0,Co0238,505.74,6.84,80.0,10.5,35.7,15.2
1814.93,33.9,8.96,213.84,80.13,99.7,Alluvial,408,3,0.91,CoM0265,534.01,7.1,87.4,10.0,36.4,18.5
1232.63,31.58,8.13,155.9,60.24,73.42,Alluvial,370,3,0.0,Co86032,315.66,6.94,88.5,11.7,37.1,19.1
971.45,27.8,7.09,115.69,44.7,58.34,Sandy Loam,325,4,0.0,Co0238,188.4,6.72,78.9,13.1,20.4,20.4
1235.81,31.73,8.16,159.3,61.2,77.41,Alluvial,368,3,0.07,Co86032,311.16,6.6,71.7,8.6,30.7,18.4
896.74,27.77,7.21,119.84,44.99,58.77,Sandy Loam,333,4,0.0,Co0238,214.33,6.65,63.2,6.0,29.2,21.8
1554.89,32.95,8.73,197.21,70.89,83.31,Alluvial,390,3,0.87,Co86032,490.7,6.98,91.7,2.0,36.2,17.1
1802.14,34.02,9.13,219.25,81.3,96.28,Alluvial,408,3,1.0,Co86032,537.37,6.8,85.5,10.1,33.2,17.3
980.97,28.02,7.42,121.83,45.81,59.36,Red Soil,333,2,1.0,Co0238,323.21,7.01,76.2,11.6,27.8,22.1
973.85,28.23,7.47,121.64,47.47,60.45,Red Soil,332,2,0.91,Co0238,326.4,6.64,64.3,8.4,21.9,20.8
1248.69,31.44,7.84,161.72,55.68,71.06,Alluvial,367,3,0.97,CoM0265,444.03,6.64,81.6,9.9,33.2,18.7
1767.98,33.62,8.89,213.34,78.48,98.34,Alluvial,410,3,1.0,CoM0265,541.78,6.87,89.8,8.2,36.6,18.6
1867.5,34.75,8.95,234.37,83.97,104.78,Alluvial,417,3,0.0,CoM0265,405.51,6.83,88.9,12.5,37.3,18.2
1616.76,32.99,8.82,199.83,73.07,88.36,Clay Loam,395,3,1.0,CoM0265,502.65,6.92,81.8,5.9,38.8,17.1
1733.62,33.76,8.86,208.59,78.46,94.77,Alluvial,404,3,1.0,Co86032,527.32,6.69,88.2,11.1,41.8,16.4
1105.11,30.16,7.66,151.7,55.15,70.97,Clay Loam,365,4,0.89,CoM0265,440.42,6.73,77.3,7.3,29.7,19.7
1856.15,34.03,8.93,227.53,83.82,102.63,Alluvial,412,3,1.0,CoM0265,565.42,6.9,92.0,10.4,35.9,15.5
986.4,28.04,7.24,120.77,46.17,59.19,Red Soil,328,2,1.0,Co0238,308.14,6.92,70.3,8.5,27.0,19.9
870.97,26.96,6.8,105.43,40.34,56.67,Sandy Loam,325,5,0.96,Co86032,284.8,6.72,69.5,8.3,26.8,17.8
818.65,27.0,7.03,100.0,42.06,51.09,Sandy Loam,320,5,1.0,Co0238,274.84,7.16,75.1,9.8,25.0,24.7
1351.94,30.3,7.8,140.79,53.23,68.94,Red Soil,359,2,1.0,Co86032,361.95,6.87,85.1,19.6,41.6,18.5
956.58,27.74,6.88,113.11,43.11,56.41,Sandy Loam,329,4,1.0,CoM0265,268.7,6.97,87.6,13.8,26.8,19.2
800.0,26.92,6.8,105.01,41.61,50.0,Sandy Loam,323,5,1.0,Co86032,271.52,6.52,73.5,15.6,26.3,21.9
1826.91,33.85,8.8,221.02,80.99,102.09,Alluvial,406,3,1.0,Co86032,542.55,6.86,94.5,10.1,38.0,15.9
1301.35,29.74,7.81,141.31,48.63,64.88,Red Soil,352,2,0.99,Co0238,351.55,7.03,85.7,7.6,32.3,20.6
1276.79,31.13,7.99,156.8,60.2,72.72,Alluvial,369,3,1.0,CoM0265,472.41,6.68,76.5,7.7,37.6,19.8
859.11,27.27,6.94,104.32,43.45,53.02,Sandy Loam,320,5,1.0,Co0238,261.49,6.9,68.3,13.5,25.6,17.5
1786.37,33.54,8.92,215.86,79.11,97.0,Alluvial,408,3,1.0,Co86032,543.53,7.18,96.8,8.5,40.4,15.2
1563.09,32.89,8.75,191.95,70.18,83.82,Clay Loam,388,4,0.82,Co0238,494.28,6.55,95.2,13.4,33.9,19.1
1560.54,32.33,8.54,175.77,61.99,78.24,Clay Loam,371,3,1.0,CoM0265,478.94,6.73,81.1,5.6,39.1,17.6
1881.87,34.85,9.11,236.22,82.75,104.84,Alluvial,416,3,0.0,CoM0265,392.88,6.8,98.0,5.9,40.7,17.2
1609.89,31.97,8.43,172.25,62.58,80.36,Clay Loam,379,3,1.0,CoM0265,462.27,6.88,92.0,7.1,41.0,17.5
1373.05,31.72,8.3,172.74,66.85,79.83,Alluvial,376,3,0.93,Co0238,475.47,6.7,79.7,13.9,31.8,16.3
800.0,26.5,6.96,100.52,40.98,51.9,Sandy Loam,321,5,0.04,Co0238,188.4,6.78,76.9,8.1,25.2,17.5
844.08,26.92,6.97,107.17,41.56,50.0,Sandy Loam,320,5,0.96,Co0238,267.37,7.14,71.8,10.7,21.6,18.3
1970.0,34.82,9.19,241.75,86.0,111.15,Alluvial,422,3,1.0,Co86032,580.4,6.94,85.1,10.9,38.6,15.7
1615.86,32.08,8.26,168.38,63.88,80.46,Clay Loam,379,3,0.97,CoM0265,455.34,6.49,87.3,8.2,33.3,14.5
1748.91,33.79,8.94,212.23,77.33,96.47,Alluvial,403,3,1.0,Co86032,540.28,6.88,92.0,4.9,33.9,14.9
1943.37,35.13,9.3,243.0,84.82,108.5,Alluvial,422,3,1.0,Co86032,580.4,7.08,84.9,6.0,38.5,16.1
1530.31,32.57,8.59,194.14,72.3,86.91,Alluvial,391,3,0.9,Co86032,516.95,6.95,94.6,15.0,34.2,16.8
1614.06,32.13,8.1,169.3,61.73,78.64,Clay Loam,376,3,0.97,CoM0265,454.11,6.46,86.7,5.3,33.9,14.8
1589.11,32.56,8.61,197.31,70.48,88.38,Alluvial,384,3,0.96,Co86032,501.32,6.55,83.9,12.4,34.6,15.6
1460.5,32.67,8.53,178.52,68.52,82.89,Alluvial,378,3,0.92,Co86032,498.1,6.98,87.9,9.5,36.1,18.4
1474.94,32.66,8.67,184.67,69.15,84.2,Clay Loam,382,3,0.96,Co86032,502.01,6.95,84.2,8.8,33.6,19.6
1198.23,29.72,7.5,135.83,48.27,63.21,Red Soil,346,2,1.0,Co86032,325.04,6.74,77.0,6.2,29.1,19.9
800.0,26.68,6.95,101.62,40.0,50.32,Sandy Loam,320,5,0.0,Co0238,188.63,6.85,70.6,10.4,16.4,19.8
1481.65,32.09,8.66,183.75,69.21,84.15,Clay Loam,380,3,0.9,Co86032,491.24,6.81,83.2,10.2,35.7,19.5
1958.25,34.56,9.1,229.66,81.53,104.87,Alluvial,416,3,0.0,CoM0265,388.0,6.91,93.9,10.4,39.0,16.9
876.44,26.95,6.96,107.08,42.03,55.88,Sandy Loam,326,5,1.0,Co86032,283.11,6.85,69.6,7.9,25.6,18.6
1107.3,30.71,7.67,148.65,56.41,73.42,Clay Loam,361,4,0.81,CoM0265,427.68,6.78,84.5,7.9,30.6,18.1
1673.87,33.05,8.56,205.38,76.3,94.75,Clay Loam,398,4,0.93,Co0238,511.0,6.89,93.6,9.5,32.8,18.0
1615.41,31.62,8.43,171.47,61.37,75.64,Clay Loam,374,3,1.0,CoM0265,447.92,6.79,83.5,13.4,40.6,16.4
1426.49,32.05,8.33,174.66,70.36,82.89,Alluvial,381,3,0.9,Co0238,480.34,7.3,88.4,9.7,34.8,17.5
1820.0,33.76,8.93,213.77,78.8,100.12,Alluvial,409,3,1.0,CoM0265,531.66,6.38,86.1,12.3,41.0,17.8
1677.03,32.55,8.9,192.75,73.49,90.78,Clay Loam,396,4,0.12,Co0238,355.43,6.98,90.5,7.1,35.3,14.2
1460.34,32.61,8.5,192.91,71.9,83.57,Clay Loam,386,4,0.95,Co0238,500.19,6.59,85.8,10.5,35.4,17.6
1507.68,32.69,8.57,195.08,69.65,85.61,Clay Loam,383,4,1.0,Co0238,504.92,6.99,82.7,13.6,29.6,16.7
1376.89,31.64,8.16,181.57,64.42,81.53,Alluvial,377,3,0.96,Co0238,474.44,6.67,84.3,14.7,32.2,17.1
1359.0,32.16,8.22,178.79,67.48,82.94,Alluvial,374,3,1.0,Co0238,491.18,7.21,86.3,6.4,30.7,17.6
1085.11,29.04,7.38,125.6,46.27,62.41,Red Soil,345,2,0.0,CoM0265,212.26,6.56,80.3,12.8,26.4,18.7
1036.6,28.59,7.18,123.02,43.66,61.65,Red Soil,330,2,1.0,Co0238,317.13,6.64,69.1,11.3,25.5,18.9
1814.6,34.18,9.06,226.95,82.44,100.93,Alluvial,411,3,1.0,CoM0265,550.82,6.66,93.6,12.6,37.9,17.1
1681.63,31.94,8.51,192.85,70.49,87.88,Clay Loam,392,4,0.0,Co0238,349.54,6.98,85.4,13.4,36.9,16.2
1903.45,34.8,9.16,234.21,80.3,104.74,Alluvial,413,3,0.0,CoM0265,380.92,6.61,92.6,5.2,38.4,17.0
1412.76,32.48,8.58,178.9,65.92,81.45,Alluvial,375,3,0.87,Co86032,486.25,7.01,84.7,11.2,31.6,19.1
905.63,27.08,6.97,102.64,40.06,56.07,Sandy Loam,323,4,0.94,CoM0265,293.54,6.56,78.3,8.3,24.6,18.6
943.72,28.03,7.26,122.78,45.71,60.23,Red Soil,331,2,1.0,Co0238,323.3,7.03,70.9,11.8,27.8,22.2
1627.22,31.53,8.3,169.47,62.09,75.6,Clay Loam,374,3,0.92,CoM0265,455.69,6.65,89.9,10.0,32.7,18.3
1713.6,33.31,8.62,207.48,74.29,93.75,Clay Loam,399,4,0.9,Co0238,520.02,6.78,87.8,8.6,38.5,15.3
1663.27,33.26,8.73,205.81,75.51,95.1,Clay Loam,399,4,0.95,Co0238,521.14,6.96,91.2,11.3,31.2,18.7
1267.79,31.89,8.27,160.82,57.84,74.86,Alluvial,369,3,0.0,Co86032,308.26,6.8,71.6,8.5,34.5,20.2
1649.43,33.18,8.69,206.09,74.85,86.24,Clay Loam,396,3,1.0,CoM0265,505.62,6.77,87.6,11.5,34.6,16.9
1176.4,29.83,7.61,137.57,49.66,62.81,Red Soil,342,2,1.0,Co86032,327.75,7.22,71.1,7.4,28.2,20.3
800.0,26.51,6.8,100.0,40.0,50.0,Sandy Loam,320,5,0.0,Co0238,196.19,6.75,75.6,8.5,29.0,21.3
1284.59,31.54,7.9,164.34,62.23,76.06,Alluvial,373,3,0.85,CoM0265,467.24,6.96,82.9,8.2,25.7,18.9
903.52,27.26,7.05,115.01,44.73,60.21,Sandy Loam,327,4,0.0,Co0238,198.64,6.81,74.2,13.3,28.6,21.3
1609.24,32.11,8.5,195.11,72.92,87.27,Clay Loam,388,4,0.04,Co0238,344.39,6.86,82.8,11.7,36.8,14.4
1325.19,29.78,7.57,136.23,48.31,64.52,Red Soil,352,2,1.0,Co0238,336.55,6.76,72.3,14.4,31.5,14.5
1415.64,32.07,8.26,176.56,66.98,81.77,Alluvial,380,3,1.0,Co0238,478.7,6.51,86.9,13.4,34.5,18.6
1379.29,32.03,8.47,179.01,68.87,82.43,Alluvial,377,3,1.0,Co0238,497.09,6.93,79.2,5.3,29.8,18.5
1616.71,32.16,8.45,173.76,62.19,78.01,Clay Loam,377,3,1.0,CoM0265,472.89,6.59,86.1,12.4,36.8,16.8
1145.67,29.66,7.56,130.93,48.59,61.91,Red Soil,348,2,0.87,Co86032,326.79,6.6,83.3,10.6,24.8,17.3
1931.81,34.92,9.3,242.27,85.03,109.44,Alluvial,422,3,1.0,Co86032,577.91,6.43,97.9,8.1,38.3,16.0
988.81,29.02,7.25,134.37,47.65,63.84,Red Soil,339,2,0.02,CoM0265,235.36,6.95,72.5,9.2,26.1,19.6
1968.39,34.82,9.3,235.64,86.0,110.55,Alluvial,417,3,0.99,Co86032,580.4,6.71,98.0,7.0,43.1,15.3
1120.97,30.05,7.71,150.84,54.31,70.55,Clay Loam,355,4,1.0,CoM0265,411.13,6.65,75.6,13.1,27.7,19.6
1317.8,29.75,7.47,140.9,51.13,67.23,Red Soil,350,2,0.86,Co0238,351.39,6.96,74.7,13.5,28.3,17.0
1509.55,32.46,8.53,192.2,68.42,85.03,Clay Loam,379,3,1.0,Co86032,494.46,6.76,93.7,7.2,33.8,18.3
1399.19,32.72,8.43,181.43,66.36,80.97,Alluvial,380,3,0.93,Co86032,487.68,6.59,87.2,12.8,32.4,17.1
999.64,29.1,7.17,131.1,48.88,62.08,Red Soil,335,2,0.04,CoM0265,205.43,7.31,80.7,5.5,27.9,19.6
994.26,27.3,6.95,113.48,43.07,54.59,Sandy Loam,325,4,0.87,CoM0265,298.11,6.67,88.1,14.6,23.3,18.7
1775.79,33.34,8.95,214.2,79.3,95.37,Alluvial,403,3,0.92,Co86032,528.41,6.64,93.9,10.7,38.6,13.7
1856.43,34.35,8.9,226.29,81.08,101.19,Alluvial,415,3,1.0,Co86032,558.59,6.94,91.9,5.7,34.9,20.0
1305.38,31.6,8.25,165.3,59.44,77.93,Alluvial,374,3,1.0,CoM0265,467.22,6.59,83.9,10.9,30.3,17.0
1069.77,29.0,7.37,132.48,48.13,64.98,Red Soil,341,2,0.0,CoM0265,216.19,6.43,81.8,12.9,20.0,19.4
1697.41,32.97,8.73,204.5,75.21,92.44,Clay Loam,397,4,1.0,Co0238,540.01,6.53,82.9,8.4,36.5,14.5
1713.56,33.42,8.77,204.45,75.66,92.68,Clay Loam,398,4,0.89,Co0238,508.06,6.72,92.0,13.0,38.6,15.8
895.48,27.34,7.03,109.67,41.11,55.48,Sandy Loam,324,4,1.0,CoM0265,287.06,6.73,72.1,9.5,25.4,17.9
956.72,27.92,7.18,115.7,44.87,58.8,Red Soil,330,2,0.91,Co0238,315.96,6.55,87.3,13.7,22.9,20.0
830.5,26.95,6.8,100.0,40.41,53.14,Sandy Loam,324,5,1.0,Co86032,281.21,6.72,76.2,6.1,26.2,18.3
1051.3,30.53,7.82,153.13,55.5,71.23,Clay Loam,359,4,0.87,CoM0265,435.17,6.97,79.7,5.5,27.9,20.6
937.03,27.32,6.88,115.04,40.8,54.69,Sandy Loam,326,4,1.0,CoM0265,292.28,7.19,75.5,10.8,24.6,20.0
1129.77,30.37,7.91,156.28,55.08,70.79,Clay Loam,360,4,0.98,CoM0265,425.41,6.94,81.3,13.5,29.9,16.7
1700.15,32.43,8.8,198.34,73.33,89.28,Clay Loam,392,4,0.14,Co0238,369.72,6.96,90.2,7.5,39.1,13.6
961.02,28.07,7.31,117.01,47.88,60.11,Red Soil,331,2,1.0,Co0238,315.33,6.96,71.6,14.2,24.8,21.1
1659.85,33.04,8.89,201.44,75.61,92.99,Clay Loam,396,3,1.0,CoM0265,524.54,6.87,86.6,8.4,37.3,15.9
800.0,26.55,6.8,100.0,40.0,51.68,Sandy Loam,324,5,0.0,Co0238,188.4,6.92,74.0,13.5,30.5,20.0
1511.61,32.56,8.67,195.77,70.66,88.81,Alluvial,389,3,0.77,Co86032,503.56,7.0,94.6,9.4,39.4,15.6
1383.05,31.96,8.35,177.95,68.63,81.96,Alluvial,379,3,1.0,Co0238,503.54,6.77,80.0,2.9,30.5,19.3
1279.32,31.07,8.03,159.23,56.56,72.74,Alluvial,368,3,0.83,CoM0265,453.32,6.99,82.2,12.2,33.1,17.1
914.72,27.26,7.17,117.77,42.91,58.51,Sandy Loam,328,4,0.0,Co0238,199.41,7.04,69.2,10.7,26.1,20.5
1101.5,30.31,7.82,154.52,52.54,69.89,Clay Loam,363,4,0.91,CoM0265,419.56,6.69,75.1,10.5,26.7,18.8
1735.62,33.8,8.95,209.52,76.38,95.33,Alluvial,410,3,0.73,Co86032,535.74,6.85,93.1,8.4,31.0,15.5
1295.0,30.83,7.95,153.65,58.67,70.72,Alluvial,365,3,0.9,CoM0265,444.02,6.64,89.8,7.9,32.2,16.7
1504.57,32.79,8.67,191.82,68.76,82.84,Clay Loam,379,4,0.96,Co0238,504.63,6.84,89.7,9.8,30.1,16.1
889.88,27.36,6.88,111.6,41.77,54.73,Sandy Loam,324,4,0.97,CoM0265,284.61,6.88,72.4,6.6,25.3,17.9
1307.16,30.24,7.8,149.47,50.59,66.35,Red Soil,353,2,1.0,Co86032,358.35,6.48,80.5,12.1,35.2,14.7
907.88,27.91,7.14,123.18,42.74,59.35,Sandy Loam,331,4,0.12,Co0238,188.4,7.02,71.4,11.3,25.3,22.0
1737.52,32.93,8.6,205.82,76.7,93.35,Clay Loam,403,4,0.88,Co0238,527.81,6.63,84.9,14.8,36.7,16.9
1526.87,32.73,8.71,188.25,70.18,84.32,Clay Loam,389,3,0.96,Co86032,495.17,6.76,88.5,11.3,36.1,17.5
1422.33,31.83,8.2,176.84,67.73,82.98,Alluvial,377,3,1.0,Co0238,471.39,6.8,85.6,11.5,33.9,16.0
919.67,27.11,6.98,105.33,44.51,54.23,Sandy Loam,326,4,0.95,CoM0265,299.93,6.72,74.8,9.2,22.3,22.5
909.11,27.13,6.8,116.16,42.42,59.08,Sandy Loam,326,4,0.03,Co0238,188.4,6.7,74.1,11.6,30.0,20.0
1608.68,32.23,8.53,171.69,64.33,79.52,Clay Loam,376,3,0.98,CoM0265,460.65,6.66,81.9,11.4,35.2,14.7
1476.28,32.65,8.64,182.83,67.09,79.24,Alluvial,382,3,1.0,Co86032,485.82,6.99,92.9,12.4,32.4,16.2
1915.46,34.68,9.17,224.59,82.88,105.21,Alluvial,409,3,0.0,CoM0265,399.86,6.75,96.2,11.5,36.9,17.9
1387.13,31.88,8.22,171.12,68.57,82.38,Alluvial,379,3,1.0,Co0238,490.71,6.87,87.3,9.4,33.1,19.0
1785.74,33.99,8.95,218.69,81.01,98.38,Alluvial,409,3,0.99,Co86032,543.5,6.91,94.0,13.3,45.2,17.8
1953.22,35.2,9.22,243.0,84.54,110.87,Alluvial,420,3,0.97,Co86032,563.95,6.71,91.9,8.1,38.5,17.5
890.61,26.69,6.98,106.3,40.0,51.49,Sandy Loam,321,5,1.0,Co0238,255.05,6.99,70.1,12.3,23.9,19.3
957.56,28.28,7.46,130.51,46.64,58.8,Red Soil,338,2,1.0,Co0238,315.2,7.05,70.4,13.1,30.7,20.3
1920.38,34.28,9.25,233.41,84.0,108.15,Alluvial,418,3,0.0,CoM0265,398.18,6.97,90.1,11.1,42.7,15.4
1610.86,33.22,8.66,202.32,73.45,89.59,Clay Loam,394,3,1.0,CoM0265,497.54,6.77,93.9,14.5,31.6,19.2
1185.76,29.38,7.53,139.79,48.26,60.93,Red Soil,345,2,0.99,Co86032,332.75,6.53,81.4,13.0,29.2,19.8
1802.12,33.45,8.93,207.68,76.26,93.85,Alluvial,406,3,1.0,Co86032,508.74,6.73,92.3,7.9,37.5,16.3
1888.78,34.36,9.03,232.5,82.85,107.29,Alluvial,413,3,0.01,CoM0265,395.69,6.99,92.2,10.7,38.8,13.9
1023.55,29.04,7.2,134.25,47.74,61.07,Red Soil,341,2,0.08,CoM0265,201.74,6.9,72.9,10.1,27.2,21.4
1456.34,32.61,8.67,182.49,71.28,84.95,Clay Loam,381,4,0.97,Co0238,498.59,6.91,89.1,10.8,26.5,18.3
1108.02,30.54,7.75,152.3,55.83,70.8,Clay Loam,361,4,0.81,CoM0265,423.35,6.64,80.6,13.6,28.5,19.0
1384.41,30.36,7.69,141.69,54.19,68.62,Red Soil,355,2,0.9,Co86032,372.97,6.9,81.4,9.2,27.4,16.6
1283.42,31.29,7.92,170.92,60.2,75.33,Alluvial,369,3,0.93,CoM0265,469.51,6.93,77.5,7.7,31.8,15.5
829.27,26.5,6.8,100.0,40.64,51.58,Sandy Loam,320,5,0.0,Co0238,188.4,6.67,73.1,13.5,21.4,18.8
1250.6,31.54,8.14,169.46,60.0,74.78,Alluvial,369,3,0.88,CoM0265,474.2,6.7,78.8,8.2,30.0,19.7
1294.6,31.08,7.96,154.29,57.71,73.42,Alluvial,365,3,0.75,CoM0265,440.34,6.64,69.5,10.3,30.9,17.7
890.26,26.85,7.03,110.93,40.0,54.17,Sandy Loam,325,5,1.0,Co86032,287.71,6.52,74.7,13.5,24.2,18.8
1931.4,34.96,9.3,237.5,85.14,110.59,Alluvial,419,3,0.98,Co86032,564.8,6.83,98.0,13.3,45.9,15.2
1482.73,32.91,8.6,191.07,71.35,86.53,Clay Loam,383,3,0.9,Co86032,486.84,7.04,78.7,6.1,34.1,17.4
1494.69,32.36,8.58,186.13,67.64,84.02,Clay Loam,385,4,1.0,Co0238,503.79,6.87,84.6,11.0,29.6,15.8
940.94,27.53,6.9,110.36,42.9,55.64,Sandy Loam,335,4,0.0,Co0238,196.41,6.93,72.0,12.9,20.1,19.1
984.93,28.21,7.33,129.23,45.18,60.61,Red Soil,338,2,1.0,Co0238,310.89,6.62,77.5,10.0,26.7,17.7
1178.5,29.44,7.78,134.6,48.84,60.75,Red Soil,343,2,1.0,Co86032,334.95,6.93,82.6,12.9,28.9,18.9
996.7,28.1,7.1,125.9,45.98,60.72,Red Soil,332,2,1.0,Co0238,297.28,6.92,66.0,12.1,25.7,20.5
945.72,27.85,7.26,121.58,46.69,61.04,Red Soil,330,2,1.0,Co0238,315.9,6.44,78.0,17.2,27.1,20.9
1392.0,30.68,8.09,148.68,52.04,68.69,Red Soil,357,2,0.96,Co86032,360.18,6.82,81.4,10.8,33.9,19.8
1590.1,33.19,8.65,192.04,73.01,88.79,Alluvial,388,3,1.0,Co86032,491.89,7.1,85.1,14.7,37.7,17.8
1098.88,29.01,7.28,130.0,47.28,59.77,Red Soil,342,2,0.0,CoM0265,236.85,6.6,80.2,16.2,29.8,17.3
1693.77,32.06,8.56,194.78,72.98,87.18,Clay Loam,392,4,0.0,Co0238,365.17,7.09,94.7,12.1,37.3,17.5
1935.09,34.5,9.26,232.08,80.74,106.25,Alluvial,420,3,0.0,CoM0265,405.01,6.5,92.7,7.4,35.0,17.2
942.85,28.18,7.26,119.59,46.54,59.31,Red Soil,327,2,1.0,Co0238,309.99,6.51,75.2,12.6,27.0,18.8
857.51,27.08,6.97,102.2,44.02,53.55,Sandy Loam,326,5,0.92,Co86032,282.13,6.73,71.2,7.6,22.0,21.5
816.78,26.79,6.97,101.35,40.0,52.08,Sandy Loam,321,5,0.0,Co0238,202.45,6.44,66.7,13.2,21.7,17.6
1458.52,32.6,8.43,184.39,71.74,84.46,Clay Loam,379,3,1.0,Co86032,505.26,6.7,83.6,6.2,38.2,18.0
1626.18,31.93,8.44,163.06,61.47,75.72,Clay Loam,378,3,1.0,CoM0265,467.94,6.69,87.3,8.0,36.1,16.8
1140.64,30.54,7.94,154.45,55.74,70.93,Clay Loam,366,4,1.0,CoM0265,425.87,6.7,68.5,11.1,29.8,17.6
1478.05,32.42,8.54,186.42,64.86,80.16,Alluvial,379,3,1.0,Co86032,494.33,6.69,85.9,6.3,30.3,19.3
1628.65,33.47,8.96,203.38,74.3,91.84,Clay Loam,397,3,1.0,CoM0265,506.67,6.49,88.2,7.2,35.0,18.1
1654.99,32.31,8.51,170.71,63.7,80.84,Clay Loam,374,3,1.0,CoM0265,464.74,7.19,91.6,13.5,31.5,18.5
1925.5,34.92,9.25,234.98,86.0,109.44,Alluvial,419,3,0.99,Co86032,567.51,6.77,92.8,8.5,41.2,15.8
1564.74,32.85,8.74,199.05,72.7,86.94,Alluvial,387,3,1.0,Co86032,499.58,6.57,92.1,11.0,35.9,20.0
800.0,26.5,6.95,100.66,40.9,51.82,Sandy Loam,323,5,0.2,Co0238,188.4,6.73,71.9,11.7,23.3,20.1
1899.64,34.22,9.07,228.6,82.24,105.06,Alluvial,416,3,0.74,CoM0265,573.56,6.97,98.0,8.6,34.3,15.7
1493.17,32.46,8.63,181.95,67.83,83.5,Clay Loam,385,3,0.99,Co86032,482.43,6.62,83.5,8.7,32.5,19.8
1325.07,29.87,7.73,139.2,49.6,64.53,Red Soil,348,2,0.97,Co0238,358.53,6.89,83.3,4.8,33.5,20.0
1602.98,32.22,8.39,168.72,61.85,77.56,Clay Loam,371,3,1.0,CoM0265,453.17,6.79,80.8,9.1,38.1,16.3
1781.69,33.93,9.08,214.45,81.48,98.46,Alluvial,412,3,1.0,CoM0265,551.74,6.65,88.3,7.1,38.1,16.4
1004.7,28.05,7.5,118.75,47.87,61.54,Red Soil,328,2,1.0,Co0238,308.45,6.84,65.8,10.2,26.7,22.3
1666.92,32.3,8.59,195.39,74.4,92.88,Clay Loam,391,4,0.0,Co0238,357.26,6.39,98.0,4.3,35.0,16.6
1151.01,30.29,7.72,148.11,55.21,69.62,Clay Loam,362,4,1.0,CoM0265,419.55,7.02,79.7,5.8,26.1,17.5
946.76,28.27,7.28,122.62,44.87,61.18,Red Soil,327,2,1.0,Co0238,324.01,6.66,66.3,3.5,28.1,20.1
1111.12,30.43,7.66,150.68,55.28,70.54,Clay Loam,362,4,0.88,CoM0265,402.15,6.83,74.5,13.5,30.5,21.3
1487.82,32.82,8.65,190.93,68.81,87.15,Clay Loam,382,4,1.0,Co0238,522.39,6.71,78.6,12.0,32.4,19.4
1795.26,33.3,8.88,213.13,79.13,98.91,Alluvial,409,3,0.99,Co86032,537.42,6.27,83.0,9.9,43.8,16.0
1569.64,32.67,8.65,190.16,70.12,86.96,Clay Loam,389,3,1.0,Co86032,506.8,6.47,91.7,15.1,38.9,18.0
1804.4,33.24,8.97,211.62,77.28,97.0,Alluvial,404,3,1.0,Co86032,528.38,6.61,96.5,10.3,44.5,17.1
898.22,27.25,7.15,113.98,42.08,56.37,Sandy Loam,329,4,0.99,CoM0265,291.3,6.43,72.9,9.8,28.1,20.5
930.57,27.26,7.01,106.63,42.42,54.16,Sandy Loam,326,5,0.96,Co86032,284.17,6.61,75.4,8.7,26.1,18.8
1867.78,34.34,8.97,225.49,80.35,104.08,Alluvial,412,3,0.81,CoM0265,566.26,6.74,98.0,13.7,46.4,17.5
1527.63,32.86,8.88,193.84,72.4,84.62,Alluvial,386,3,1.0,Co86032,503.31,6.72,80.9,17.1,35.4,19.3
1164.5,30.33,7.87,151.06,55.65,70.93,Clay Loam,360,4,1.0,CoM0265,428.13,6.69,75.4,3.5,22.0,21.8
1857.2,34.93,9.15,227.72,81.78,102.73,Alluvial,409,3,0.92,CoM0265,561.05,6.78,98.0,7.7,40.0,17.0
1088.4,28.82,7.38,132.35,48.27,62.2,Red Soil,336,2,0.0,CoM0265,225.83,7.0,78.6,13.8,31.1,16.3
1779.39,33.78,9.04,213.22,78.78,98.36,Alluvial,408,3,1.0,CoM0265,536.15,6.68,79.6,5.4,33.6,16.4
1029.87,28.72,7.31,134.65,46.17,61.2,Red Soil,334,2,1.0,Co0238,324.35,6.91,73.3,2.0,22.1,19.4
1059.69,29.17,7.2,134.29,47.22,62.74,Red Soil,343,2,0.0,CoM0265,212.39,6.59,84.1,12.7,31.7,16.6
1663.29,33.01,8.75,209.64,77.57,90.98,Clay Loam,399,4,1.0,Co0238,521.2,6.73,90.6,10.5,37.1,18.3
882.08,27.11,6.91,107.19,42.29,51.07,Sandy Loam,322,5,0.87,Co0238,281.33,6.91,69.1,13.3,26.7,18.9
1655.24,32.02,8.61,196.43,73.74,90.15,Clay Loam,392,4,0.09,Co0238,371.97,6.66,92.0,8.1,37.0,18.5
1592.11,32.07,8.33,171.06,61.52,76.92,Clay Loam,376,3,1.0,CoM0265,462.28,6.87,88.6,12.8,40.0,18.7
980.23,28.21,7.22,119.72,45.07,58.8,Red Soil,329,2,1.0,Co0238,309.85,7.16,71.9,10.0,28.7,20.1
1247.88,31.14,8.1,161.65,57.03,73.1,Alluvial,364,3,0.81,CoM0265,440.31,7.07,84.1,9.1,30.8,19.8
1744.67,33.29,8.63,207.85,75.4,93.46,Clay Loam,401,4,1.0,Co0238,524.42,6.98,89.0,11.8,43.5,16.8
1288.5,29.98,7.46,144.18,51.32,67.2,Red Soil,347,2,0.87,Co0238,338.46,6.52,75.4,11.9,30.0,16.5
863.93,27.4,7.06,109.15,43.14,52.65,Sandy Loam,325,5,0.9,Co86032,273.08,6.93,74.8,13.6,27.1,19.5
1078.26,28.21,7.36,123.09,45.31,62.14,Red Soil,336,2,1.0,Co0238,322.51,6.42,74.2,11.8,29.4,20.0
1109.43,30.89,7.89,157.12,56.67,71.12,Clay Loam,363,4,1.0,CoM0265,428.57,6.68,81.8,7.4,29.7,20.3
1796.88,33.96,8.84,209.91,79.36,100.39,Alluvial,411,3,1.0,CoM0265,545.23,6.82,95.0,12.1,41.5,15.3
1835.4,34.19,8.83,216.37,82.03,97.99,Alluvial,409,3,1.0,CoM0265,537.95,6.62,95.2,12.9,36.9,13.7
1124.01,30.44,7.76,147.15,55.36,68.32,Clay Loam,365,4,0.92,CoM0265,414.2,6.77,78.9,13.3,28.5,18.1
936.3,27.32,6.92,112.65,43.58,54.27,Sandy Loam,326,5,0.94,Co86032,283.81,6.83,69.1,6.8,23.6,20.1
1437.72,32.42,8.63,187.78,69.2,82.59,Clay Loam,385,3,1.0,Co86032,478.65,6.56,81.5,18.8,29.2,17.3
1248.08,31.63,8.21,158.24,56.7,73.94,Alluvial,360,3,0.95,CoM0265,438.76,6.85,83.0,12.4,30.2,18.4
1084.64,29.25,7.39,128.71,49.04,62.1,Red Soil,337,2,0.0,CoM0265,230.48,6.41,76.1,13.3,27.3,18.9
870.09,27.16,7.04,102.72,45.43,54.44,Sandy Loam,323,5,1.0,Co86032,289.37,6.57,65.5,13.2,23.3,17.4
1475.73,32.64,8.45,181.24,68.45,82.55,Clay Loam,384,3,1.0,Co86032,504.63,6.63,86.0,17.2,34.5,16.2
1751.94,33.44,8.79,209.77,77.01,93.19,Clay Loam,400,4,0.97,Co0238,520.9,6.89,86.5,8.3,37.9,15.9
1540.8,33.3,8.56,185.55,70.19,84.97,Clay Loam,386,4,0.96,Co0238,511.07,6.99,84.6,11.1,36.0,17.4
886.66,27.53,7.25,114.74,43.59,56.15,Sandy Loam,324,4,0.9,CoM0265,282.39,7.04,74.0,8.0,19.9,23.4
1615.38,32.18,8.53,168.73,61.95,75.87,Clay Loam,374,3,1.0,CoM0265,437.08,6.82,85.0,9.2,40.2,15.5
1296.56,31.35,8.04,171.55,62.68,75.92,Alluvial,375,3,1.0,CoM0265,478.35,6.89,78.9,12.4,31.3,17.6
1798.32,33.08,8.91,207.54,77.81,92.18,Alluvial,408,3,1.0,Co86032,528.88,6.76,93.0,6.4,38.4,14.2
1924.43,34.29,9.06,227.98,83.07,105.77,Alluvial,411,3,1.0,CoM0265,565.78,6.97,97.6,10.1,43.7,17.3
1845.62,33.95,8.86,224.12,81.83,97.57,Alluvial,412,3,1.0,Co86032,540.88,7.09,97.1,5.8,36.2,16.2
1280.95,29.84,7.74,141.27,51.96,64.11,Red Soil,353,2,0.93,Co0238,361.58,6.97,81.3,9.6,26.5,17.7
1649.15,32.43,8.46,197.49,73.52,88.57,Clay Loam,396,4,0.0,Co0238,355.41,6.51,94.1,10.7,38.8,13.7
1308.54,29.62,7.39,135.82,51.99,65.89,Red Soil,350,2,1.0,Co0238,345.63,6.88,77.7,15.1,31.8,19.8
1905.74,34.79,9.05,229.54,81.78,106.21,Alluvial,415,3,0.97,CoM0265,554.81,6.97,89.0,4.4,37.1,16.2
1740.42,33.34,8.66,202.76,74.08,91.09,Clay Loam,397,4,0.81,Co0238,519.67,6.72,95.8,11.7,41.2,16.7
1806.9,33.65,8.95,210.37,78.71,98.57,Alluvial,408,3,1.0,CoM0265,537.81,6.38,93.4,8.7,36.9,15.1
1062.02,28.84,7.29,126.28,46.48,60.95,Red Soil,337,2,0.0,CoM0265,230.18,7.02,78.2,12.5,26.1,16.8
800.0,26.79,6.8,100.48,40.0,50.0,Sandy Loam,320,5,0.0,Co0238,193.13,7.14,61.9,9.3,22.6,20.7
1110.91,30.29,7.95,151.65,55.14,71.04,Clay Loam,360,4,1.0,CoM0265,423.11,6.94,83.5,15.4,23.1,16.8
1247.54,31.27,7.96,167.29,62.15,76.17,Alluvial,374,3,0.81,CoM0265,466.18,6.53,87.8,10.7,28.4,18.3
1750.59,33.55,8.8,214.59,78.84,96.69,Alluvial,405,3,0.99,Co86032,515.92,7.03,84.6,8.8,35.2,18.7
896.43,27.68,7.15,113.86,42.69,58.92,Sandy Loam,325,4,1.0,CoM0265,289.12,6.61,65.3,7.5,30.9,19.7
863.27,27.25,6.8,108.92,41.75,53.91,Sandy Loam,323,4,0.95,CoM0265,294.1,7.07,74.0,14.1,23.0,19.9
1251.85,31.63,8.19,163.52,60.48,77.28,Alluvial,367,3,0.0,Co86032,323.82,6.62,78.5,10.1,31.9,18.5
984.37,28.08,6.95,122.32,45.44,58.94,Red Soil,333,2,0.92,Co0238,320.74,6.84,75.0,7.8,24.2,21.5
1211.06,31.25,8.21,161.62,59.81,76.86,Alluvial,371,3,0.15,Co86032,316.64,6.72,77.1,3.7,26.8,20.0
1776.87,33.47,8.97,212.23,78.67,98.11,Alluvial,402,3,1.0,Co86032,532.13,6.94,97.2,10.6,39.5,15.8
1130.91,29.44,7.6,129.17,50.07,65.94,Red Soil,351,2,1.0,Co86032,327.51,6.78,72.7,11.8,21.4,17.2
1288.1,31.36,8.23,169.38,59.9,79.88,Alluvial,375,3,0.9,CoM0265,457.5,6.7,89.5,9.8,31.9,21.5
923.88,28.34,7.35,118.12,46.09,59.53,Red Soil,335,2,1.0,Co0238,320.39,6.66,82.1,7.3,27.1,18.8
1048.32,28.79,7.3,134.79,47.87,63.91,Red Soil,344,2,0.0,CoM0265,231.52,6.31,82.1,3.4,24.1,18.7
816.44,26.64,6.81,104.36,40.0,50.56,Sandy Loam,321,5,1.0,Co0238,272.52,6.7,74.4,11.2,25.0,19.2
1028.75,29.11,7.55,128.83,46.07,62.21,Red Soil,341,2,0.01,CoM0265,229.21,6.27,75.8,7.8,31.3,20.5
1427.64,31.93,8.23,175.05,66.43,79.99,Alluvial,375,3,0.98,Co0238,489.81,6.3,83.8,11.3,35.8,18.1
917.01,28.41,7.12,115.12,47.04,59.81,Red Soil,329,2,0.9,Co0238,309.54,6.87,75.5,4.6,30.5,19.6
1510.24,32.75,8.56,190.83,70.65,86.82,Clay Loam,386,4,1.0,Co0238,500.6,6.65,87.2,14.7,37.5,19.6
894.77,27.19,7.13,109.19,41.31,53.85,Sandy Loam,325,5,0.91,Co86032,278.53,6.63,69.1,11.2,19.7,18.8
817.11,26.82,6.8,100.38,40.87,50.0,Sandy Loam,321,5,0.99,Co86032,270.69,6.57,68.7,10.9,26.9,19.6
880.16,27.32,6.99,109.47,40.33,55.16,Sandy Loam,325,4,0.92,CoM0265,288.62,6.89,77.2,6.9,24.4,19.5
1494.29,33.09,8.64,188.33,68.35,84.67,Clay Loam,387,4,1.0,Co0238,497.35,7.0,79.5,8.6,37.9,16.0
958.83,27.65,7.29,112.89,42.51,56.72,Sandy Loam,331,4,0.0,Co0238,188.4,7.28,72.9,14.2,26.0,18.9
1730.86,32.33,8.58,194.92,72.73,89.85,Clay Loam,390,4,0.08,Co0238,353.42,6.8,90.1,5.8,31.1,16.6
1793.92,33.9,8.99,218.9,79.13,97.9,Alluvial,406,3,0.86,CoM0265,548.15,6.79,94.6,18.0,45.0,18.1
1819.13,34.33,8.95,229.96,81.51,102.81,Alluvial,415,3,1.0,Co86032,543.61,6.73,91.4,6.7,43.5,14.6
934.47,28.29,7.37,122.64,47.8,61.95,Red Soil,332,2,0.99,Co0238,310.04,6.99,77.4,11.4,26.8,18.3
1794.54,33.76,9.01,219.45,78.22,96.55,Alluvial,405,3,0.97,CoM0265,528.8,6.99,89.3,6.9,42.8,18.0
1293.32,31.39,7.95,162.73,60.63,79.68,Alluvial,372,3,0.96,CoM0265,462.82,6.92,67.8,8.0,35.5,19.4
1291.82,31.33,8.1,163.84,62.49,75.92,Alluvial,372,3,1.0,CoM0265,483.97,6.42,81.8,10.3,29.5,19.0
1527.22,32.83,8.51,192.24,72.14,86.29,Clay Loam,384,4,1.0,Co0238,507.26,6.64,94.5,9.8,37.9,17.0
1853.15,33.43,9.12,217.12,81.84,98.58,Alluvial,410,3,0.98,CoM0265,531.97,6.68,92.8,7.7,32.5,16.5
887.92,27.46,6.81,111.63,43.92,57.48,Sandy Loam,326,4,0.74,CoM0265,297.96,6.73,82.8,5.8,26.6,22.3
1155.96,29.28,7.68,135.47,49.18,63.8,Red Soil,347,2,1.0,Co86032,339.91,7.11,80.7,8.9,34.9,20.8
800.0,26.5,6.84,105.22,41.35,50.0,Sandy Loam,320,5,0.11,Co0238,188.4,7.19,71.6,11.3,22.9,22.6
1912.53,34.42,9.08,233.62,82.0,104.45,Alluvial,410,3,0.0,CoM0265,393.92,6.91,96.8,9.6,37.3,15.6
897.69,27.48,7.14,115.44,45.67,57.07,Sandy Loam,328,4,0.0,Co0238,206.1,6.8,75.8,10.1,28.7,18.3
1345.34,29.62,7.47,143.77,50.85,64.8,Red Soil,350,2,0.8,Co0238,341.21,7.08,85.6,9.3,26.2,15.0
1621.86,32.03,8.45,178.3,63.18,79.96,Clay Loam,377,3,0.94,CoM0265,454.01,6.55,87.6,10.3,35.6,17.6
1695.19,32.86,8.73,203.92,75.66,93.45,Clay Loam,397,4,1.0,Co0238,521.22,7.08,88.7,11.3,40.0,15.6
1959.32,35.2,9.11,240.43,85.92,109.0,Alluvial,414,3,0.78,Co86032,580.4,6.92,98.0,12.9,39.0,19.2
1609.68,31.96,8.26,165.19,63.33,77.5,Clay Loam,375,3,0.74,CoM0265,470.13,7.16,85.2,9.6,38.0,16.3
1411.34,32.65,8.48,183.78,68.21,83.12,Clay Loam,383,3,1.0,Co86032,499.32,7.06,82.8,13.7,29.9,18.5
1488.95,32.8,8.49,189.27,71.77,83.36,Clay Loam,385,3,0.92,Co86032,511.8,6.81,84.2,9.1,33.1,15.9
1183.07,31.53,8.02,162.42,59.45,77.31,Alluvial,370,3,0.16,Co86032,310.85,6.72,75.2,10.6,27.3,20.2
1558.66,32.56,8.88,194.09,72.25,86.13,Alluvial,389,3,1.0,Co86032,489.0,7.16,73.6,10.7,35.7,16.4
1412.89,31.94,8.05,176.78,67.87,80.55,Alluvial,382,3,1.0,Co0238,464.42,6.58,88.6,8.9,37.3,17.3
1936.86,35.09,9.08,240.53,84.92,109.43,Alluvial,421,3,1.0,Co86032,579.31,6.66,98.0,4.0,45.0,17.9
1649.99,33.39,8.82,204.9,74.86,91.34,Clay Loam,399,3,1.0,CoM0265,512.13,6.65,86.2,12.7,32.5,18.3
1689.45,33.3,8.72,210.05,76.69,91.31,Clay Loam,398,4,0.83,Co0238,532.81,6.89,82.9,7.6,35.3,16.7
1559.06,32.87,8.62,196.87,70.79,87.73,Alluvial,394,3,0.87,Co86032,491.19,6.7,90.5,12.8,36.2,17.7
1936.8,34.63,9.17,227.72,81.23,103.28,Alluvial,420,3,0.07,CoM0265,381.68,6.7,87.9,7.5,40.6,16.3
1068.94,30.41,7.79,153.75,56.38,68.93,Clay Loam,364,4,1.0,CoM0265,430.31,6.81,76.7,11.0,28.3,18.8
1336.27,30.66,7.8,142.31,51.18,67.7,Red Soil,351,2,0.84,Co86032,362.86,6.87,66.2,14.9,26.1,19.5
1803.71,33.81,9.04,221.39,80.1,100.1,Alluvial,410,3,1.0,Co86032,529.08,6.74,89.3,12.0,42.1,17.0
819.13,26.85,6.8,100.0,40.0,52.86,Sandy Loam,324,5,0.04,Co0238,188.72,6.78,71.4,6.5,25.5,21.2
1187.23,29.61,7.56,134.64,48.88,61.57,Red Soil,353,2,0.8,Co86032,320.46,6.64,71.3,17.1,27.4,19.2
985.41,28.31,7.22,122.26,46.57,62.29,Red Soil,333,2,1.0,Co0238,329.01,7.04,76.7,9.0,27.8,21.0
850.65,26.5,6.91,100.0,40.0,52.65,Sandy Loam,320,5,0.0,Co0238,188.4,6.68,69.0,4.6,24.5,20.1
800.0,27.1,7.0,107.73,40.93,53.21,Sandy Loam,324,5,1.0,Co86032,286.17,6.77,71.3,6.6,24.3,21.0
884.64,26.65,6.98,100.92,41.04,52.24,Sandy Loam,325,5,0.88,Co86032,284.4,7.22,71.7,12.6,19.2,20.5
1203.58,32.0,8.2,159.02,59.26,75.11,Alluvial,369,3,0.0,Co86032,316.96,7.2,78.4,7.3,29.6,17.5
1309.55,31.42,8.26,174.43,61.23,77.66,Alluvial,373,3,1.0,CoM0265,467.52,7.0,78.7,11.7,25.5,19.6
800.0,26.74,7.0,102.51,42.74,51.8,Sandy Loam,322,5,0.98,Co86032,279.96,6.58,67.3,9.9,24.0,21.9
800.0,26.94,6.82,108.01,41.37,52.93,Sandy Loam,323,5,1.0,Co0238,263.65,7.01,68.8,14.0,28.9,21.1
1743.15,33.78,8.86,221.02,77.7,99.97,Alluvial,414,3,0.86,CoM0265,538.22,6.81,96.6,6.4,38.3,17.3
911.14,27.55,7.3,108.87,44.27,54.45,Sandy Loam,323,5,1.0,Co86032,282.22,6.81,73.8,10.4,26.4,16.7
800.0,26.59,6.94,104.98,40.0,50.41,Sandy Loam,323,5,0.0,Co0238,190.72,6.82,72.6,13.7,25.8,18.7
849.07,26.88,6.98,101.82,40.99,53.59,Sandy Loam,326,5,0.9,Co0238,275.37,6.43,68.6,13.2,28.9,19.6
1652.17,32.21,8.26,170.39,62.42,77.91,Clay Loam,375,3,1.0,CoM0265,465.83,6.97,97.9,9.4,36.1,17.8
1330.45,31.58,8.43,165.27,62.48,77.21,Alluvial,371,3,1.0,CoM0265,470.16,6.92,81.3,7.7,29.5,16.6
1719.08,32.45,8.46,197.08,71.99,88.13,Clay Loam,391,4,0.0,Co0238,369.21,6.77,87.4,9.6,34.1,16.8
1702.93,32.37,8.86,197.07,74.74,88.65,Clay Loam,393,4,0.07,Co0238,359.1,6.47,92.6,10.0,35.0,16.9
1424.75,32.05,8.48,178.4,66.9,82.31,Alluvial,381,3,1.0,Co0238,485.27,6.58,93.0,6.0,28.3,17.3
1620.65,31.89,8.47,170.38,64.93,79.6,Clay Loam,382,3,1.0,CoM0265,462.22,6.79,92.4,9.4,45.6,16.4
1237.93,31.56,7.85,154.29,58.09,73.9,Alluvial,365,3,1.0,CoM0265,441.66,7.0,91.7,12.7,33.3,20.5
878.63,27.02,7.21,100.0,40.53,53.99,Sandy Loam,325,5,0.83,Co86032,279.18,6.61,74.4,10.5,23.5,22.6
981.44,28.57,7.15,123.84,46.01,59.27,Red Soil,332,2,1.0,Co0238,326.42,6.71,66.2,14.5,24.7,19.0
1082.07,30.1,7.89,150.08,56.88,72.23,Clay Loam,361,4,0.98,CoM0265,430.28,6.57,81.8,7.6,26.3,18.3
845.07,27.12,7.01,104.71,40.01,53.83,Sandy Loam,324,5,1.0,Co86032,268.27,6.81,71.0,11.2,28.5,19.5
1955.17,35.14,9.3,240.09,86.0,111.12,Alluvial,422,3,1.0,Co86032,568.91,6.69,98.0,6.8,38.8,14.6
861.02,26.97,6.99,103.59,43.58,54.28,Sandy Loam,323,5,0.85,Co0238,265.92,7.13,70.9,13.5,26.2,16.9
801.78,26.6,6.96,108.07,40.37,51.95,Sandy Loam,320,5,0.11,Co0238,188.4,6.65,72.9,11.1,21.5,22.5
1887.26,34.46,9.12,224.25,82.53,106.16,Alluvial,414,3,0.05,CoM0265,402.68,6.94,92.7,10.0,42.2,17.1
1443.44,32.62,8.53,185.21,68.1,85.56,Clay Loam,380,3,0.9,Co86032,501.6,6.52,80.3,2.0,37.0,18.8
800.0,26.54,6.93,100.0,40.0,50.0,Sandy Loam,321,5,0.1,Co0238,189.51,6.5,71.4,14.4,25.5,18.2
1723.94,33.34,8.75,200.66,78.0,93.48,Clay Loam,397,4,0.91,Co0238,504.43,6.88,90.6,11.7,40.1,17.9
1902.77,34.35,8.9,227.14,82.89,106.9,Alluvial,415,3,0.03,CoM0265,408.51,6.6,86.7,9.8,41.2,15.9
1366.45,30.65,7.92,144.03,53.1,68.08,Red Soil,360,2,0.97,Co86032,374.0,6.62,85.0,6.5,26.9,19.7
1039.8,28.81,7.34,128.68,46.03,61.67,Red Soil,343,2,0.16,CoM0265,215.04,6.91,83.4,15.5,32.5,18.2
1861.87,34.6,9.22,229.71,81.44,101.43,Alluvial,415,3,1.0,Co86032,546.95,6.69,83.9,11.4,36.4,17.2
1316.05,29.46,7.34,139.63,50.39,66.5,Red Soil,347,2,1.0,Co0238,361.74,6.41,77.5,13.3,34.6,16.6
1316.81,31.4,8.22,169.28,61.14,78.74,Alluvial,374,3,0.94,CoM0265,469.61,6.71,69.2,6.6,33.5,18.0
1757.79,33.52,8.98,218.49,77.74,94.9,Alluvial,405,3,1.0,Co86032,518.1,6.25,88.8,15.9,38.0,16.4
1402.58,30.62,7.94,143.89,52.05,70.26,Red Soil,356,2,0.85,Co86032,376.41,6.45,75.3,11.7,32.2,18.4
856.57,26.98,6.9,101.3,42.04,53.16,Sandy Loam,324,5,1.0,Co0238,283.24,6.51,68.0,10.3,25.6,20.5
1828.82,33.75,9.26,215.43,79.09,100.42,Alluvial,407,3,1.0,CoM0265,535.94,6.8,92.5,13.6,38.0,18.7
1153.2,29.76,7.56,129.46,48.51,63.88,Red Soil,347,2,0.92,Co86032,328.71,6.79,79.6,11.4,32.1,16.4
942.13,27.61,7.18,122.06,42.01,59.86,Sandy Loam,329,4,0.0,Co0238,190.95,6.7,73.0,5.6,26.6,18.3
1095.19,30.14,7.79,150.09,55.15,69.93,Clay Loam,356,4,0.99,CoM0265,391.06,6.48,74.5,13.8,30.1,18.2
1321.84,30.72,7.7,145.36,54.5,67.95,Red Soil,355,2,1.0,Co86032,351.93,7.05,79.4,10.5,31.3,16.3
1767.01,33.65,8.83,216.76,78.8,98.9,Alluvial,407,3,1.0,CoM0265,533.53,7.1,90.7,11.0,36.0,15.4
1427.45,31.64,8.18,176.4,67.33,82.96,Alluvial,383,3,0.93,Co0238,470.44,7.1,82.6,14.9,35.5,18.5
1704.58,33.15,8.99,194.81,73.63,90.33,Clay Loam,398,3,0.94,CoM0265,508.96,6.9,85.7,12.5,36.9,14.2
1856.79,34.16,8.99,228.77,82.93,100.94,Alluvial,412,3,0.85,CoM0265,547.03,7.03,90.8,4.1,38.7,15.3
1775.65,33.46,9.04,208.64,79.43,101.26,Alluvial,414,3,1.0,CoM0265,557.16,6.82,87.4,15.5,41.0,16.6
1420.24,31.6,8.27,178.46,69.19,81.71,Alluvial,381,3,1.0,Co0238,478.35,6.66,77.9,9.8,33.2,17.0
800.0,26.73,6.95,106.08,41.15,51.33,Sandy Loam,323,5,0.98,Co86032,285.9,6.69,67.8,8.9,22.6,19.5
1656.77,33.58,8.95,203.94,76.08,93.88,Clay Loam,390,3,1.0,CoM0265,496.8,6.63,92.9,9.5,37.8,14.1
1637.75,32.35,8.57,190.61,71.36,88.18,Clay Loam,391,4,0.0,Co0238,362.56,6.85,85.8,11.0,30.1,16.5
1412.83,31.9,8.24,181.92,68.48,82.27,Alluvial,380,3,1.0,Co0238,493.67,6.57,79.0,3.6,38.8,15.4
1655.02,32.97,8.94,196.63,72.82,91.2,Clay Loam,391,3,1.0,CoM0265,512.8,6.91,83.1,14.6,35.2,15.8
1569.94,32.94,8.73,193.28,71.34,86.93,Alluvial,390,3,1.0,Co86032,496.73,6.56,86.1,4.9,37.6,15.3
883.73,27.41,7.08,112.28,42.64,55.63,Sandy Loam,325,5,1.0,Co86032,283.97,6.46,83.5,7.6,21.1,21.4
1802.17,33.84,9.02,216.2,78.86,102.91,Alluvial,409,3,0.99,Co86032,549.71,7.04,83.7,7.7,39.1,16.4
1003.85,29.11,7.21,127.26,48.46,59.44,Red Soil,344,2,0.0,CoM0265,226.05,6.75,73.1,11.4,25.6,19.9
1287.75,31.01,8.33,167.0,61.53,76.83,Alluvial,374,3,0.99,CoM0265,445.12,6.64,90.7,7.5,30.1,16.8
834.7,26.5,6.92,100.0,40.0,52.44,Sandy Loam,324,5,1.0,Co86032,274.81,6.77,66.6,8.1,18.2,20.4
1390.12,31.98,8.19,169.48,68.72,84.59,Alluvial,377,3,1.0,Co0238,474.67,7.32,87.8,10.4,23.9,17.8
1253.43,31.53,8.1,159.83,61.56,72.33,Alluvial,371,3,0.0,Co86032,299.74,6.88,69.6,5.4,30.4,18.7
1399.28,32.41,8.26,177.9,68.23,79.45,Alluvial,379,3,0.94,Co0238,470.07,7.16,77.4,9.4,31.1,16.5
937.14,27.43,7.17,110.22,45.06,59.66,Sandy Loam,323,4,1.0,CoM0265,286.97,6.92,70.7,8.2,25.8,18.1
1357.21,30.5,7.83,140.06,51.63,67.87,Red Soil,351,2,1.0,Co86032,354.35,6.88,83.5,9.1,31.0,17.5
1795.3,34.11,8.84,223.02,80.8,101.74,Alluvial,416,3,0.87,Co86032,572.11,6.57,98.0,16.1,37.4,18.2
897.69,27.17,6.8,101.53,40.0,53.77,Sandy Loam,320,5,0.91,Co86032,287.69,7.17,64.4,10.2,26.6,19.3
1131.5,29.12,7.85,136.26,48.74,62.71,Red Soil,348,2,1.0,Co86032,329.33,6.57,79.4,11.3,25.9,17.0
1932.15,34.82,9.09,228.93,84.23,106.78,Alluvial,419,3,0.0,CoM0265,392.19,6.84,96.8,10.4,44.4,15.3
1829.74,34.25,8.92,226.45,81.7,101.05,Alluvial,412,3,0.98,CoM0265,548.26,6.92,97.3,9.8,38.0,16.7
1159.67,29.17,7.4,126.85,48.8,61.59,Red Soil,344,2,1.0,Co86032,333.17,6.84,74.7,8.6,25.3,19.9
1551.07,32.98,8.5,188.77,69.24,84.58,Clay Loam,388,3,0.88,Co86032,499.29,7.03,88.0,9.9,33.3,17.5
863.63,27.05,6.94,107.88,42.05,56.89,Sandy Loam,329,5,0.93,Co86032,290.52,6.8,72.5,6.9,20.3,19.9
1739.15,34.12,8.83,212.9,78.7,98.7,Alluvial,410,3,1.0,Co86032,519.24,7.04,93.2,8.0,35.7,16.4
1496.85,32.79,8.72,192.96,69.63,83.22,Clay Loam,381,4,1.0,Co0238,501.83,6.88,86.0,5.1,38.7,16.6
876.93,27.06,6.92,111.89,42.32,54.88,Sandy Loam,322,4,0.81,CoM0265,285.35,6.68,76.9,11.7,27.0,20.1
843.34,27.27,6.95,103.56,43.14,50.0,Sandy Loam,326,5,1.0,Co0238,291.29,6.53,73.7,4.1,24.0,22.2
1673.95,32.24,8.53,194.42,70.75,87.2,Clay Loam,390,4,0.0,Co0238,339.37,7.0,92.5,7.6,39.1,16.6
972.25,28.23,7.38,127.94,46.09,61.77,Red Soil,339,2,0.83,Co0238,312.7,6.77,67.8,13.9,27.0,21.5
1787.01,34.14,8.98,212.65,80.54,100.08,Alluvial,409,3,0.75,CoM0265,530.83,7.01,95.6,7.6,37.5,17.5
1480.23,32.64,8.68,183.96,67.84,84.56,Clay Loam,386,4,0.81,Co0238,512.18,6.67,77.3,2.0,36.3,17.7
1024.29,28.72,7.1,132.04,45.58,60.07,Red Soil,340,2,0.05,CoM0265,234.77,6.75,72.4,15.3,29.6,20.7
1947.61,34.98,9.3,241.6,85.43,111.23,Alluvial,422,3,0.99,Co86032,558.25,7.04,89.9,10.8,45.4,16.1
898.9,26.88,7.02,114.59,40.27,52.57,Sandy Loam,324,5,1.0,Co0238,274.31,6.71,75.7,15.2,22.3,18.0
800.0,26.87,6.8,103.45,40.77,52.58,Sandy Loam,320,5,1.0,Co86032,257.6,6.75,66.9,13.3,25.5,21.3
1000.99,28.01,7.25,124.14,48.32,61.55,Red Soil,331,2,0.98,Co0238,311.13,6.86,74.7,11.4,26.0,22.0
830.03,27.02,6.81,107.08,40.81,53.08,Sandy Loam,325,5,0.91,Co86032,296.3,6.69,68.9,7.5,27.8,20.6
1189.33,31.65,8.16,163.04,59.22,75.03,Alluvial,368,3,0.0,Co86032,309.81,6.79,74.3,16.2,29.0,20.7
940.22,27.41,7.03,111.44,43.03,57.68,Sandy Loam,326,4,0.07,Co0238,193.32,6.96,77.5,10.5,25.4,19.6
1828.98,34.24,8.99,226.6,80.66,100.75,Alluvial,412,3,1.0,CoM0265,559.68,7.01,94.2,10.8,35.0,16.7
1259.28,31.34,8.06,155.6,58.51,73.27,Alluvial,367,3,0.86,CoM0265,451.73,6.8,79.1,13.2,30.0,19.3
1719.17,32.4,8.44,190.53,72.1,88.82,Clay Loam,391,4,0.0,Co0238,339.16,6.98,83.0,11.5,31.9,17.5
907.37,27.06,7.13,106.92,42.2,54.76,Sandy Loam,328,5,0.82,Co86032,275.42,6.34,76.5,2.0,27.4,19.3
1235.25,31.25,8.13,157.53,61.26,72.87,Alluvial,373,3,0.0,Co86032,311.26,6.76,82.1,6.3,27.4,18.3
1784.87,33.53,8.85,208.61,77.79,96.6,Alluvial,400,3,1.0,Co86032,518.73,7.15,96.7,7.9,38.9,15.0
853.92,26.85,6.97,111.79,42.63,54.49,Sandy Loam,327,5,1.0,Co0238,294.6,6.33,70.7,7.6,25.1,20.6
1357.45,30.26,7.84,143.93,53.1,68.35,Red Soil,356,2,0.98,Co86032,347.25,6.89,83.6,12.7,34.5,14.9
800.0,26.51,7.12,100.0,40.51,50.07,Sandy Loam,320,5,0.08,Co0238,195.11,6.82,70.3,10.8,27.6,20.3
1503.24,32.75,8.45,182.03,69.89,84.47,Clay Loam,384,3,1.0,Co86032,489.32,6.73,90.9,13.3,34.8,17.1
1897.61,34.55,8.93,227.68,80.42,104.41,Alluvial,417,3,0.09,CoM0265,389.09,6.97,90.4,14.2,38.3,16.2
973.98,28.42,7.33,122.18,45.37,60.62,Red Soil,338,2,0.92,Co0238,325.96,7.01,78.6,14.1,27.3,19.8
1279.7,29.72,7.4,137.69,49.85,64.5,Red Soil,349,2,1.0,Co0238,345.61,6.49,80.9,12.9,31.8,20.3
963.04,27.95,7.06,121.99,44.47,60.01,Red Soil,330,2,0.95,Co0238,325.38,6.77,67.5,7.0,23.5,18.4
987.45,28.58,7.29,123.79,44.98,60.39,Red Soil,330,2,1.0,Co0238,312.89,7.01,80.8,11.0,29.0,20.0
1232.19,31.41,7.84,154.33,58.68,74.01,Alluvial,367,3,0.97,CoM0265,461.68,6.87,83.3,11.1,31.8,17.2
1372.84,31.82,8.26,176.69,65.87,80.84,Alluvial,379,3,1.0,Co0238,476.53,6.88,85.9,4.4,30.6,18.9
1711.01,33.29,8.86,207.11,78.52,94.96,Alluvial,407,3,1.0,Co86032,521.87,7.05,84.1,4.7,35.4,15.1
1284.13,31.48,8.25,169.1,61.46,73.24,Alluvial,374,3,1.0,CoM0265,478.29,7.07,77.1,10.6,25.1,17.2
1289.88,31.79,8.13,167.24,59.93,74.36,Alluvial,370,3,0.92,CoM0265,465.81,6.88,77.1,13.6,36.7,15.2
1515.01,32.98,8.43,186.21,69.07,82.71,Clay Loam,388,4,1.0,Co0238,506.35,6.84,77.2,8.9,37.4,17.1
1275.4,31.18,8.03,170.5,58.57,75.88,Alluvial,372,3,1.0,CoM0265,467.63,6.95,84.2,12.7,33.3,19.7
1721.26,33.42,8.89,203.91,78.28,94.4,Clay Loam,400,4,1.0,Co0238,528.2,7.23,94.4,13.5,37.2,15.4
1123.19,30.34,7.55,147.65,55.68,69.7,Clay Loam,362,4,0.98,CoM0265,427.01,7.09,82.6,7.7,28.3,19.1
1583.02,32.31,8.66,171.22,64.13,78.26,Clay Loam,378,3,1.0,CoM0265,458.61,7.09,82.0,8.2,34.0,18.6
1777.3,33.4,8.94,208.04,79.43,93.06,Alluvial,410,3,1.0,Co86032,532.63,6.67,94.3,8.6,31.9,16.7
1889.64,34.67,9.11,231.07,82.37,106.32,Alluvial,414,3,0.04,CoM0265,390.47,6.81,90.8,11.4,38.1,16.5
1950.93,35.08,9.3,242.48,85.27,112.0,Alluvial,419,3,1.0,Co86032,569.49,6.44,96.3,3.4,37.8,17.0
1612.09,32.35,8.35,173.07,61.62,77.69,Clay Loam,374,3,0.86,CoM0265,452.4,6.65,90.5,14.6,39.7,16.6
1594.22,32.17,8.62,171.37,62.22,77.84,Clay Loam,379,3,0.91,CoM0265,451.76,6.62,91.8,7.2,36.8,19.7
1627.05,32.85,8.85,202.32,73.51,88.25,Clay Loam,395,3,0.93,CoM0265,502.34,7.06,93.3,12.2,38.9,19.0
1744.62,33.52,9.0,209.02,76.88,94.32,Alluvial,401,3,0.74,Co86032,524.82,7.26,85.9,12.2,38.2,18.8
1628.83,33.19,8.7,200.26,74.99,90.75,Clay Loam,392,3,0.71,CoM0265,519.04,6.75,86.8,10.9,36.5,17.1
1820.4,34.28,9.14,226.64,83.44,101.61,Alluvial,412,3,1.0,Co86032,532.62,6.39,86.4,12.5,38.1,14.8
1884.48,34.14,8.97,222.27,82.3,103.71,Alluvial,409,3,0.97,CoM0265,553.8,6.85,84.3,7.9,39.4,14.8
955.64,27.99,7.32,120.94,44.09,59.42,Red Soil,333,2,0.92,Co0238,303.04,6.81,75.2,12.0,24.2,21.9
1014.73,28.32,7.11,125.4,47.79,60.72,Red Soil,332,2,0.96,Co0238,312.16,6.99,72.9,10.7,30.6,19.5
892.26,27.51,7.14,118.69,43.66,56.87,Sandy Loam,329,4,0.0,Co0238,188.4,6.68,73.0,7.8,23.9,19.6
1308.41,31.49,8.11,170.21,57.28,77.08,Alluvial,378,3,0.9,CoM0265,475.26,6.8,81.6,7.3,35.9,20.6
1816.65,33.99,9.03,226.67,80.91,102.78,Alluvial,412,3,1.0,CoM0265,573.24,6.86,98.0,10.4,39.0,19.3
1845.24,34.56,9.04,222.56,79.51,101.65,Alluvial,412,3,1.0,CoM0265,543.41,6.66,90.1,16.6,41.8,16.9
1721.07,33.2,8.85,200.86,78.13,90.73,Clay Loam,394,3,1.0,CoM0265,523.64,6.77,90.0,5.5,39.8,16.8
1646.42,32.63,9.0,199.5,75.64,94.12,Clay Loam,394,3,0.93,CoM0265,516.25,6.53,94.7,12.8,33.5,16.7
1268.91,31.58,8.02,157.52,57.91,74.9,Alluvial,366,3,0.0,Co86032,306.0,6.81,82.3,10.0,30.5,19.2
1683.26,32.88,8.8,198.68,77.35,91.57,Clay Loam,396,3,0.78,CoM0265,489.28,6.89,89.7,4.7,38.6,16.2
1398.97,31.67,8.3,170.98,66.76,81.19,Alluvial,376,3,0.97,Co0238,485.01,6.64,87.3,6.5,34.5,17.3
1425.72,32.31,8.13,174.96,67.47,84.54,Alluvial,376,3,0.91,Co0238,476.88,7.21,76.1,7.2,40.4,19.6
1701.76,32.22,8.71,190.87,72.32,89.03,Clay Loam,386,4,0.0,Co0238,366.0,7.13,97.0,12.3,37.2,20.9
842.07,26.96,6.8,103.79,40.97,53.49,Sandy Loam,326,5,1.0,Co86032,287.77,6.76,72.9,10.7,31.3,21.1
1247.53,30.8,8.17,157.68,60.51,71.75,Alluvial,364,3,1.0,CoM0265,457.02,7.02,89.1,12.4,32.2,21.1
1787.43,33.87,8.8,223.59,82.15,99.76,Alluvial,407,3,1.0,Co86032,544.34,7.06,76.9,10.2,41.6,15.0
829.66,27.2,6.86,109.05,42.05,54.06,Sandy Loam,325,5,0.9,Co86032,280.13,6.93,73.9,17.5,22.6,19.8
1079.39,30.31,7.96,144.82,54.98,68.49,Clay Loam,360,4,1.0,CoM0265,419.81,6.93,69.1,4.8,31.4,14.9
1106.78,30.08,7.81,146.58,54.73,70.48,Clay Loam,359,4,1.0,CoM0265,419.92,6.63,76.2,10.0,30.3,19.5
1688.6,32.63,8.42,196.31,71.74,91.55,Clay Loam,393,4,0.02,Co0238,364.7,6.84,86.0,15.3,39.1,15.5
1207.86,31.38,8.2,160.22,60.31,71.28,Alluvial,373,3,0.0,Co86032,323.46,6.88,83.9,7.8,28.2,18.3
1275.41,29.56,7.57,141.79,52.31,65.05,Red Soil,350,2,0.89,Co0238,354.19,6.88,75.8,11.1,33.4,16.3
800.0,26.9,6.8,107.26,40.0,51.32,Sandy Loam,324,5,1.0,Co86032,255.73,6.85,73.5,13.2,24.8,18.6
1762.91,33.55,8.77,212.3,81.86,98.59,Alluvial,406,3,0.82,CoM0265,534.2,6.83,95.8,5.7,41.8,18.0
1690.46,32.22,8.58,196.73,72.33,88.18,Clay Loam,385,4,0.0,Co0238,360.8,6.71,96.1,13.6,41.0,16.1
1771.53,33.9,9.09,218.45,78.25,97.63,Alluvial,408,3,1.0,CoM0265,544.95,7.03,90.8,7.8,38.6,16.5
1164.48,29.52,7.77,138.05,50.68,63.2,Red Soil,352,2,0.88,Co86032,339.7,6.92,73.8,11.7,29.8,17.3
1740.86,33.45,8.86,207.76,78.07,96.67,Alluvial,404,3,1.0,Co86032,523.79,6.94,94.9,10.9,38.7,16.7
801.95,26.69,6.8,102.76,40.0,52.27,Sandy Loam,320,5,1.0,Co86032,272.09,6.86,73.2,11.7,25.8,20.9
1238.09,31.78,8.19,160.74,57.53,73.79,Alluvial,371,3,0.04,Co86032,330.14,6.15,74.9,16.6,32.8,18.6
949.94,27.62,7.33,116.66,44.54,59.9,Sandy Loam,331,4,0.09,Co0238,200.18,6.68,71.7,10.7,28.1,19.0
856.99,26.64,6.89,103.01,40.0,50.43,Sandy Loam,323,5,1.0,Co0238,270.78,6.97,61.3,7.1,28.3,20.5
883.06,26.91,6.8,117.11,40.0,51.38,Sandy Loam,320,5,1.0,Co86032,274.33,6.91,74.4,9.0,22.4,21.0
1104.51,30.27,7.83,148.39,55.28,70.36,Clay Loam,360,4,0.86,CoM0265,411.49,6.68,72.0,8.3,28.2,19.4
960.24,27.6,7.15,110.39,42.28,55.89,Sandy Loam,324,4,1.0,CoM0265,285.16,6.87,67.5,2.0,27.4,22.1
1461.81,32.63,8.67,181.89,70.27,81.91,Clay Loam,379,3,0.81,Co86032,496.21,7.04,88.8,5.4,40.3,18.1
1431.46,32.53,8.4,186.21,68.2,85.67,Clay Loam,384,3,0.99,Co86032,495.71,6.78,79.1,9.0,31.5,14.9
1643.8,32.18,8.42,168.33,65.35,79.95,Clay Loam,375,3,1.0,CoM0265,465.01,7.12,89.4,15.3,38.0,17.9
1797.72,33.49,8.94,214.74,78.68,94.5,Alluvial,404,3,1.0,Co86032,532.47,6.77,88.8,11.4,38.0,14.3
1309.21,30.29,7.46,141.05,49.23,66.13,Red Soil,352,2,0.94,Co0238,362.68,6.91,82.2,13.3,37.1,18.3
1305.97,30.13,7.7,143.74,51.41,66.98,Red Soil,353,2,1.0,Co0238,363.74,6.76,82.4,8.8,35.6,17.8
1294.73,31.18,8.2,163.66,61.7,78.49,Alluvial,374,3,0.96,CoM0265,466.58,6.73,72.6,13.2,32.8,19.2
1724.4,33.46,8.9,202.12,75.44,89.24,Clay Loam,400,4,1.0,Co0238,512.23,6.87,98.0,7.7,41.4,14.0
1292.09,31.31,8.08,168.02,63.47,75.21,Alluvial,367,3,1.0,CoM0265,449.03,6.6,78.6,13.4,28.1,18.1
1186.0,29.77,7.74,131.81,49.97,62.13,Red Soil,340,2,1.0,Co86032,336.02,6.68,77.7,8.2,29.2,20.8
909.04,27.59,7.11,112.94,43.27,58.24,Sandy Loam,323,4,0.0,Co0238,196.12,6.87,83.0,10.0,22.5,16.1
1341.72,30.08,7.71,140.7,49.23,69.73,Red Soil,350,2,1.0,Co0238,348.27,6.96,81.6,13.9,31.3,16.1
938.21,27.18,7.25,112.72,41.23,58.06,Sandy Loam,329,4,0.0,Co0238,202.52,6.53,75.5,9.0,27.8,18.1
1459.49,32.41,8.46,182.6,65.74,80.08,Alluvial,380,3,1.0,Co86032,490.76,6.84,92.5,8.0,30.1,14.3
1765.9,33.35,9.0,202.48,79.7,96.41,Alluvial,405,3,1.0,Co86032,530.16,7.03,89.2,11.8,35.3,17.3
1502.67,33.05,8.64,185.14,68.7,83.63,Clay Loam,376,3,1.0,Co86032,483.71,6.51,85.0,12.7,31.2,16.1
1582.08,32.1,8.38,172.96,61.87,76.9,Clay Loam,376,3,0.7,CoM0265,482.6,7.37,82.5,11.8,32.2,14.7
1031.97,29.26,7.28,129.42,48.43,61.07,Red Soil,344,2,0.04,CoM0265,221.39,6.83,74.4,7.7,20.6,17.5
1011.1,29.04,7.36,124.4,46.59,59.51,Red Soil,345,2,0.0,CoM0265,238.41,6.66,77.0,11.1,26.9,19.0
1893.2,34.49,9.05,226.02,79.96,102.9,Alluvial,416,3,0.94,CoM0265,567.16,6.79,98.0,7.4,40.4,16.5
1647.6,33.05,8.73,200.12,75.76,91.21,Clay Loam,390,3,1.0,CoM0265,502.53,6.43,94.1,13.0,32.7,15.3
1748.47,33.32,8.9,209.33,79.21,98.21,Alluvial,403,3,0.78,Co86032,537.98,6.88,90.6,10.0,34.7,15.3
1632.26,33.39,8.94,207.14,75.09,91.8,Clay Loam,394,3,0.98,CoM0265,506.87,7.03,88.7,15.1,36.7,20.5
1017.7,29.29,7.29,133.89,47.42,63.74,Red Soil,338,2,0.0,CoM0265,209.34,6.92,74.4,8.1,25.7,20.4
800.74,26.57,6.91,100.0,40.0,50.0,Sandy Loam,320,5,0.0,Co0238,188.4,6.67,70.0,6.2,20.4,19.7
1771.57,34.0,8.95,207.64,77.21,97.63,Alluvial,407,3,1.0,CoM0265,545.39,6.29,95.9,7.0,37.6,14.2
1034.57,28.43,7.39,124.38,46.17,61.23,Red Soil,338,2,1.0,Co0238,332.33,6.48,82.1,12.0,29.0,20.8
837.49,27.01,6.99,103.05,42.15,51.24,Sandy Loam,323,5,0.83,Co86032,283.67,6.66,72.9,5.1,20.8,17.3
1609.55,32.13,8.31,171.17,61.62,81.15,Clay Loam,380,3,1.0,CoM0265,462.94,6.71,83.3,7.2,33.9,17.6
1152.22,29.42,7.64,140.99,47.84,64.11,Red Soil,343,2,0.99,Co86032,347.24,6.78,78.0,13.1,30.7,19.8
1316.15,31.32,8.14,163.86,59.77,75.48,Alluvial,376,3,0.85,CoM0265,466.89,7.05,85.1,13.9,27.0,18.6
1509.43,32.98,8.57,199.26,67.8,85.01,Clay Loam,389,4,1.0,Co0238,510.02,6.69,95.2,15.1,36.7,13.9
1423.57,31.67,8.38,183.7,67.45,84.21,Alluvial,380,3,0.92,Co0238,482.22,6.89,76.2,7.9,33.1,16.0
1733.12,33.33,8.99,206.81,80.67,93.87,Alluvial,404,3,0.93,Co86032,536.99,6.38,90.3,7.8,39.6,16.6
1162.93,29.29,7.58,134.81,50.43,64.09,Red Soil,341,2,0.99,Co86032,327.45,6.61,74.5,11.7,24.9,21.6
1517.97,32.49,8.59,191.81,68.22,82.76,Clay Loam,382,3,1.0,Co86032,502.13,6.65,77.8,8.0,30.1,17.9
1164.04,29.68,7.69,135.38,49.23,63.78,Red Soil,349,2,1.0,Co86032,332.13,7.1,76.8,12.0,36.2,22.5
1956.33,35.11,9.25,240.53,84.05,112.0,Alluvial,422,3,1.0,Co86032,577.54,6.62,97.0,10.0,44.7,14.7
1362.39,30.72,7.93,142.02,50.2,65.95,Red Soil,353,2,1.0,Co86032,361.55,6.99,79.5,8.1,34.6,18.3
1407.58,31.83,8.12,179.7,67.69,81.55,Alluvial,379,3,0.89,Co0238,473.43,6.84,78.8,7.2,31.3,14.6
1755.03,33.87,8.98,216.48,79.27,101.45,Alluvial,407,3,1.0,Co86032,562.21,6.66,84.5,4.8,39.7,17.3
1370.74,31.99,8.26,169.67,66.44,83.88,Alluvial,380,3,1.0,Co0238,484.96,6.95,86.2,8.2,25.2,17.3
1779.68,33.55,8.84,201.27,75.46,94.63,Clay Loam,399,4,0.9,Co0238,529.25,6.85,89.1,12.0,38.9,15.4
1321.15,30.91,8.08,151.09,52.49,66.71,Red Soil,355,2,0.82,Co86032,378.82,7.15,83.3,13.0,30.6,18.1
1124.83,30.87,7.7,157.2,55.39,69.94,Clay Loam,359,4,1.0,CoM0265,418.54,7.08,74.5,9.9,29.5,23.6
1278.3,29.97,7.75,135.76,52.77,67.1,Red Soil,351,2,1.0,Co0238,340.55,6.72,80.1,11.8,28.9,18.6
1491.36,32.46,8.63,182.02,68.15,85.99,Clay Loam,383,3,1.0,Co86032,513.41,6.91,88.9,9.4,33.4,14.4
918.03,27.4,7.07,114.08,41.52,57.06,Sandy Loam,325,5,0.87,Co86032,292.78,6.83,71.9,13.9,26.6,20.0
1438.79,32.69,8.52,185.32,68.09,83.62,Clay Loam,381,3,1.0,Co86032,502.3,6.73,77.1,12.3,30.7,19.8
894.9,27.62,6.96,108.22,42.43,53.64,Sandy Loam,327,4,1.0,CoM0265,309.41,6.56,65.9,8.6,23.1,19.8
1336.8,31.15,8.19,165.69,59.3,79.08,Alluvial,377,3,1.0,CoM0265,465.72,6.91,83.8,14.6,32.4,20.4
1318.79,31.49,8.12,149.46,59.77,71.28,Alluvial,366,3,0.97,CoM0265,444.93,6.73,71.6,6.3,33.4,20.4
1824.46,34.11,9.01,219.33,81.86,100.67,Alluvial,410,3,1.0,Co86032,541.98,6.79,97.4,6.9,38.5,14.0
1013.14,29.09,7.46,136.59,48.4,62.73,Red Soil,341,2,0.0,CoM0265,212.43,6.86,76.5,8.3,28.0,21.4
1351.27,30.65,7.94,141.58,53.49,68.99,Red Soil,352,2,0.97,Co86032,364.49,6.94,86.1,9.7,35.0,16.0
1776.55,33.93,9.04,213.73,78.69,97.23,Alluvial,412,3,1.0,CoM0265,540.75,7.18,84.1,13.0,37.1,14.3
1834.21,34.09,9.1,224.72,80.91,102.16,Alluvial,412,3,1.0,CoM0265,560.56,6.88,95.6,9.7,36.0,11.8
1795.68,34.31,9.1,224.73,81.12,101.37,Alluvial,416,3,0.96,Co86032,565.9,6.28,91.2,10.8,44.7,16.2
818.32,26.85,6.8,108.58,40.0,51.28,Sandy Loam,326,5,1.0,Co86032,281.04,6.46,66.1,12.8,20.7,19.7
1427.77,32.57,8.43,180.78,70.62,84.29,Clay Loam,385,3,0.97,Co86032,500.47,6.89,89.8,8.6,33.4,18.3
1008.15,28.15,7.38,130.47,45.59,62.48,Red Soil,335,2,1.0,Co0238,310.86,6.98,70.9,11.7,30.4,20.1
842.86,26.79,6.87,103.06,41.8,51.84,Sandy Loam,324,5,0.92,Co0238,264.54,6.8,77.1,14.6,30.5,21.6
1731.05,32.66,8.68,194.54,72.11,88.47,Clay Loam,394,4,0.0,Co0238,357.25,6.49,86.8,9.1,36.3,14.2
1500.98,32.88,8.59,190.15,70.56,82.73,Clay Loam,381,3,1.0,Co86032,472.04,6.32,75.0,12.9,35.2,17.3
1783.22,33.92,9.07,213.58,79.12,100.03,Alluvial,410,3,1.0,CoM0265,534.96,6.99,93.6,7.6,39.5,15.3
1026.56,28.18,7.16,121.13,47.73,62.08,Red Soil,332,2,0.94,Co0238,312.35,6.74,80.4,7.5,33.6,21.0
1882.63,33.95,9.13,222.93,80.64,101.16,Alluvial,413,3,1.0,Co86032,556.44,6.57,97.3,13.0,41.4,14.6
1970.0,35.2,9.22,242.69,85.64,108.83,Alluvial,422,3,1.0,Co86032,565.78,6.97,93.9,6.4,37.3,14.7
917.06,27.46,7.03,116.05,42.05,57.79,Sandy Loam,326,4,0.0,Co0238,188.4,6.59,79.7,11.3,28.8,17.7
928.65,27.35,6.99,111.5,44.28,58.96,Sandy Loam,330,4,0.89,CoM0265,289.99,7.29,67.0,9.9,23.1,16.3
1681.12,32.37,8.45,174.73,62.87,80.02,Clay Loam,376,3,0.94,CoM0265,466.52,6.92,81.7,16.7,43.5,16.0
819.38,26.75,6.84,107.9,41.65,53.09,Sandy Loam,325,5,0.99,Co0238,276.4,6.63,71.1,11.3,22.9,20.2
1779.84,33.91,9.06,221.02,80.53,96.4,Alluvial,406,3,1.0,CoM0265,528.77,6.9,92.1,2.5,31.8,17.0
1347.11,30.64,8.02,143.2,55.82,69.85,Red Soil,354,2,0.95,Co86032,362.34,7.0,82.2,9.1,32.8,16.3
810.98,26.5,6.99,104.53,40.0,50.0,Sandy Loam,320,5,0.0,Co0238,192.01,6.83,72.6,14.5,28.5,20.5
1132.62,30.57,7.87,150.86,55.16,69.96,Clay Loam,363,4,1.0,CoM0265,401.56,6.86,79.5,13.0,32.7,23.4
1278.21,31.15,8.17,163.94,60.29,74.4,Alluvial,371,3,1.0,CoM0265,466.94,6.63,81.5,10.3,36.3,20.1
1933.05,34.66,9.18,243.0,85.23,109.83,Alluvial,418,3,1.0,Co86032,579.92,6.81,88.9,4.0,36.6,15.4
800.0,26.68,6.8,100.64,40.0,50.0,Sandy Loam,322,5,0.0,Co0238,196.01,6.73,66.3,6.5,29.6,20.1
1356.38,29.64,7.61,138.6,50.39,66.03,Red Soil,349,2,1.0,Co0238,331.92,6.7,82.2,9.9,32.7,17.5
1763.73,33.58,8.93,210.71,75.46,96.65,Alluvial,404,3,1.0,Co86032,534.45,7.0,89.0,12.6,37.9,17.1
1497.84,33.28,8.77,184.95,68.32,84.38,Clay Loam,384,3,0.94,Co86032,492.95,6.92,83.2,9.2,34.7,19.0
1225.58,31.78,8.09,162.02,59.75,77.79,Alluvial,370,3,0.06,Co86032,321.91,6.82,68.0,12.4,26.1,16.5
886.32,27.16,6.9,113.11,40.42,58.24,Sandy Loam,328,4,0.96,CoM0265,298.19,6.84,79.2,9.4,28.5,20.8
1119.84,30.57,7.72,150.99,54.63,69.9,Clay Loam,363,4,1.0,CoM0265,430.46,6.83,76.9,11.0,25.0,17.6
1808.96,33.78,8.92,225.76,81.47,100.21,Alluvial,410,3,0.9,Co86032,551.07,6.95,89.6,9.8,38.2,15.6
1912.49,34.44,9.14,231.6,84.48,106.82,Alluvial,422,3,0.01,CoM0265,409.73,6.55,98.0,8.0,39.3,16.3
1055.69,30.33,7.93,145.08,56.27,72.65,Clay Loam,358,4,0.92,CoM0265,423.29,7.32,73.7,9.1,27.5,18.9
953.06,27.15,6.84,112.96,40.94,55.82,Sandy Loam,327,4,1.0,CoM0265,275.54,7.39,76.3,12.3,29.4,19.2
1406.9,32.21,8.23,177.76,66.73,80.93,Alluvial,378,3,0.89,Co0238,477.23,6.87,87.6,3.9,33.0,15.0
1392.24,30.53,7.98,145.99,52.18,67.23,Red Soil,360,2,1.0,Co86032,347.99,6.87,76.5,5.8,35.7,16.6
1866.34,34.21,8.84,225.35,81.16,104.84,Alluvial,411,3,1.0,CoM0265,554.93,6.78,86.5,11.2,39.0,14.1
1433.15,32.63,8.58,184.16,63.69,79.23,Alluvial,382,3,1.0,Co86032,478.09,6.91,79.4,8.9,32.2,18.4
1107.31,30.41,7.57,149.12,56.19,69.05,Clay Loam,359,4,1.0,CoM0265,426.01,6.5,77.4,12.3,29.8,18.3
1794.06,33.93,8.82,215.0,83.57,101.91,Alluvial,406,3,0.96,Co86032,564.53,6.33,87.7,8.1,36.2,16.8
1558.61,32.72,8.56,187.21,67.73,85.91,Clay Loam,384,4,1.0,Co0238,484.72,7.15,77.1,15.3,34.9,16.8
1189.36,29.74,7.81,135.73,48.27,64.63,Red Soil,347,2,0.84,Co86032,319.37,7.03,75.6,12.4,34.7,18.2
1362.67,30.28,7.95,147.01,52.06,66.5,Red Soil,354,2,0.99,Co86032,346.36,6.94,78.7,13.5,25.2,18.4
907.25,26.88,6.84,104.48,40.0,50.77,Sandy Loam,321,5,0.97,Co0238,264.53,6.73,78.6,9.1,29.8,21.5
1788.37,33.78,8.9,210.63,79.89,98.22,Alluvial,408,3,1.0,CoM0265,527.99,6.85,90.8,11.9,41.6,16.0
1538.64,33.06,8.65,186.64,72.57,85.16,Clay Loam,385,4,1.0,Co0238,499.56,7.1,93.1,11.2,32.5,20.3
1807.59,33.62,8.92,219.73,78.87,99.82,Alluvial,412,3,1.0,Co86032,530.9,7.03,94.7,12.0,41.1,19.5
1076.76,28.96,7.39,140.66,46.33,61.3,Red Soil,342,2,0.09,CoM0265,228.44,6.5,75.4,4.7,29.4,19.8
1776.92,33.44,8.6,203.48,77.48,93.27,Clay Loam,398,4,1.0,Co0238,516.33,6.42,93.9,8.5,36.5,14.7
1488.93,32.74,8.43,182.64,64.22,79.41,Alluvial,379,3,1.0,Co86032,490.98,6.93,83.6,9.6,35.5,16.7
1762.14,33.81,8.73,208.82,76.41,96.41,Alluvial,411,3,1.0,Co86032,540.73,6.81,88.3,8.4,43.0,15.4
1112.79,30.13,7.89,154.99,56.13,71.2,Clay Loam,360,4,1.0,CoM0265,421.16,7.04,89.6,12.7,32.1,17.8
1192.23,32.01,8.33,160.24,60.48,75.0,Alluvial,373,3,0.0,Co86032,305.59,7.06,80.0,10.2,31.5,19.9
1464.4,32.61,8.71,192.62,69.76,86.17,Clay Loam,388,4,1.0,Co0238,489.3,6.91,84.4,11.3,33.8,18.2
1227.93,31.52,8.05,160.41,59.62,74.88,Alluvial,368,3,0.02,Co86032,321.92,6.9,75.0,14.0,29.5,18.3
1966.19,35.02,9.3,243.0,85.76,111.99,Alluvial,422,3,1.0,Co86032,580.4,6.45,97.8,11.9,44.8,16.3
1645.89,33.2,8.92,201.35,75.06,91.22,Clay Loam,399,3,1.0,CoM0265,500.46,6.89,89.9,11.4,31.4,15.3
920.54,27.78,7.16,112.93,43.7,57.22,Sandy Loam,329,4,0.1,Co0238,198.53,6.54,71.3,2.3,26.1,19.3
822.13,26.5,7.13,103.42,42.04,50.62,Sandy Loam,320,5,0.0,Co0238,193.43,7.17,67.2,8.2,26.6,17.8
848.83,26.79,6.83,104.71,40.58,50.7,Sandy Loam,320,5,0.97,Co0238,276.77,6.75,67.4,13.6,25.8,21.0
1905.58,34.65,9.16,229.31,82.7,106.83,Alluvial,420,3,0.1,CoM0265,395.46,6.99,83.5,6.2,42.9,15.1
1793.12,34.18,8.96,213.62,81.03,99.05,Alluvial,409,3,0.83,CoM0265,524.26,6.98,84.6,12.9,46.1,18.2
1772.27,33.78,8.82,211.73,80.18,99.38,Alluvial,408,3,1.0,CoM0265,539.11,6.78,92.6,8.9,28.6,16.2
1569.76,32.53,8.48,192.95,72.13,86.04,Alluvial,392,3,0.87,Co86032,510.76,6.56,94.7,11.6,39.5,18.1
1807.8,33.86,9.07,221.66,79.86,101.17,Alluvial,409,3,0.95,Co86032,554.7,6.68,90.4,7.4,40.1,14.7
1746.62,33.6,8.89,209.0,78.83,95.76,Alluvial,406,3,0.94,Co86032,518.6,6.98,93.1,12.2,32.5,16.7
1401.34,30.55,7.79,149.27,53.81,67.92,Red Soil,358,2,0.83,Co86032,354.91,6.7,81.2,7.2,30.0,19.8
1599.91,33.14,8.8,202.47,73.42,92.18,Clay Loam,394,3,0.89,CoM0265,505.05,6.72,89.1,14.4,35.7,16.5
1129.48,29.05,7.27,129.87,47.44,63.07,Red Soil,343,2,0.0,CoM0265,213.87,7.0,72.5,10.8,30.4,18.1
1899.98,35.2,9.29,243.0,86.0,112.0,Alluvial,419,3,0.98,Co86032,580.4,6.7,92.7,5.9,35.9,15.1
1134.53,29.18,7.49,127.09,49.93,63.56,Red Soil,345,2,0.98,Co86032,333.04,6.7,75.3,13.9,25.3,20.4
1473.41,32.83,8.75,193.39,72.97,86.8,Clay Loam,384,4,1.0,Co0238,485.77,7.03,86.3,5.1,33.5,21.8
1804.38,34.05,9.12,225.63,78.63,99.79,Alluvial,410,3,0.86,Co86032,553.37,6.91,88.3,12.6,37.3,14.0
1053.49,28.99,7.26,131.4,49.97,60.77,Red Soil,343,2,0.0,CoM0265,225.36,6.95,72.1,6.3,24.4,18.6
1686.48,32.36,8.73,195.66,73.65,90.85,Clay Loam,393,4,0.09,Co0238,355.26,6.72,81.9,7.1,40.6,16.4
800.0,26.5,6.8,102.92,40.6,52.38,Sandy Loam,322,5,0.9,Co86032,271.04,6.51,66.1,9.7,23.5,20.1
1128.38,29.43,7.72,133.79,49.19,61.49,Red Soil,349,2,0.96,Co86032,317.64,7.05,77.4,15.3,25.9,20.6
1411.35,31.77,8.06,173.82,67.94,79.19,Alluvial,380,3,0.86,Co0238,473.07,6.78,88.0,12.8,36.2,18.5
1218.27,31.39,8.24,158.8,60.28,76.61,Alluvial,373,3,0.0,Co86032,311.89,6.73,79.5,10.3,28.8,17.9
832.21,26.83,6.91,101.52,40.0,50.0,Sandy Loam,322,5,1.0,Co86032,283.17,6.82,69.0,7.1,29.4,20.2
1319.68,31.6,8.34,160.04,60.53,77.04,Alluvial,371,3,1.0,CoM0265,470.41,6.36,84.8,10.0,24.9,17.5
1049.94,30.19,7.73,150.05,54.56,66.21,Clay Loam,360,4,0.82,CoM0265,427.46,6.93,82.0,10.9,27.0,19.5
1547.95,32.59,8.63,195.03,70.75,84.57,Alluvial,385,3,0.77,Co86032,506.03,6.58,95.4,3.9,28.5,16.8
1799.3,33.73,8.75,206.23,78.73,95.79,Alluvial,409,3,0.76,Co86032,531.18,7.06,95.2,7.5,39.6,18.1
1826.79,33.5,9.01,225.59,80.9,102.08,Alluvial,415,3,1.0,Co86032,552.02,6.48,95.0,15.4,39.8,17.1
834.27,26.92,6.92,105.52,40.25,52.58,Sandy Loam,325,5,1.0,Co0238,295.83,6.91,78.3,10.8,24.4,22.4
867.84,27.19,7.03,109.39,40.76,53.86,Sandy Loam,326,5,1.0,Co86032,275.49,6.68,77.5,9.9,27.0,22.2
1061.74,28.7,7.17,134.62,46.68,61.49,Red Soil,341,2,0.0,CoM0265,213.18,7.02,75.4,8.7,31.3,18.4
1882.11,34.83,9.1,225.06,84.62,104.2,Alluvial,415,3,0.0,CoM0265,402.39,6.84,94.2,6.2,38.7,15.2
1656.18,32.18,8.57,193.92,72.2,85.04,Clay Loam,391,4,0.0,Co0238,360.97,7.15,87.4,11.3,33.0,16.3
1640.12,31.69,8.55,171.92,63.19,80.86,Clay Loam,376,3,0.88,CoM0265,465.48,6.75,86.4,5.2,41.4,15.5
1861.56,34.59,9.07,225.87,80.97,104.37,Alluvial,413,3,0.83,CoM0265,558.94,6.88,91.6,11.7,36.2,15.3
800.0,26.93,7.12,100.0,41.44,53.28,Sandy Loam,323,5,0.0,Co0238,192.88,6.88,72.2,11.4,21.7,19.6
1850.94,34.41,9.24,237.32,83.45,107.76,Alluvial,419,3,0.0,CoM0265,408.99,6.55,86.0,11.1,41.9,17.2
1527.88,32.69,8.59,189.3,68.31,86.27,Clay Loam,388,4,1.0,Co0238,493.67,6.87,80.7,7.5,31.6,16.6
1688.34,33.22,8.84,206.75,77.29,89.99,Clay Loam,397,4,1.0,Co0238,513.93,7.07,85.6,9.0,36.3,17.2
1631.78,32.17,8.58,170.6,64.99,78.99,Clay Loam,379,3,0.97,CoM0265,483.56,6.75,98.0,4.5,32.8,17.3
1125.59,29.97,7.97,138.69,51.3,64.65,Red Soil,349,2,0.84,Co86032,340.8,6.87,74.5,5.4,27.3,19.6
1789.17,34.31,8.85,215.54,80.33,101.28,Alluvial,409,3,0.96,CoM0265,533.45,6.78,98.0,13.1,43.5,18.6
1903.94,33.98,9.05,226.03,81.91,98.47,Alluvial,408,3,1.0,CoM0265,553.18,6.74,93.2,7.5,41.3,16.2
1076.4,28.79,7.22,125.5,48.06,63.44,Red Soil,338,2,0.0,CoM0265,224.63,6.8,79.3,12.3,31.3,17.9
970.83,27.77,7.33,118.98,43.31,58.83,Sandy Loam,330,4,0.0,Co0238,189.72,6.78,72.5,11.2,28.1,17.3
1702.54,33.62,8.93,204.34,78.01,91.16,Clay Loam,401,4,0.94,Co0238,527.72,6.89,91.9,12.8,36.6,15.5
1504.09,33.01,8.66,186.6,71.3,84.16,Clay Loam,382,4,1.0,Co0238,500.88,7.04,89.1,12.0,33.6,16.8
1340.96,30.53,7.89,143.08,52.0,67.25,Red Soil,352,2,0.99,Co86032,361.38,6.85,81.0,10.9,37.8,19.8
999.3,28.59,7.54,122.69,46.46,65.23,Red Soil,337,2,0.81,Co0238,326.74,6.48,62.6,11.3,28.3,17.1
903.5,27.0,7.05,105.55,41.04,54.08,Sandy Loam,325,5,1.0,Co86032,281.69,6.48,78.8,6.7,24.8,16.8
1030.26,28.58,7.57,128.56,46.08,61.14,Red Soil,336,2,1.0,Co0238,326.34,7.0,70.3,6.0,29.3,19.2
992.98,28.77,7.31,130.13,44.15,59.31,Red Soil,329,2,1.0,Co0238,307.42,6.36,73.2,10.1,27.9,19.3
1166.44,29.33,7.76,132.74,50.8,61.77,Red Soil,345,2,0.95,Co86032,321.45,6.81,74.4,5.2,23.9,19.1
1239.14,31.09,7.85,153.54,56.92,70.59,Alluvial,369,3,0.9,CoM0265,449.25,6.69,82.9,4.4,28.5,18.4
878.82,27.66,7.35,111.57,43.53,60.19,Sandy Loam,331,4,0.07,Co0238,188.77,6.92,66.0,3.9,23.4,20.1
1750.87,34.22,8.91,213.72,79.54,98.93,Alluvial,413,3,1.0,CoM0265,538.32,6.81,94.1,8.4,36.2,18.1
1653.89,33.25,8.79,200.5,75.33,90.38,Clay Loam,395,3,1.0,CoM0265,517.63,6.84,83.2,7.0,32.0,19.0
898.77,26.8,6.88,108.19,40.0,54.64,Sandy Loam,330,5,0.81,Co86032,276.74,6.9,74.9,12.5,23.9,19.3
1709.28,34.09,9.14,217.26,81.7,98.99,Alluvial,407,3,0.98,CoM0265,557.72,6.7,93.8,10.0,33.8,15.6
1527.93,32.91,8.65,186.3,70.18,84.93,Clay Loam,382,3,1.0,Co86032,491.19,6.88,84.5,8.7,29.4,16.8
1283.42,31.61,8.15,163.89,61.18,76.72,Alluvial,372,3,0.8,CoM0265,483.16,6.85,78.0,13.9,27.1,17.6
1775.64,33.87,8.94,218.16,79.88,97.33,Alluvial,411,3,0.88,CoM0265,532.73,6.88,85.4,9.8,33.9,16.1
1028.03,28.44,7.33,121.09,45.93,61.14,Red Soil,338,2,0.84,Co0238,320.34,7.04,75.8,10.8,21.7,20.7
1847.08,34.23,9.01,217.82,81.7,102.81,Alluvial,413,3,1.0,Co86032,553.13,6.82,93.6,13.7,43.5,14.7
1888.68,34.52,9.25,226.57,79.89,104.44,Alluvial,414,3,0.04,CoM0265,391.25,6.86,90.7,6.4,43.4,15.4
1160.96,29.57,7.66,139.45,47.94,62.94,Red Soil,351,2,0.94,Co86032,326.4,6.57,83.1,7.5,31.8,17.4
1906.37,34.66,9.08,230.58,79.7,104.88,Alluvial,414,3,0.0,CoM0265,391.35,6.6,87.5,4.0,35.1,15.1
801.99,26.93,6.95,105.78,41.36,56.56,Sandy Loam,320,5,0.99,Co86032,287.52,6.72,74.0,5.7,24.4,20.2
1895.23,34.51,8.92,222.17,79.41,101.74,Alluvial,414,3,0.89,CoM0265,553.93,6.98,91.0,12.1,39.9,16.6
1787.13,33.56,9.03,222.37,78.84,97.81,Alluvial,408,3,1.0,Co86032,542.18,7.13,82.3,9.4,39.9,17.6
1723.18,33.39,8.76,200.58,76.82,90.3,Clay Loam,402,4,0.95,Co0238,510.28,7.13,89.1,6.0,34.6,15.4
1292.2,30.71,8.1,146.41,51.28,69.3,Red Soil,357,2,1.0,Co86032,352.94,6.85,83.9,9.2,29.6,18.4
824.71,26.81,6.81,101.01,42.28,50.49,Sandy Loam,320,5,1.0,Co86032,261.04,6.97,67.2,9.8,31.3,18.7
1766.46,33.84,8.9,216.91,78.42,99.28,Alluvial,410,3,0.97,CoM0265,552.71,6.7,98.0,12.1,35.2,16.5
1684.3,32.6,8.78,197.79,73.97,89.0,Clay Loam,391,4,0.08,Co0238,364.58,6.61,86.3,5.9,35.7,14.3
1874.08,34.13,9.12,220.32,83.24,100.65,Alluvial,410,3,0.98,CoM0265,558.85,6.94,93.5,15.8,38.9,16.5
1547.02,32.83,8.55,185.9,69.87,84.4,Clay Loam,386,3,1.0,Co86032,510.59,6.87,77.0,11.8,32.9,16.7
1762.67,33.74,8.78,221.6,79.16,98.91,Alluvial,409,3,0.96,Co86032,535.38,6.59,92.5,7.0,36.4,18.1
1629.25,33.27,8.69,203.99,75.6,91.24,Clay Loam,396,3,1.0,CoM0265,528.13,6.62,95.6,9.7,26.9,17.8
1775.61,33.82,8.95,204.27,77.95,94.72,Alluvial,410,3,1.0,Co86032,533.94,6.97,97.9,9.7,34.5,18.9
1636.14,33.07,8.88,202.15,75.28,87.33,Clay Loam,396,3,0.94,CoM0265,513.9,6.97,89.2,10.5,37.7,17.8
1787.58,33.87,9.11,215.05,81.14,99.26,Alluvial,411,3,0.94,CoM0265,543.66,7.19,96.8,8.9,42.1,16.2
1970.0,35.08,9.28,237.11,86.0,109.91,Alluvial,419,3,0.88,Co86032,574.57,6.95,94.6,12.2,43.8,15.6
829.27,26.5,6.81,110.42,42.2,51.22,Sandy Loam,321,5,1.0,Co86032,259.39,6.82,78.3,9.6,23.8,22.6
1150.6,29.13,7.45,133.39,50.86,64.05,Red Soil,346,2,0.89,Co86032,324.74,6.69,74.8,8.0,26.4,18.8
1456.86,32.74,8.48,185.12,69.99,84.86,Clay Loam,381,3,1.0,Co86032,494.94,6.9,87.1,6.9,34.9,17.7
1446.22,31.48,8.41,180.69,67.98,83.28,Alluvial,379,3,1.0,Co0238,492.14,6.8,87.5,7.4,30.4,18.5
1703.82,33.66,8.69,205.0,77.74,92.86,Clay Loam,402,4,0.95,Co0238,519.55,6.89,86.9,9.5,36.4,14.9
1820.23,33.97,9.0,223.31,79.94,97.07,Alluvial,411,3,1.0,CoM0265,536.49,6.66,92.9,12.9,40.9,17.0
1761.82,33.6,8.85,217.49,78.64,102.5,Alluvial,412,3,0.91,CoM0265,532.28,6.71,84.8,16.2,41.1,16.3
862.11,26.6,6.83,104.3,40.06,51.99,Sandy Loam,320,5,0.84,Co0238,290.86,6.78,68.9,7.1,23.6,17.1
1298.85,31.34,8.1,159.85,58.97,73.81,Alluvial,367,3,0.98,CoM0265,450.15,6.62,85.2,8.4,29.6,18.5
1653.26,33.02,8.89,201.66,72.03,89.84,Clay Loam,392,3,0.97,CoM0265,502.79,7.04,84.3,8.8,40.3,16.8
1288.85,30.01,7.34,144.69,52.14,67.16,Red Soil,354,2,0.99,Co0238,355.4,6.98,77.5,5.9,33.0,19.3
1722.59,32.47,8.73,196.48,73.51,90.39,Clay Loam,390,4,0.0,Co0238,350.77,6.59,95.0,4.3,39.1,14.8
1041.91,28.19,7.24,124.67,45.81,61.05,Red Soil,334,2,0.86,Co0238,339.51,6.58,78.4,9.7,27.7,18.3
1303.16,31.18,8.15,162.2,61.0,74.25,Alluvial,373,3,1.0,CoM0265,470.0,6.81,91.3,9.9,31.4,18.3
968.68,28.33,7.62,121.12,47.95,60.65,Red Soil,333,2,0.77,Co0238,329.9,6.65,68.3,14.0,25.9,21.0
1348.14,31.35,8.31,161.07,61.72,75.32,Alluvial,379,3,0.9,CoM0265,477.17,6.75,92.7,10.9,32.1,19.3
843.43,26.88,6.8,109.77,40.82,50.2,Sandy Loam,321,5,0.88,Co86032,267.75,6.79,63.8,9.2,26.3,21.5
1814.2,34.07,8.91,220.72,77.9,100.33,Alluvial,410,3,1.0,Co86032,547.86,6.65,95.1,11.4,41.9,18.1
872.11,26.91,7.1,119.82,41.77,57.82,Sandy Loam,331,5,0.98,Co86032,283.39,6.83,82.1,10.5,24.5,19.9
1814.03,33.97,8.84,219.55,80.04,99.65,Alluvial,408,3,1.0,CoM0265,544.15,7.19,98.0,8.4,35.8,14.4
1659.42,33.39,8.72,201.57,75.31,90.06,Clay Loam,394,3,0.96,CoM0265,492.62,6.55,88.0,9.9,36.0,14.8
1567.05,32.13,8.62,171.99,63.58,79.12,Clay Loam,374,3,1.0,CoM0265,459.52,6.97,87.2,8.2,37.7,18.5
1942.45,34.32,9.24,232.05,85.02,105.46,Alluvial,415,3,0.08,CoM0265,408.19,6.74,97.0,8.1,40.3,16.5
935.07,26.91,6.87,109.04,40.0,52.66,Sandy Loam,328,5,0.96,Co86032,297.62,6.97,75.6,8.0,20.1,18.3
896.03,27.31,7.03,115.67,42.72,61.11,Sandy Loam,331,4,0.01,Co0238,198.13,6.84,67.0,12.1,25.4,19.1
1202.62,31.25,7.95,158.65,59.73,72.68,Alluvial,371,3,0.0,Co86032,321.36,6.71,84.3,11.4,29.3,20.5
1922.37,34.99,9.18,236.13,84.96,110.53,Alluvial,421,3,0.9,Co86032,562.41,7.02,98.0,3.6,37.5,13.3
948.99,27.48,7.17,112.9,43.7,57.5,Sandy Loam,329,4,0.0,Co0238,188.4,6.76,74.3,11.7,27.1,15.1
1750.95,33.61,8.81,218.46,81.2,97.21,Alluvial,411,3,1.0,CoM0265,529.37,6.75,94.2,8.0,40.2,15.6
1766.38,33.82,8.97,224.53,77.74,95.4,Alluvial,408,3,0.97,CoM0265,543.43,7.11,82.5,7.2,39.0,17.7
1354.81,30.58,7.7,147.08,52.24,66.41,Red Soil,357,2,1.0,Co86032,363.81,6.56,82.9,4.2,34.6,20.1
806.72,26.65,6.8,104.13,40.0,51.04,Sandy Loam,325,5,0.0,Co0238,188.4,6.67,72.7,14.8,24.3,21.9
1940.78,35.2,9.29,241.73,85.97,108.31,Alluvial,418,3,1.0,Co86032,571.52,6.76,90.6,9.4,36.1,17.4
930.87,27.43,7.02,120.56,42.26,56.82,Sandy Loam,331,4,0.05,Co0238,188.4,6.9,77.3,6.7,24.6,18.3
1715.95,32.43,8.64,202.24,71.62,88.02,Clay Loam,394,4,0.19,Co0238,354.38,7.04,93.2,7.5,38.5,17.3
1705.11,32.75,8.41,193.79,73.62,88.93,Clay Loam,390,4,0.04,Co0238,379.68,6.65,89.5,11.1,36.0,16.6
945.22,28.07,7.05,110.65,43.73,60.8,Sandy Loam,329,4,0.0,Co0238,188.4,6.67,73.1,15.8,18.8,23.3
1680.05,32.87,8.76,197.57,76.69,92.55,Clay Loam,397,3,0.97,CoM0265,497.38,6.81,87.8,6.9,34.3,13.9
1498.68,33.13,8.73,189.43,69.47,87.38,Clay Loam,388,4,0.9,Co0238,482.33,6.85,76.9,12.1,34.0,20.1
1521.48,33.14,8.61,197.75,71.49,87.6,Clay Loam,393,4,0.84,Co0238,506.22,6.99,82.1,10.1,38.0,19.3
1769.74,33.54,8.9,202.19,75.98,95.78,Alluvial,402,3,0.95,Co86032,523.44,6.47,89.7,4.1,34.8,15.8
911.53,27.22,7.1,112.15,43.34,54.37,Sandy Loam,322,5,0.9,Co86032,279.19,6.57,72.7,12.2,22.0,18.7
1671.93,33.32,8.65,196.38,76.72,90.66,Clay Loam,395,3,1.0,CoM0265,504.73,7.18,81.9,10.9,35.6,18.8
1826.33,33.97,8.81,219.28,79.44,102.06,Alluvial,407,3,1.0,Co86032,538.5,6.68,96.2,13.3,37.4,15.6
950.15,28.01,7.23,115.46,44.62,61.01,Red Soil,327,2,1.0,Co0238,323.97,6.55,71.4,12.2,24.6,18.6
1298.82,29.69,7.37,145.51,49.47,65.36,Red Soil,347,2,0.82,Co0238,356.86,7.17,84.5,7.2,33.2,18.4
1418.17,33.14,8.63,188.52,68.74,84.72,Clay Loam,385,3,1.0,Co86032,500.95,6.72,76.5,9.3,38.5,16.1
1084.18,30.65,7.74,156.85,56.94,72.43,Clay Loam,363,4,0.83,CoM0265,433.6,6.83,80.9,9.8,25.2,17.7
904.06,27.67,6.87,114.65,44.12,59.6,Sandy Loam,323,4,0.17,Co0238,188.4,6.89,77.8,12.1,27.4,19.8
1855.35,34.26,9.18,223.8,82.3,102.38,Alluvial,413,3,1.0,CoM0265,554.16,6.92,96.8,13.0,40.9,17.4
1780.9,34.01,9.07,213.7,80.09,98.66,Alluvial,411,3,0.89,CoM0265,520.94,6.87,85.6,9.2,38.0,15.6
1341.09,29.97,7.73,144.18,52.63,68.12,Red Soil,352,2,1.0,Co0238,361.89,6.5,79.3,12.0,24.3,16.5
817.89,26.5,6.92,107.33,40.41,50.0,Sandy Loam,323,5,0.0,Co0238,191.69,6.79,75.8,13.0,23.8,21.4
904.32,27.4,7.02,114.8,40.52,61.22,Sandy Loam,329,4,0.0,Co0238,190.42,6.76,78.7,9.1,24.7,19.7
917.08,27.18,7.1,104.62,40.57,55.34,Sandy Loam,320,4,0.81,CoM0265,289.17,6.7,66.0,10.4,28.2,17.6
1475.86,32.6,8.31,192.91,69.91,83.31,Clay Loam,383,3,0.97,Co86032,495.71,6.88,90.0,10.2,34.8,17.4
1715.34,32.7,8.71,185.4,75.9,89.02,Clay Loam,392,4,0.09,Co0238,386.83,6.85,92.9,10.7,40.3,18.2
1817.55,33.38,8.93,208.27,79.68,98.77,Alluvial,405,3,0.9,CoM0265,534.18,6.82,90.0,12.2,36.3,17.0
1259.21,29.63,7.72,139.57,50.37,67.44,Red Soil,344,2,0.89,Co0238,352.19,6.91,83.1,14.5,32.5,18.8
1670.19,32.0,8.57,165.7,63.94,77.32,Clay Loam,379,3,0.86,CoM0265,461.91,7.09,84.7,13.6,40.2,19.1
1625.44,32.02,8.45,172.0,62.63,78.16,Clay Loam,377,3,1.0,CoM0265,449.88,6.8,86.6,3.3,32.3,13.1
822.94,26.62,6.8,100.0,43.11,51.24,Sandy Loam,320,5,1.0,Co86032,260.44,6.58,77.9,10.8,31.1,17.1
1126.85,30.13,7.76,147.57,55.98,70.33,Clay Loam,361,4,1.0,CoM0265,407.84,6.96,82.4,9.0,24.4,19.7
1184.51,29.5,7.6,132.65,51.9,64.16,Red Soil,346,2,1.0,Co86032,315.67,6.81,78.5,2.0,33.7,19.2
1062.76,29.14,7.36,128.75,47.93,63.05,Red Soil,339,2,0.0,CoM0265,215.07,6.97,83.5,4.1,24.0,21.1
1825.38,34.37,8.94,228.96,81.5,102.42,Alluvial,410,3,0.85,CoM0265,550.07,6.65,87.6,8.8,45.3,18.7
800.0,26.73,6.81,104.41,41.74,51.93,Sandy Loam,321,5,1.0,Co86032,275.37,6.93,67.9,9.4,20.3,19.8
1351.59,30.74,8.03,145.95,53.71,70.27,Red Soil,358,2,1.0,Co86032,360.09,6.86,82.0,11.4,33.2,19.3
802.02,26.5,6.8,101.55,41.32,51.05,Sandy Loam,324,5,0.97,Co86032,260.85,6.75,75.2,12.6,25.0,18.1
1469.47,33.07,8.52,192.65,70.89,85.11,Clay Loam,386,4,1.0,Co0238,490.29,6.88,81.8,8.8,33.0,18.6
1938.28,34.76,9.3,242.06,86.0,110.08,Alluvial,421,3,0.98,Co86032,579.66,6.65,93.0,15.4,40.1,16.2
1728.81,33.17,8.7,205.74,76.63,89.05,Clay Loam,399,4,1.0,Co0238,519.26,6.7,88.9,10.1,34.7,17.0
1520.97,32.4,8.64,185.81,67.57,83.31,Clay Loam,388,3,0.83,Co86032,491.37,6.2,84.1,5.1,31.1,18.0
1806.73,34.6,8.74,227.96,80.83,102.81,Alluvial,412,3,1.0,CoM0265,542.56,6.51,90.1,11.8,42.5,15.4
1558.75,33.28,8.73,197.6,73.22,89.63,Alluvial,391,3,1.0,Co86032,518.01,6.94,82.4,10.9,39.0,19.0
936.16,27.48,7.13,108.23,43.39,56.73,Sandy Loam,328,4,1.0,CoM0265,293.67,6.81,78.1,7.1,23.6,18.0
1835.0,34.75,8.93,228.1,81.6,104.58,Alluvial,414,3,1.0,CoM0265,557.41,6.48,91.5,7.5,40.0,15.2
1236.42,31.34,7.93,160.79,58.89,71.79,Alluvial,365,3,1.0,CoM0265,435.79,6.66,83.7,5.2,29.8,16.9
1460.06,32.69,8.57,183.31,70.51,82.5,Clay Loam,379,3,1.0,Co86032,490.81,6.56,85.0,6.5,34.3,19.3
1528.82,33.05,8.71,189.1,71.53,84.7,Alluvial,386,3,0.98,Co86032,519.51,6.93,81.7,8.5,36.1,18.3
989.94,28.72,7.13,122.89,45.21,61.74,Red Soil,332,2,1.0,Co0238,319.69,6.96,73.7,8.3,27.5,18.9
1667.29,33.54,8.61,201.13,77.94,92.82,Clay Loam,397,4,0.98,Co0238,531.69,7.0,93.7,8.7,36.5,15.7
1778.16,33.58,8.97,212.45,79.29,97.52,Alluvial,411,3,1.0,CoM0265,509.26,6.74,88.1,9.6,40.6,15.7
1506.64,32.95,8.54,190.36,70.85,86.03,Clay Loam,386,4,0.92,Co0238,507.81,6.98,85.1,10.5,28.1,19.7
1420.57,32.04,8.31,176.81,69.5,85.11,Alluvial,381,3,0.89,Co0238,477.99,6.88,82.9,11.1,29.2,18.4
1259.46,31.64,8.03,158.76,61.05,75.07,Alluvial,370,3,0.0,Co86032,306.54,6.7,79.5,11.1,28.2,19.8
1303.03,31.06,7.94,167.56,61.08,75.08,Alluvial,373,3,1.0,CoM0265,471.73,6.62,73.2,12.4,29.6,16.8
1229.04,31.61,8.25,161.6,61.55,76.19,Alluvial,371,3,0.01,Co86032,314.52,6.75,80.5,5.5,27.7,20.6
1753.95,33.33,8.82,217.17,79.01,99.92,Alluvial,408,3,0.82,CoM0265,531.37,6.75,86.0,14.6,32.0,16.4
897.67,26.87,7.14,104.0,40.63,54.65,Sandy Loam,320,5,0.94,Co0238,277.08,6.94,73.1,9.0,23.4,19.3
1696.72,32.33,8.65,196.46,70.82,89.54,Clay Loam,389,4,0.0,Co0238,343.52,6.59,93.7,11.6,34.8,17.0
1188.03,29.46,7.55,138.64,48.4,65.34,Red Soil,345,2,0.95,Co86032,339.87,6.98,75.6,15.5,34.6,18.6
1119.5,30.59,7.88,151.07,56.97,70.08,Clay Loam,363,4,0.97,CoM0265,427.03,6.92,72.0,10.6,35.3,18.0
1799.71,33.67,8.78,209.29,80.97,99.17,Alluvial,408,3,1.0,Co86032,522.96,6.52,84.8,11.3,37.0,15.4
846.18,27.68,7.01,104.95,43.28,55.19,Sandy Loam,323,5,1.0,Co86032,290.65,6.91,68.4,5.1,21.3,19.4
1549.98,32.24,8.35,168.44,61.81,78.59,Clay Loam,375,3,1.0,CoM0265,464.85,6.64,78.8,11.1,40.1,18.6
1742.41,33.31,8.71,205.55,74.83,91.48,Clay Loam,397,3,0.96,CoM0265,487.72,6.78,92.7,10.0,36.3,17.1
832.81,27.05,6.8,104.98,41.27,52.87,Sandy Loam,324,5,1.0,Co0238,267.97,6.9,71.6,10.2,25.8,18.3
1593.16,32.85,8.73,192.99,72.24,86.48,Alluvial,393,3,1.0,Co86032,501.03,7.11,88.7,9.8,32.7,14.0
1702.64,33.68,8.82,209.98,74.9,89.72,Clay Loam,403,4,0.95,Co0238,522.66,6.89,92.0,8.7,36.2,17.8
1065.32,30.33,7.91,141.28,53.23,69.36,Clay Loam,358,4,1.0,CoM0265,432.89,6.76,68.0,10.6,24.5,18.0
1747.68,33.52,8.75,202.46,77.26,93.52,Clay Loam,405,4,0.89,Co0238,524.48,6.7,97.3,11.1,37.7,19.5
1229.56,31.6,8.07,159.22,58.99,73.28,Alluvial,373,3,0.14,Co86032,320.98,6.73,73.8,8.5,32.2,17.7
1888.02,34.5,9.04,226.0,78.75,103.03,Alluvial,408,3,1.0,CoM0265,558.74,6.74,86.5,11.5,34.7,15.4
848.11,26.5,6.86,106.56,42.43,51.25,Sandy Loam,322,5,0.95,Co0238,272.03,6.95,83.0,10.8,28.1,17.9
830.12,26.76,6.99,104.42,40.25,51.46,Sandy Loam,322,5,1.0,Co86032,284.68,6.4,70.4,7.3,30.3,19.0
918.54,26.99,6.84,105.31,40.77,54.12,Sandy Loam,322,5,1.0,Co0238,268.69,6.88,75.7,11.6,25.0,19.3
1104.91,30.47,7.93,152.84,57.11,72.31,Clay Loam,364,4,1.0,CoM0265,413.09,7.2,80.6,8.1,29.5,17.8
1901.72,34.33,9.21,235.78,82.49,107.09,Alluvial,417,3,0.23,CoM0265,403.75,6.94,86.1,8.7,42.5,16.6
1884.79,34.35,9.15,222.77,81.24,102.22,Alluvial,416,3,1.0,CoM0265,564.94,6.38,98.0,2.0,39.8,15.2
1588.21,32.1,8.29,166.85,62.19,77.11,Clay Loam,375,3,1.0,CoM0265,450.92,7.1,76.7,16.0,37.3,18.3
1260.62,29.41,7.57,137.72,49.88,64.7,Red Soil,348,2,0.91,Co0238,340.28,6.57,86.4,8.5,33.8,19.2
1736.17,33.68,8.92,216.32,79.15,97.04,Alluvial,403,3,1.0,CoM0265,527.35,6.76,90.2,11.0,39.9,13.0
1263.26,30.86,8.03,154.41,56.26,70.4,Alluvial,358,3,0.97,CoM0265,448.19,6.96,75.3,8.3,29.1,20.1
1821.16,34.31,9.0,223.45,83.44,101.56,Alluvial,412,3,1.0,CoM0265,541.85,7.25,98.0,11.2,40.6,16.0
854.33,26.89,6.84,100.0,41.34,52.62,Sandy Loam,320,5,1.0,Co0238,288.87,6.92,64.6,14.4,30.2,20.6
1558.62,32.96,8.7,196.03,70.16,86.94,Alluvial,389,3,0.95,Co86032,500.9,6.71,82.3,13.1,37.6,18.4
876.15,27.42,6.96,112.62,42.64,57.42,Sandy Loam,324,4,0.89,CoM0265,293.46,7.05,77.9,6.8,25.9,21.6
1843.08,34.12,9.13,218.13,80.52,101.65,Alluvial,413,3,0.95,Co86032,539.18,6.65,94.5,9.9,42.9,14.6
1665.47,33.22,8.95,199.22,74.82,89.97,Clay Loam,400,3,0.99,CoM0265,520.04,7.13,98.0,14.7,35.9,16.4
1542.9,33.14,8.8,194.29,71.27,83.6,Clay Loam,391,4,1.0,Co0238,501.8,7.0,90.1,11.1,35.7,17.3
1501.32,32.57,8.59,196.91,69.59,84.97,Clay Loam,383,4,0.93,Co0238,517.68,6.7,83.4,10.9,41.6,15.8
1354.17,31.7,8.23,177.88,68.73,82.93,Alluvial,381,3,0.99,Co0238,477.46,6.63,83.7,13.4,30.5,17.6
1744.96,34.05,8.7,207.28,77.0,97.25,Alluvial,405,3,0.74,Co86032,534.47,6.55,94.3,6.8,35.3,14.5
1318.81,31.19,8.08,156.58,56.75,71.38,Alluvial,363,3,0.88,CoM0265,461.35,6.76,85.7,8.3,29.4,20.6
1514.7,32.68,8.55,185.24,72.72,84.83,Clay Loam,386,4,0.92,Co0238,515.43,7.03,88.4,9.8,32.5,16.0
902.38,27.32,7.11,113.22,43.09,54.13,Sandy Loam,325,4,1.0,CoM0265,294.06,6.45,79.0,4.9,23.4,20.1
1479.15,32.51,8.52,187.98,68.52,83.58,Clay Loam,382,3,0.96,Co86032,488.07,6.87,86.8,8.1,33.7,17.9
1324.83,30.02,7.53,142.32,51.79,68.01,Red Soil,349,2,1.0,Co0238,346.4,6.84,82.8,10.0,37.7,17.7
952.81,27.7,7.0,121.74,44.58,57.03,Sandy Loam,329,4,0.03,Co0238,188.4,6.73,73.7,15.7,30.6,16.3
1645.99,33.08,8.65,204.24,75.71,89.4,Clay Loam,394,3,0.94,CoM0265,522.93,6.66,90.7,14.7,36.7,15.9
1147.42,29.74,7.72,135.22,47.6,60.39,Red Soil,345,2,0.92,Co86032,340.19,6.47,78.1,12.5,32.0,19.4
1354.22,30.09,7.63,147.58,51.61,66.8,Red Soil,356,2,0.87,Co86032,369.39,7.03,83.1,10.5,32.2,18.1
1510.07,32.94,8.56,193.35,72.0,84.12,Clay Loam,381,4,1.0,Co0238,499.02,6.67,91.7,11.5,34.7,17.4
1882.72,34.47,8.96,232.65,83.28,105.85,Alluvial,414,3,0.01,CoM0265,400.55,7.01,85.5,7.4,41.0,14.0
1476.5,32.64,8.53,178.43,66.16,79.44,Alluvial,377,3,0.77,Co86032,485.43,6.68,87.5,10.4,33.4,15.8
917.78,27.83,7.18,115.01,44.42,60.2,Sandy Loam,326,4,0.04,Co0238,188.4,6.67,79.5,11.2,25.7,18.6
1630.57,31.64,8.7,175.24,63.08,78.79,Clay Loam,376,3,0.99,CoM0265,475.05,7.13,84.3,12.7,33.5,18.8
1474.94,32.49,8.5,185.09,66.64,79.87,Alluvial,378,3,1.0,Co86032,497.95,6.92,82.7,5.0,39.5,20.2
997.88,28.63,7.58,129.72,47.75,63.42,Red Soil,335,2,1.0,Co0238,320.88,7.25,78.3,8.8,32.0,20.7
1300.29,31.31,8.08,167.69,60.18,75.99,Alluvial,373,3,0.97,CoM0265,469.99,6.55,78.9,9.3,32.5,17.2
1824.21,34.24,9.01,221.32,78.18,101.36,Alluvial,409,3,1.0,CoM0265,563.23,6.88,93.4,7.5,34.9,14.8
808.79,26.5,7.09,100.0,42.48,50.0,Sandy Loam,322,5,0.03,Co0238,190.53,6.63,71.6,8.7,26.0,18.7
893.63,26.95,6.93,107.79,40.0,55.74,Sandy Loam,324,5,1.0,Co86032,275.81,6.82,69.1,13.9,24.1,20.8
913.5,28.13,7.14,118.45,47.04,59.38,Red Soil,329,2,0.65,Co0238,303.66,6.44,70.5,15.7,17.5,17.3
1689.05,33.01,8.72,200.17,77.28,91.44,Clay Loam,392,3,1.0,CoM0265,506.45,6.64,93.5,9.2,37.2,16.2
1871.26,34.53,9.06,225.06,81.58,105.64,Alluvial,417,3,0.0,CoM0265,394.31,6.55,88.6,10.0,36.7,15.6
1171.99,30.54,7.88,151.5,55.53,67.93,Clay Loam,362,4,0.88,CoM0265,412.31,7.09,77.3,12.7,26.5,20.0
1359.38,30.95,8.09,144.03,52.05,68.49,Red Soil,359,2,1.0,Co86032,353.01,6.79,82.9,7.2,31.7,19.8
1345.92,30.45,7.91,142.47,52.11,66.04,Red Soil,352,2,1.0,Co86032,362.5,6.94,81.7,11.7,30.6,16.3
1557.11,32.22,8.56,172.17,62.74,78.55,Clay Loam,378,3,1.0,CoM0265,463.39,6.77,88.0,14.2,38.5,17.3
839.22,26.86,6.89,101.6,41.49,52.11,Sandy Loam,320,5,0.96,Co0238,279.95,6.9,69.2,9.9,23.4,22.2
1366.57,30.46,7.67,148.56,52.38,69.93,Red Soil,355,2,0.99,Co86032,366.15,6.43,86.4,9.6,28.7,19.7
1695.83,32.91,8.78,197.55,72.81,91.88,Clay Loam,393,3,1.0,CoM0265,517.03,6.57,98.0,2.9,34.3,18.0
1783.67,34.05,9.06,213.02,79.3,98.89,Alluvial,414,3,1.0,CoM0265,547.19,6.53,96.8,6.8,35.2,17.0
1300.26,29.63,7.39,139.81,50.57,65.55,Red Soil,351,2,1.0,Co0238,345.32,7.05,78.6,9.3,25.1,17.3
1784.65,34.04,9.08,220.23,80.65,101.75,Alluvial,411,3,1.0,CoM0265,553.39,6.51,88.6,7.0,37.7,15.7
924.88,26.94,7.06,106.43,40.53,55.55,Sandy Loam,325,4,0.99,CoM0265,289.58,6.77,65.1,10.4,27.9,17.6
1299.51,31.74,8.24,164.25,60.82,75.51,Alluvial,373,3,1.0,CoM0265,485.93,6.76,77.2,13.1,29.7,19.1
1516.94,33.04,8.56,184.12,72.03,82.85,Clay Loam,382,3,1.0,Co86032,495.1,6.74,84.0,12.3,36.7,18.4
1059.03,30.42,7.7,150.49,56.95,70.7,Clay Loam,360,4,1.0,CoM0265,428.42,7.04,81.4,12.7,28.7,18.4
1914.28,34.75,9.18,236.36,79.88,104.31,Alluvial,413,3,0.16,CoM0265,387.09,6.92,98.0,11.0,42.1,13.0
828.87,26.63,6.93,100.26,40.0,52.28,Sandy Loam,320,5,0.24,Co0238,214.63,6.56,70.4,14.4,22.1,18.9
1154.73,29.5,7.56,134.42,49.36,62.94,Red Soil,343,2,0.97,Co86032,331.72,6.42,81.7,9.4,30.2,19.6
1634.45,32.04,8.4,167.81,60.04,76.03,Clay Loam,378,3,0.82,CoM0265,453.11,6.4,92.9,9.8,34.8,17.5
841.55,26.5,6.8,102.19,40.0,51.42,Sandy Loam,320,5,1.0,Co86032,256.33,6.8,77.3,7.9,25.7,19.4
1872.32,35.06,9.3,240.78,86.0,109.14,Alluvial,417,3,1.0,Co86032,580.4,6.54,93.2,9.1,38.3,15.4
1004.47,28.18,7.28,128.78,46.95,61.8,Red Soil,332,2,1.0,Co0238,322.95,6.63,81.5,15.7,25.4,18.3
1354.4,30.1,7.79,145.56,54.71,67.67,Red Soil,358,2,0.99,Co86032,372.79,6.85,79.6,13.6,30.4,16.3
1664.61,32.55,8.82,200.2,74.73,90.39,Clay Loam,392,4,0.0,Co0238,365.85,6.88,89.0,6.0,28.5,17.0
1733.34,33.1,8.84,205.95,76.87,90.07,Clay Loam,399,4,0.93,Co0238,526.59,6.69,82.9,8.0,41.5,18.4
854.62,27.37,6.99,110.82,42.08,56.82,Sandy Loam,326,5,1.0,Co86032,278.82,7.16,65.4,10.9,25.9,23.6
1724.31,32.11,8.59,193.67,72.09,88.71,Clay Loam,386,4,0.13,Co0238,354.88,6.95,80.0,7.2,42.4,15.4
1186.06,31.46,7.89,162.55,58.66,74.49,Alluvial,370,3,0.06,Co86032,306.93,6.93,77.8,17.8,24.9,19.1
834.56,26.71,6.85,106.61,40.24,52.45,Sandy Loam,325,5,0.0,Co0238,205.65,7.28,81.8,6.4,23.4,21.5
1633.33,32.17,8.33,167.65,62.79,77.32,Clay Loam,372,3,0.98,CoM0265,468.57,6.88,97.3,7.0,36.3,17.8
1589.38,32.02,8.45,167.66,64.46,79.7,Clay Loam,373,3,0.97,CoM0265,464.86,6.84,84.9,9.4,36.2,16.4
1336.61,29.96,7.48,143.65,49.93,65.98,Red Soil,350,2,1.0,Co0238,335.98,6.93,87.0,16.6,32.3,14.8
1717.48,33.53,9.09,209.02,76.13,92.94,Alluvial,406,3,1.0,Co86032,531.48,6.67,84.2,7.3,37.3,14.4
1119.43,29.81,7.47,135.73,47.27,63.39,Red Soil,344,2,0.89,Co86032,340.7,6.74,69.4,7.5,24.9,17.8
1477.26,32.53,8.62,185.25,70.43,84.97,Clay Loam,385,4,1.0,Co0238,510.61,6.8,83.8,10.2,32.6,16.0
1925.28,34.34,9.18,236.75,82.51,105.55,Alluvial,416,3,0.0,CoM0265,403.64,6.79,95.0,16.1,44.6,14.3
1315.91,30.47,7.83,141.52,52.56,66.77,Red Soil,354,2,1.0,Co86032,372.19,6.98,85.4,7.3,37.3,17.7
957.75,27.92,7.26,129.34,47.27,58.48,Red Soil,329,2,1.0,Co0238,315.63,6.75,71.9,5.3,23.9,18.6
961.62,28.9,7.35,125.18,47.86,61.96,Red Soil,340,2,1.0,Co0238,323.0,7.0,78.5,7.7,35.0,16.3
1935.07,35.11,9.3,242.58,84.89,109.68,Alluvial,422,3,0.84,Co86032,568.25,6.49,95.5,11.1,36.3,14.4
903.25,26.94,7.11,106.3,44.65,56.03,Sandy Loam,322,4,1.0,CoM0265,288.48,6.73,74.6,7.7,29.7,18.5
1032.46,28.97,7.41,129.79,46.56,61.31,Red Soil,337,2,1.0,Co0238,332.07,6.74,75.4,14.2,24.9,20.0
844.29,26.86,6.8,105.55,40.0,52.3,Sandy Loam,322,5,1.0,Co86032,272.21,6.77,71.2,8.2,25.2,21.3
1943.11,34.81,9.19,236.46,85.14,110.68,Alluvial,422,3,0.96,Co86032,575.18,6.71,92.3,12.4,41.8,15.5
1243.51,31.13,7.92,166.62,60.32,75.72,Alluvial,372,3,0.81,CoM0265,469.24,6.72,84.3,9.0,28.7,20.4
1822.17,33.78,9.0,225.95,81.98,105.53,Alluvial,412,3,0.84,CoM0265,551.28,7.0,92.2,13.4,42.0,18.8
1674.06,33.31,8.89,201.54,76.52,91.42,Clay Loam,394,3,1.0,CoM0265,520.5,6.58,92.2,5.5,34.7,17.7
1625.55,33.14,8.77,201.8,75.59,90.65,Clay Loam,397,3,1.0,CoM0265,504.28,6.79,85.1,8.5,35.7,18.6
800.0,26.63,6.8,105.08,40.0,50.0,Sandy Loam,322,5,0.0,Co0238,188.4,6.92,63.8,10.9,22.2,19.1
1655.49,33.35,8.69,207.85,76.92,93.81,Clay Loam,402,4,0.9,Co0238,531.17,6.69,88.7,11.4,39.6,17.1
984.11,28.12,7.05,115.44,44.22,61.05,Red Soil,329,2,1.0,Co0238,312.31,6.34,68.7,15.3,27.9,15.4
1922.01,34.45,9.25,233.52,82.62,107.94,Alluvial,416,3,0.09,CoM0265,394.15,7.11,89.6,12.4,40.5,16.1
1706.1,32.84,8.71,196.54,72.74,91.2,Clay Loam,397,4,0.0,Co0238,361.53,6.63,93.1,11.9,38.3,19.5
1169.34,29.79,7.67,132.16,48.88,66.17,Red Soil,345,2,0.99,Co86032,340.49,6.71,74.6,12.1,35.3,18.8
1811.93,33.88,8.97,214.15,79.87,99.02,Alluvial,414,3,1.0,CoM0265,542.99,7.03,91.7,10.5,33.4,16.7
1762.76,34.24,8.95,221.72,82.04,102.79,Alluvial,408,3,1.0,Co86032,551.63,6.58,88.4,11.2,33.4,15.6
1387.38,32.28,8.62,187.43,66.6,79.94,Alluvial,381,3,1.0,Co86032,487.72,6.8,86.2,10.5,23.9,17.3
1030.58,28.85,7.43,129.91,49.71,62.19,Red Soil,339,2,0.0,CoM0265,213.89,6.94,73.4,7.1,27.2,19.3
901.54,27.14,7.0,109.0,40.39,52.89,Sandy Loam,329,4,0.98,CoM0265,299.52,6.75,77.4,7.3,30.4,20.1
1769.23,33.7,8.78,212.54,79.42,95.26,Alluvial,411,3,1.0,Co86032,535.77,6.8,95.3,10.9,34.3,16.6
1440.94,32.66,8.57,175.89,65.64,81.71,Alluvial,384,3,1.0,Co86032,475.31,6.97,84.6,13.6,34.8,16.6
822.36,26.5,6.86,100.82,40.0,51.03,Sandy Loam,320,5,1.0,Co86032,256.69,6.88,79.5,5.9,24.9,20.4
1437.63,32.77,8.59,191.86,71.66,84.63,Clay Loam,384,4,1.0,Co0238,503.17,6.91,82.9,11.5,32.5,15.8
1246.65,31.38,8.04,168.08,60.88,74.88,Alluvial,371,3,1.0,CoM0265,476.34,6.45,88.7,10.6,31.4,19.4
1778.96,33.98,9.03,223.48,81.4,101.66,Alluvial,409,3,1.0,CoM0265,537.12,6.71,92.0,11.9,41.7,17.3
1504.29,32.84,8.49,196.8,70.37,85.04,Clay Loam,389,4,1.0,Co0238,492.01,7.09,80.2,7.3,36.0,18.0
1936.92,34.11,9.04,233.96,81.04,106.31,Alluvial,421,3,0.24,CoM0265,398.29,6.78,93.8,7.2,39.8,13.9
1513.84,32.55,8.47,185.18,68.54,85.54,Clay Loam,385,3,0.93,Co86032,493.54,6.69,83.7,9.4,31.4,17.0
1642.9,33.19,8.94,204.06,76.14,91.38,Clay Loam,397,3,1.0,CoM0265,518.79,6.84,84.4,15.3,34.6,15.9
1602.99,31.91,8.45,173.93,62.64,75.36,Clay Loam,380,3,0.98,CoM0265,455.73,6.71,91.4,4.1,37.2,17.5
1372.51,30.45,7.79,141.63,54.48,67.09,Red Soil,349,2,1.0,Co0238,356.83,6.86,85.6,7.9,33.5,17.3
1566.0,32.8,8.65,193.4,72.59,89.01,Alluvial,392,3,0.82,Co86032,498.01,6.51,86.0,12.3,41.4,17.5
826.78,26.59,6.96,105.12,40.0,50.62,Sandy Loam,320,5,0.0,Co0238,192.84,6.92,74.7,6.8,21.6,18.9
1945.34,35.2,9.3,237.01,86.0,112.0,Alluvial,420,3,1.0,Co86032,560.32,6.74,93.5,16.3,33.8,15.9
1594.08,32.86,8.76,199.83,73.03,90.29,Clay Loam,397,3,0.96,CoM0265,515.83,6.7,74.6,10.8,33.8,16.2
946.57,27.13,7.14,111.47,41.04,54.79,Sandy Loam,323,4,1.0,CoM0265,286.98,6.64,79.1,13.8,24.0,21.8
1688.54,32.38,8.52,203.93,74.5,87.68,Clay Loam,393,4,0.0,Co0238,385.35,6.63,86.9,9.4,35.5,16.6
1030.71,28.26,7.37,117.32,47.34,60.86,Red Soil,336,2,0.82,Co0238,294.94,7.1,70.9,10.0,26.0,19.4
1622.57,32.24,8.42,172.55,61.0,80.14,Clay Loam,375,3,1.0,CoM0265,467.19,7.17,95.8,14.0,37.4,18.1
1738.89,33.91,8.77,210.49,79.25,95.92,Alluvial,409,3,1.0,Co86032,513.21,7.05,90.2,8.5,37.9,18.2
1632.08,33.52,8.76,202.98,75.19,88.99,Clay Loam,400,3,1.0,CoM0265,521.46,6.79,91.2,10.9,38.7,16.8
1818.88,33.73,8.95,211.01,78.27,96.76,Alluvial,408,3,0.9,Co86032,522.94,7.0,84.8,8.1,38.1,16.4
1538.44,33.35,8.69,192.09,69.43,87.62,Clay Loam,387,4,1.0,Co0238,500.21,6.94,83.7,7.2,31.9,17.0
1014.8,28.35,7.55,127.85,47.58,60.71,Red Soil,336,2,0.97,Co0238,308.94,7.24,72.6,12.1,30.5,18.4
1237.34,31.08,7.97,159.28,58.64,71.23,Alluvial,371,3,1.0,CoM0265,457.26,6.8,78.7,11.6,31.2,17.6
1573.66,33.23,8.76,193.36,70.48,84.7,Alluvial,389,3,1.0,Co86032,502.62,6.58,88.9,8.8,35.2,17.3
864.16,26.8,6.87,103.36,40.25,52.11,Sandy Loam,322,5,1.0,Co86032,268.87,7.18,73.3,9.1,26.1,18.3
1300.76,31.12,7.95,156.74,59.98,73.47,Alluvial,370,3,0.98,CoM0265,466.09,6.97,86.2,16.4,28.6,15.9
937.22,28.18,7.24,120.29,46.95,61.99,Red Soil,332,2,1.0,Co0238,304.3,6.57,70.9,6.1,27.0,20.8
1834.05,34.57,9.0,228.05,82.68,103.57,Alluvial,408,3,1.0,Co86032,560.17,6.83,93.0,7.1,31.3,15.1
1454.23,32.72,8.35,178.63,66.98,81.16,Alluvial,382,3,1.0,Co86032,481.0,6.69,88.1,8.4,34.3,18.1
983.22,27.72,7.05,110.39,42.84,58.38,Sandy Loam,325,4,0.1,Co0238,188.4,6.6,70.3,9.6,28.6,19.9
1828.79,34.65,9.04,225.07,81.15,101.45,Alluvial,412,3,0.94,CoM0265,544.49,6.82,87.7,13.2,40.3,16.2
1479.32,32.84,8.7,186.02,70.22,85.1,Clay Loam,385,4,1.0,Co0238,493.62,6.64,83.9,13.2,35.6,18.3
1803.5,33.89,8.82,212.56,77.63,97.44,Alluvial,408,3,1.0,CoM0265,541.12,6.79,91.5,5.8,34.9,18.3
1747.16,33.17,8.8,200.77,72.62,91.23,Clay Loam,393,4,0.21,Co0238,351.22,6.64,89.9,14.4,36.2,14.9
1243.02,31.23,7.93,152.23,59.36,73.31,Alluvial,363,3,0.93,CoM0265,428.26,6.99,81.7,7.3,32.6,20.0
1148.55,29.28,7.51,131.46,49.11,63.79,Red Soil,348,2,1.0,Co86032,342.78,6.87,78.3,8.1,26.8,21.0
1500.93,32.49,8.68,195.18,69.42,84.73,Clay Loam,384,4,1.0,Co0238,497.17,6.9,84.9,12.3,32.9,19.3
1754.1,33.07,8.8,211.03,75.9,92.91,Clay Loam,401,4,0.95,Co0238,520.23,6.95,87.4,16.0,35.3,16.1
1828.42,33.61,8.98,219.66,78.29,100.05,Alluvial,409,3,1.0,Co86032,543.61,6.7,92.3,13.6,41.2,16.7
1322.13,30.2,7.71,142.86,52.98,67.69,Red Soil,354,2,1.0,Co86032,358.87,6.71,84.4,11.2,31.9,16.5
1130.73,29.41,7.65,131.24,49.8,62.86,Red Soil,348,2,1.0,Co86032,337.07,6.9,74.2,10.8,27.3,16.7
1194.36,31.44,8.23,154.35,60.51,73.58,Alluvial,372,3,0.0,Co86032,311.45,6.8,71.7,13.1,26.7,19.0
909.02,27.35,7.2,108.84,43.0,56.96,Sandy Loam,326,4,1.0,CoM0265,290.38,6.94,65.0,19.5,27.5,20.5
1359.28,31.66,8.47,170.16,63.6,77.91,Alluvial,371,3,1.0,CoM0265,472.5,7.03,79.6,8.8,27.4,20.8
1729.21,33.62,8.81,212.19,79.02,97.23,Alluvial,408,3,1.0,Co86032,546.94,6.45,78.7,10.4,38.4,15.9
859.71,26.61,6.93,102.77,42.33,51.84,Sandy Loam,324,5,0.91,Co0238,263.98,6.99,74.7,7.9,23.9,17.9
1790.83,33.57,8.77,211.64,78.63,96.86,Alluvial,406,3,1.0,Co86032,537.21,6.81,97.2,6.1,37.3,17.9
1192.79,30.33,7.69,151.25,56.01,72.01,Clay Loam,365,4,1.0,CoM0265,413.43,6.73,74.2,5.7,33.2,16.9
1333.26,30.85,7.88,151.56,51.5,68.15,Red Soil,358,2,1.0,Co86032,360.94,6.88,84.4,9.8,29.4,18.3
1261.99,30.13,7.72,137.84,50.12,66.36,Red Soil,348,2,0.87,Co0238,337.88,7.12,92.6,12.8,29.0,18.2
1877.71,34.54,9.16,225.82,81.34,105.76,Alluvial,417,3,0.0,CoM0265,381.33,6.73,97.6,12.7,36.9,18.5
800.0,26.8,6.8,102.97,40.0,52.11,Sandy Loam,322,5,1.0,Co86032,267.05,6.82,80.0,3.8,20.5,21.7
1970.0,35.2,9.3,243.0,86.0,112.0,Alluvial,422,3,1.0,Co86032,580.4,6.85,98.0,16.8,41.8,17.6
1264.64,31.53,8.18,162.11,58.57,73.9,Alluvial,374,3,0.0,Co86032,303.8,7.05,73.5,7.5,26.7,17.5
1242.79,31.0,7.93,152.39,57.43,71.36,Alluvial,366,3,0.93,CoM0265,439.95,6.58,68.0,7.9,29.1,15.6
1600.42,33.14,8.55,198.17,73.26,85.46,Alluvial,391,3,0.96,Co86032,504.95,6.55,81.0,13.5,29.2,16.7
1639.85,32.01,8.46,176.37,61.16,77.66,Clay Loam,379,3,1.0,CoM0265,454.83,7.07,81.9,9.8,33.1,14.7
800.0,26.68,7.04,103.11,40.0,53.48,Sandy Loam,324,5,0.99,Co0238,267.49,7.16,62.4,7.0,22.8,21.0
898.51,27.01,6.98,109.21,41.5,53.97,Sandy Loam,327,5,1.0,Co86032,272.51,6.5,73.9,12.7,24.7,18.5
850.15,26.73,6.84,106.76,40.03,50.77,Sandy Loam,323,5,0.95,Co0238,283.25,6.43,63.2,5.7,16.8,22.8
800.0,26.9,6.96,100.0,40.94,50.0,Sandy Loam,323,5,0.0,Co0238,192.17,6.99,74.9,10.1,24.4,18.5
948.31,28.2,7.23,119.03,45.51,59.33,Red Soil,328,2,0.94,Co0238,301.0,6.89,67.2,11.2,27.6,17.8
1854.39,34.08,9.04,224.01,80.5,102.57,Alluvial,409,3,1.0,CoM0265,556.71,7.06,86.3,10.3,36.2,16.1
1239.08,31.54,7.97,163.01,61.58,74.43,Alluvial,369,3,0.0,Co86032,321.91,7.14,76.5,15.5,33.4,18.6
1781.21,33.24,8.65,213.36,78.16,95.95,Alluvial,405,3,1.0,Co86032,547.02,6.9,86.6,9.1,38.3,16.9
1380.56,30.9,7.92,149.68,51.51,68.75,Red Soil,359,2,1.0,Co86032,379.72,6.75,87.0,6.9,34.8,15.5
1686.47,32.96,8.75,200.28,76.93,90.56,Clay Loam,396,3,0.95,CoM0265,524.36,6.78,92.9,9.1,41.0,18.5
1248.35,31.0,8.11,152.81,56.99,70.32,Alluvial,368,3,1.0,CoM0265,431.03,6.45,75.5,14.9,27.2,17.7
959.98,28.35,7.1,126.11,47.0,64.23,Red Soil,332,2,0.99,Co0238,321.07,7.15,78.7,11.2,21.1,20.2
1619.83,33.46,8.92,204.93,74.67,90.11,Clay Loam,398,3,1.0,CoM0265,525.85,6.8,83.6,8.4,36.2,16.4
1684.22,32.5,8.72,198.05,73.41,89.47,Clay Loam,392,4,0.08,Co0238,363.17,6.59,86.2,7.8,35.7,17.6
1869.44,34.14,8.92,222.6,80.45,101.3,Alluvial,415,3,1.0,CoM0265,540.37,6.86,90.8,14.2,42.2,16.3
1778.31,34.0,9.06,218.73,79.46,100.98,Alluvial,410,3,1.0,CoM0265,536.61,6.89,95.8,11.5,38.8,15.7
1774.16,33.34,8.78,205.45,77.71,91.48,Clay Loam,399,4,0.72,Co0238,514.99,6.98,94.4,5.2,37.8,14.4
1970.0,35.2,9.24,239.57,83.9,111.25,Alluvial,421,3,1.0,Co86032,564.01,6.54,98.0,9.5,37.2,17.4
1444.8,32.73,8.41,185.9,64.81,78.76,Alluvial,381,3,1.0,Co86032,486.14,6.52,83.5,11.5,33.6,19.8
1616.74,32.36,8.48,173.82,64.93,78.14,Clay Loam,374,3,1.0,CoM0265,481.73,6.4,79.0,5.4,39.5,18.8
1345.5,30.73,7.77,141.01,55.07,67.72,Red Soil,360,2,1.0,Co86032,363.15,6.66,77.4,3.3,29.1,19.1
1558.43,32.99,8.76,190.61,69.3,86.64,Alluvial,395,3,0.96,Co86032,515.24,7.07,80.6,10.6,27.9,16.7
800.0,26.5,6.93,100.27,40.0,50.0,Sandy Loam,322,5,0.0,Co0238,203.54,7.11,71.7,9.8,25.6,18.9
1198.27,29.82,7.54,134.35,47.95,60.63,Red Soil,348,2,0.99,Co86032,363.27,6.68,72.6,11.2,30.2,20.0
961.72,27.67,7.04,119.03,47.3,58.32,Red Soil,332,2,1.0,Co0238,315.93,6.55,74.8,12.0,27.3,21.3
1946.24,35.08,9.25,238.9,86.0,109.3,Alluvial,413,3,1.0,Co86032,569.68,6.9,94.2,9.2,37.6,17.1
1165.67,31.23,8.02,159.81,59.93,76.26,Alluvial,370,3,0.05,Co86032,326.09,6.84,82.7,10.3,28.5,20.1
1536.47,32.93,8.54,190.6,70.87,84.21,Clay Loam,389,4,0.85,Co0238,492.83,6.68,84.6,9.6,32.8,16.5
800.0,26.5,6.95,102.93,40.0,51.32,Sandy Loam,320,5,0.04,Co0238,188.4,6.62,77.5,6.4,24.9,21.5
1946.02,34.74,9.08,226.08,83.53,107.09,Alluvial,416,3,0.0,CoM0265,402.29,6.72,97.6,13.8,37.8,15.1
1931.8,35.05,9.22,240.48,86.0,111.19,Alluvial,418,3,0.92,Co86032,576.73,6.58,90.4,6.0,43.1,16.9
1660.98,33.17,8.96,202.51,76.9,89.1,Clay Loam,397,3,1.0,CoM0265,520.23,6.57,93.5,11.8,39.9,18.2
1722.27,32.55,8.58,193.47,73.49,90.94,Clay Loam,389,4,0.04,Co0238,360.53,6.71,86.4,10.4,33.9,16.0
1466.29,32.69,8.45,189.63,70.26,82.23,Clay Loam,387,4,0.98,Co0238,489.47,6.82,92.4,12.4,36.2,15.9
1869.29,33.8,8.85,215.81,79.57,100.31,Alluvial,410,3,1.0,Co86032,554.84,6.9,92.5,5.5,40.6,16.8
1230.11,30.76,8.05,150.81,57.79,73.71,Alluvial,365,3,1.0,CoM0265,444.64,6.99,79.3,10.4,33.7,18.3
1445.6,32.69,8.46,184.84,68.58,84.05,Clay Loam,383,3,1.0,Co86032,506.81,6.75,81.0,9.4,34.1,16.8
873.75,27.18,6.96,101.5,41.95,51.01,Sandy Loam,322,5,0.91,Co0238,274.73,6.55,67.5,8.4,30.2,19.9
1326.27,30.92,7.98,157.34,58.54,71.53,Alluvial,364,3,1.0,CoM0265,468.66,6.67,77.7,10.5,28.6,19.0
1811.88,34.0,8.94,217.54,80.95,100.8,Alluvial,411,3,0.98,CoM0265,545.07,6.48,94.3,11.3,42.9,15.7
1778.09,33.68,8.78,215.46,79.68,98.32,Alluvial,409,3,0.99,CoM0265,527.33,6.62,86.6,13.5,40.4,12.7
1220.74,31.32,7.96,152.57,59.45,70.77,Alluvial,365,3,0.98,CoM0265,438.9,6.99,78.6,8.8,29.9,17.8
1497.76,32.74,8.62,186.29,68.1,82.3,Clay Loam,383,3,1.0,Co86032,498.04,6.55,82.1,9.5,34.8,18.1
985.12,28.59,7.22,122.94,44.4,60.66,Red Soil,332,2,0.97,Co0238,317.17,7.04,78.0,12.1,22.6,21.4
1101.86,29.31,7.43,133.02,50.94,62.81,Red Soil,340,2,0.0,CoM0265,228.41,6.69,72.6,7.4,32.0,18.7
1051.35,29.73,7.85,145.77,54.21,71.19,Clay Loam,359,4,1.0,CoM0265,425.43,6.72,77.7,6.5,25.7,21.7
1441.4,32.65,8.51,180.76,66.88,84.03,Clay Loam,381,3,0.93,Co86032,498.73,6.98,92.5,17.1,35.5,21.0
999.74,28.97,7.36,129.81,45.53,59.0,Red Soil,334,2,0.02,CoM0265,220.21,6.8,73.3,7.5,25.4,19.2
1089.81,29.45,7.48,129.35,46.5,62.3,Red Soil,341,2,0.0,CoM0265,216.95,7.16,76.9,10.2,26.7,20.3
1489.72,32.8,8.72,193.93,69.55,84.3,Clay Loam,384,4,0.87,Co0238,497.78,6.76,82.8,6.5,32.3,16.3
965.35,27.46,7.21,121.02,45.04,59.68,Sandy Loam,327,4,0.09,Co0238,203.46,7.13,66.0,10.2,23.2,19.3
1877.05,34.3,9.15,229.1,83.69,106.46,Alluvial,415,3,1.0,CoM0265,557.84,6.99,89.6,9.4,37.8,15.0
922.9,27.4,7.14,108.2,41.57,56.24,Sandy Loam,327,5,0.93,Co86032,282.73,6.82,69.0,11.3,20.8,18.5
1515.66,32.52,8.64,184.87,69.45,86.19,Clay Loam,377,3,0.83,Co86032,478.98,6.81,80.5,11.3,34.5,16.5
1625.06,33.21,8.87,203.64,74.12,91.55,Clay Loam,395,3,0.87,CoM0265,512.24,7.06,85.6,14.2,32.3,16.6
1729.19,33.64,8.78,206.23,78.73,93.26,Alluvial,403,3,1.0,Co86032,534.1,6.92,86.7,9.5,39.6,15.9
893.67,27.62,7.2,113.16,42.71,58.22,Sandy Loam,325,4,0.21,Co0238,211.74,6.49,75.6,11.6,26.3,18.6
1176.64,30.97,8.11,158.18,57.04,72.47,Alluvial,361,3,0.92,CoM0265,455.76,6.76,73.0,5.7,31.9,18.8
1021.65,29.14,7.12,132.22,46.75,61.34,Red Soil,340,2,0.0,CoM0265,222.93,6.69,78.2,9.4,28.5,18.7
1495.34,32.45,8.55,190.27,70.03,86.3,Clay Loam,384,4,0.95,Co0238,501.41,7.11,73.4,8.5,33.0,14.5
1296.42,30.04,7.51,138.94,51.13,64.32,Red Soil,346,2,1.0,Co0238,348.61,6.84,76.4,12.4,33.6,19.8
1659.0,33.0,8.93,197.1,74.23,90.14,Clay Loam,390,3,1.0,CoM0265,511.21,6.82,91.2,10.7,38.8,19.7
1276.5,31.1,8.07,168.59,60.78,76.27,Alluvial,374,3,0.98,CoM0265,459.81,7.21,82.3,6.6,28.8,18.5
980.17,28.1,7.49,119.75,46.57,59.94,Red Soil,338,2,0.82,Co0238,318.14,6.63,78.7,11.0,24.8,18.1
1448.34,32.67,8.52,187.32,70.19,82.36,Clay Loam,381,3,0.99,Co86032,495.46,6.85,84.9,8.1,31.4,20.3
1289.05,31.4,7.86,159.86,57.32,73.2,Alluvial,366,3,1.0,CoM0265,445.01,7.01,87.5,11.0,28.0,19.1
1585.01,32.09,8.26,171.64,61.04,79.46,Clay Loam,373,3,0.99,CoM0265,463.69,6.99,89.6,7.0,36.2,15.3
1816.52,34.47,9.02,221.74,81.58,102.74,Alluvial,415,3,1.0,CoM0265,559.75,6.89,86.9,9.3,39.0,16.5
1278.86,31.41,7.93,160.3,60.69,75.48,Alluvial,373,3,0.97,CoM0265,475.94,6.83,81.0,13.0,29.2,16.4
1964.3,34.83,9.03,241.12,84.53,110.97,Alluvial,420,3,1.0,Co86032,559.79,6.8,94.3,9.0,42.5,14.4
1444.44,32.1,8.07,180.5,68.29,81.65,Alluvial,375,3,1.0,Co0238,484.06,6.75,87.2,14.4,35.2,16.2
1363.75,30.37,7.58,143.47,51.03,68.42,Red Soil,349,2,1.0,Co0238,346.57,6.47,77.8,6.1,33.5,19.7
1028.3,28.49,7.57,123.89,49.41,65.12,Red Soil,340,2,0.99,Co0238,307.05,7.06,76.2,9.7,24.7,20.9
994.01,28.47,7.33,123.1,44.53,59.7,Red Soil,336,2,0.93,Co0238,315.08,6.56,78.0,6.2,30.2,17.5
1941.94,34.86,9.25,239.7,84.69,110.99,Alluvial,420,3,0.89,Co86032,564.83,6.84,95.9,15.2,42.6,14.9
883.85,27.62,7.14,121.23,41.76,58.13,Sandy Loam,328,4,0.14,Co0238,188.4,6.63,71.7,7.5,27.2,19.9
1342.47,31.43,8.22,176.32,66.87,80.95,Alluvial,378,3,1.0,Co0238,486.2,6.67,81.5,7.0,36.4,18.7
1713.69,33.23,8.6,204.75,75.64,92.62,Clay Loam,401,4,1.0,Co0238,519.91,6.87,89.1,11.7,36.9,15.9
916.99,27.19,6.99,105.52,42.33,53.4,Sandy Loam,324,4,1.0,CoM0265,282.01,6.61,71.5,10.6,20.6,19.1
1483.06,32.14,8.42,180.38,69.86,81.61,Clay Loam,384,3,1.0,Co86032,479.28,6.88,89.3,11.7,30.2,19.4
1970.0,35.09,9.3,240.56,85.44,112.0,Alluvial,420,3,0.92,Co86032,577.82,6.86,98.0,7.6,39.2,17.6
1508.02,33.01,8.73,195.74,72.39,86.08,Clay Loam,387,4,0.98,Co0238,514.99,6.83,82.4,8.9,25.6,17.6
1938.44,34.69,9.13,228.79,83.25,108.5,Alluvial,415,3,0.0,CoM0265,404.68,6.71,97.5,12.1,38.4,15.4
1777.99,33.35,8.93,213.75,76.23,95.58,Alluvial,409,3,0.87,Co86032,519.5,6.79,93.7,11.8,39.3,16.0
864.87,26.85,6.99,108.17,40.71,54.72,Sandy Loam,330,5,0.95,Co86032,293.54,6.61,80.5,4.5,28.2,18.5
1017.4,28.86,7.6,128.33,47.98,61.46,Red Soil,333,2,0.97,Co0238,325.64,6.83,80.1,8.0,22.9,19.9
1544.38,33.17,8.68,185.66,69.31,82.71,Clay Loam,388,4,1.0,Co0238,512.99,6.84,90.7,10.9,34.7,18.7
883.4,27.35,6.94,106.27,41.49,51.68,Sandy Loam,321,5,0.98,Co0238,297.24,6.76,72.7,10.7,28.0,17.5
1443.13,32.03,8.28,174.63,68.75,78.89,Alluvial,377,3,0.93,Co0238,475.04,6.76,75.3,12.7,33.7,16.1
1034.63,28.62,7.51,129.06,45.79,58.42,Red Soil,336,2,0.96,Co0238,309.73,6.81,75.1,9.8,29.2,21.1
932.94,28.2,7.23,114.94,45.16,59.66,Red Soil,329,2,1.0,Co0238,315.0,6.59,76.1,9.9,24.3,17.9
1051.27,28.72,7.41,121.37,47.43,62.04,Red Soil,339,2,0.89,Co0238,316.53,6.96,79.0,10.4,28.3,18.6
1429.36,32.7,8.59,187.67,67.91,85.65,Clay Loam,384,3,1.0,Co86032,496.09,6.78,76.2,9.0,31.1,17.4
886.91,26.96,7.07,110.65,41.13,51.91,Sandy Loam,327,5,0.87,Co86032,282.11,6.72,73.3,14.5,26.8,18.8
1725.92,33.34,8.87,211.7,75.01,96.86,Clay Loam,400,4,0.73,Co0238,528.15,6.37,88.8,8.3,38.7,17.0
1807.06,34.32,8.82,218.25,81.2,102.46,Alluvial,413,3,1.0,CoM0265,527.58,7.07,96.8,9.0,39.7,16.0
1680.38,32.37,8.54,199.31,73.09,90.82,Clay Loam,393,4,0.0,Co0238,371.14,6.8,89.0,5.5,34.8,15.4
911.89,26.79,6.94,107.8,42.07,53.27,Sandy Loam,325,5,1.0,Co0238,270.27,7.0,75.0,8.5,25.9,22.3
1118.19,30.48,7.73,157.36,58.36,69.86,Clay Loam,360,4,1.0,CoM0265,430.26,6.95,83.9,7.3,30.2,19.2
1673.03,32.34,8.39,197.17,70.57,90.78,Clay Loam,393,4,0.12,Co0238,369.99,6.74,83.5,11.2,41.3,17.4
1678.9,32.08,8.47,192.6,72.47,89.69,Clay Loam,387,4,0.23,Co0238,356.43,6.74,84.4,8.0,36.9,18.4
1900.9,34.87,9.3,238.82,83.27,110.44,Alluvial,420,3,1.0,Co86032,575.44,6.81,98.0,10.8,39.6,16.3
1756.34,33.66,8.79,204.46,79.29,95.46,Alluvial,401,3,1.0,Co86032,537.02,6.93,88.3,7.5,38.2,17.8
830.09,26.5,6.89,106.67,41.65,50.0,Sandy Loam,320,5,0.87,Co0238,285.15,7.05,78.1,3.5,27.6,20.4
1702.28,33.74,8.77,202.28,77.26,94.68,Clay Loam,407,4,0.98,Co0238,536.82,6.98,81.8,13.5,42.3,16.1
1075.84,28.79,7.42,132.01,48.78,61.82,Red Soil,338,2,0.0,CoM0265,220.01,6.82,74.9,8.8,31.5,17.8
1244.33,30.95,8.1,156.63,59.24,72.21,Alluvial,358,3,1.0,CoM0265,456.13,6.94,82.6,12.4,36.2,18.7
1406.33,31.9,8.16,177.17,67.73,82.98,Alluvial,378,3,0.82,Co0238,459.6,6.93,75.8,10.5,31.4,20.0
1601.7,31.95,8.41,169.6,61.54,76.14,Clay Loam,373,3,0.83,CoM0265,462.4,6.65,93.2,7.9,33.0,18.6
1303.25,29.72,7.54,134.58,49.36,65.59,Red Soil,349,2,0.96,Co0238,347.01,6.78,73.4,11.2,32.5,15.2
1408.76,32.64,8.44,179.17,68.44,84.53,Clay Loam,382,3,1.0,Co86032,480.81,6.65,73.3,8.0,27.1,19.4
1187.82,31.77,8.17,168.51,60.74,73.98,Alluvial,372,3,0.13,Co86032,312.22,6.74,73.8,6.6,27.2,20.5
1659.13,32.08,8.59,178.9,63.83,79.9,Clay Loam,375,3,1.0,CoM0265,459.08,6.8,85.8,12.1,32.2,16.7
1890.9,34.87,9.18,228.23,84.6,106.98,Alluvial,415,3,0.13,CoM0265,380.28,7.02,93.6,12.9,39.5,16.7
1161.22,29.64,7.57,137.45,51.88,68.52,Red Soil,349,2,0.96,Co86032,324.44,6.64,75.0,13.0,21.2,18.9
1820.03,34.77,8.97,223.29,82.09,103.14,Alluvial,414,3,0.9,CoM0265,562.55,6.74,89.2,12.8,33.9,17.5
1811.63,33.71,8.84,211.31,77.05,95.79,Alluvial,403,3,0.99,Co86032,525.34,6.61,98.0,10.0,42.9,16.6
1328.3,31.91,8.17,163.54,61.85,76.02,Alluvial,372,3,1.0,CoM0265,476.69,6.82,85.7,9.3,36.0,22.9
1651.84,33.48,8.78,205.74,76.16,90.82,Clay Loam,396,3,1.0,CoM0265,508.65,6.79,88.8,11.2,33.3,17.3
1752.63,33.75,8.64,212.98,79.19,96.93,Alluvial,404,3,0.97,CoM0265,540.04,6.79,85.3,13.3,43.0,15.4
1071.94,28.84,7.4,129.92,46.45,58.96,Red Soil,342,2,1.0,Co0238,322.91,6.97,72.8,8.6,29.9,19.0
905.8,27.28,7.08,107.27,41.78,55.23,Sandy Loam,322,5,0.75,Co86032,273.63,6.46,78.6,10.6,24.2,19.9
1067.62,28.86,7.32,125.55,48.26,61.58,Red Soil,340,2,0.0,CoM0265,213.06,6.96,75.5,7.8,29.7,18.6
1033.88,28.37,7.41,126.4,46.65,59.8,Red Soil,335,2,1.0,Co0238,316.02,6.77,78.7,14.8,28.9,22.1
1675.48,32.93,8.59,204.02,77.92,91.66,Clay Loam,398,4,1.0,Co0238,511.86,6.66,97.0,13.7,41.2,18.2
867.02,26.79,6.86,105.32,40.36,51.83,Sandy Loam,326,5,0.81,Co0238,300.28,6.93,63.0,5.6,20.3,20.0
1672.93,33.4,8.72,204.34,74.76,90.17,Clay Loam,394,3,1.0,CoM0265,487.14,6.56,86.1,13.6,36.4,18.8
1670.98,33.21,8.75,201.22,74.35,91.71,Clay Loam,398,3,0.96,CoM0265,510.07,6.68,87.8,9.7,39.2,16.9
1467.12,32.51,8.48,176.0,65.04,78.98,Alluvial,377,3,0.9,Co86032,478.43,6.63,73.8,10.6,32.1,17.8
1390.73,31.77,8.18,173.95,66.23,81.9,Alluvial,377,3,0.99,Co0238,459.53,6.72,85.5,5.4,26.3,18.8
947.17,27.74,7.23,117.42,42.85,56.57,Sandy Loam,328,4,0.0,Co0238,188.4,6.96,72.4,2.2,23.7,19.4
1441.06,31.82,8.24,181.47,68.84,80.72,Alluvial,376,3,1.0,Co0238,496.85,6.88,82.4,14.4,36.4,16.5
1448.44,32.49,8.44,176.46,64.51,80.79,Alluvial,381,3,0.84,Co86032,468.19,7.07,83.6,12.4,33.7,16.8
1062.76,29.1,7.28,129.06,47.96,60.67,Red Soil,340,2,0.06,CoM0265,217.56,6.93,77.1,10.1,33.9,19.6
1216.25,31.6,8.27,162.19,59.77,76.24,Alluvial,369,3,0.0,Co86032,314.69,6.84,76.5,7.3,29.8,19.1
1302.64,30.03,7.72,135.81,48.88,65.06,Red Soil,348,2,0.92,Co0238,342.58,6.81,76.9,10.5,29.7,17.6
1146.23,30.18,7.95,153.53,58.31,68.09,Clay Loam,364,4,0.97,CoM0265,430.86,6.44,88.5,15.2,29.7,17.1
1698.66,33.76,8.99,211.13,75.76,92.3,Clay Loam,403,4,1.0,Co0238,525.78,6.64,93.5,7.2,39.1,16.7
1451.4,32.51,8.24,180.26,64.94,79.8,Alluvial,378,3,0.9,Co86032,491.77,6.88,91.0,8.6,37.5,18.1
1768.54,33.69,8.81,219.22,81.8,96.29,Alluvial,408,3,1.0,Co86032,550.69,6.53,79.7,8.7,35.1,16.0
1076.93,28.45,7.34,132.93,49.73,62.22,Red Soil,343,2,0.0,CoM0265,219.79,6.82,86.5,11.2,27.8,17.1
1085.13,29.26,7.45,132.9,49.67,60.55,Red Soil,336,2,0.0,CoM0265,235.2,6.85,72.6,17.3,25.8,17.8
1111.89,30.58,7.81,155.68,56.32,69.9,Clay Loam,366,4,0.91,CoM0265,421.87,6.73,85.2,2.2,30.5,20.1
1624.51,32.12,8.56,188.34,71.55,85.14,Clay Loam,387,4,0.0,Co0238,356.89,6.57,85.8,8.8,30.3,18.1
1949.2,34.63,9.16,231.16,82.41,106.37,Alluvial,415,3,0.0,CoM0265,420.44,7.13,88.3,13.8,40.2,16.6
1568.75,32.85,8.77,198.33,73.14,86.42,Alluvial,391,3,0.97,Co86032,489.47,6.56,86.8,11.8,36.6,16.4
1522.97,32.57,8.39,188.26,71.28,85.92,Clay Loam,384,4,1.0,Co0238,479.18,6.8,79.9,10.5,34.9,19.0
874.94,27.61,7.11,122.36,42.9,57.96,Sandy Loam,332,4,0.07,Co0238,192.79,6.81,72.5,11.1,28.2,22.3
1107.8,29.37,7.56,137.2,49.53,62.03,Red Soil,348,2,1.0,Co86032,336.08,6.77,71.8,5.8,28.3,19.1
807.53,26.5,6.93,106.31,40.0,51.26,Sandy Loam,323,5,0.0,Co0238,205.76,6.6,70.3,6.8,21.4,18.9
1114.33,30.06,7.63,154.31,57.75,67.97,Clay Loam,357,4,0.88,CoM0265,417.5,6.8,79.9,9.0,33.1,17.7
883.07,28.27,7.36,117.29,45.56,60.23,Red Soil,332,2,0.99,Co0238,298.78,7.25,72.4,7.0,24.2,19.9
800.0,26.5,6.8,105.07,40.1,51.37,Sandy Loam,320,5,0.04,Co0238,191.54,6.71,78.1,12.4,17.4,20.5
1242.17,31.19,8.11,158.04,60.62,77.56,Alluvial,375,3,0.98,CoM0265,471.09,6.86,73.7,9.2,31.7,13.1
830.71,26.54,6.88,106.98,40.53,51.3,Sandy Loam,323,5,1.0,Co86032,261.75,6.8,73.4,10.6,24.8,18.9
1297.03,31.58,8.12,166.28,60.4,74.51,Alluvial,377,3,1.0,CoM0265,481.66,6.66,70.2,7.8,32.6,18.6
1691.17,32.58,8.73,193.07,75.15,88.91,Clay Loam,389,4,0.0,Co0238,352.05,6.62,93.3,17.8,36.1,16.4
1328.97,30.28,8.05,146.38,52.43,68.22,Red Soil,353,2,0.97,Co86032,341.61,6.71,88.9,9.7,35.7,18.4
1183.73,31.59,8.22,162.72,57.36,73.59,Alluvial,372,3,0.0,Co86032,313.9,6.7,68.7,11.3,28.8,19.4
1250.8,31.17,7.98,165.15,61.43,75.5,Alluvial,370,3,1.0,CoM0265,463.86,6.87,84.3,7.5,26.3,19.8
876.54,26.5,6.98,106.23,41.45,51.87,Sandy Loam,321,5,0.96,Co86032,289.53,6.77,70.2,9.2,23.2,21.0
1865.77,34.31,9.0,226.12,81.41,104.75,Alluvial,417,3,1.0,CoM0265,554.59,6.79,95.8,9.6,38.4,15.6
1129.78,30.35,7.8,154.68,56.0,71.75,Clay Loam,364,4,1.0,CoM0265,418.02,6.78,74.6,9.6,32.6,20.8
1344.71,30.45,8.01,146.9,52.22,66.28,Red Soil,354,2,1.0,Co86032,358.76,6.63,82.7,10.8,31.6,20.3
1384.38,30.76,7.96,146.49,52.83,68.14,Red Soil,356,2,0.98,Co86032,359.83,6.72,85.0,10.9,27.0,17.6
864.2,26.5,6.88,100.0,40.0,51.52,Sandy Loam,322,5,0.88,Co86032,286.67,6.8,67.3,8.4,28.0,21.7
1282.5,30.07,7.59,140.18,49.7,66.26,Red Soil,352,2,0.92,Co0238,337.74,6.78,78.8,13.5,34.5,18.1
1480.08,32.66,8.54,180.04,70.81,83.76,Clay Loam,384,3,1.0,Co86032,488.66,7.01,87.5,10.9,33.9,15.2
1093.29,28.72,7.11,132.04,47.44,61.8,Red Soil,339,2,0.08,CoM0265,219.22,6.78,78.3,14.0,28.8,18.1
956.58,27.21,7.16,123.36,44.34,57.95,Sandy Loam,330,4,0.0,Co0238,193.86,6.71,73.4,7.9,28.6,17.5
1649.42,33.14,8.8,207.01,74.86,90.83,Clay Loam,399,3,0.92,CoM0265,531.0,6.98,86.4,9.6,32.8,17.4
800.0,26.66,6.8,101.64,40.0,50.0,Sandy Loam,320,5,0.12,Co0238,204.49,7.09,73.3,16.4,21.9,20.7
800.0,26.55,6.8,103.33,40.81,51.35,Sandy Loam,325,5,1.0,Co86032,269.32,6.59,67.9,7.4,20.5,21.8
1402.11,31.94,8.35,176.57,70.63,80.31,Alluvial,381,3,0.99,Co0238,487.4,6.74,90.2,12.2,33.9,18.6
1261.03,31.09,8.18,162.78,62.36,75.32,Alluvial,370,3,0.86,CoM0265,458.03,6.65,85.2,9.1,30.1,18.0
803.68,26.68,6.9,100.0,41.3,50.0,Sandy Loam,323,5,0.95,Co86032,261.2,7.45,73.0,14.0,18.9,21.5
880.48,26.67,6.86,100.0,41.81,52.78,Sandy Loam,320,5,1.0,Co0238,276.69,6.4,69.8,10.4,31.8,18.0
898.03,26.88,6.88,108.29,42.22,55.06,Sandy Loam,325,4,0.87,CoM0265,283.04,6.93,71.1,10.2,24.7,22.0
1337.77,29.83,7.59,143.6,51.8,66.29,Red Soil,349,2,1.0,Co0238,333.48,6.83,77.0,9.9,31.5,18.4
1485.5,32.66,8.33,186.82,70.78,84.61,Clay Loam,389,3,1.0,Co86032,484.77,6.79,88.8,8.0,40.4,19.2
818.73,26.5,6.85,102.65,41.05,50.0,Sandy Loam,320,5,0.08,Co0238,188.4,6.84,75.8,10.4,25.4,19.7
1704.68,33.65,8.8,207.01,77.55,92.33,Clay Loam,403,4,1.0,Co0238,520.61,6.74,82.3,9.9,31.6,15.1
1268.14,31.39,8.03,158.19,61.25,76.99,Alluvial,371,3,1.0,CoM0265,459.85,6.94,79.0,10.7,31.8,20.9
1074.77,30.22,7.67,148.28,53.57,71.49,Clay Loam,363,4,1.0,CoM0265,424.15,6.77,79.7,13.3,30.4,21.2
927.84,27.3,6.94,101.74,41.32,52.77,Sandy Loam,324,5,1.0,Co0238,263.75,6.87,72.1,7.7,26.9,21.5
1775.03,33.6,9.09,214.11,79.73,100.17,Alluvial,407,3,0.98,CoM0265,538.95,6.6,93.1,10.9,40.7,16.6
1032.99,28.78,7.29,127.34,49.4,64.0,Red Soil,342,2,0.0,CoM0265,222.32,6.93,85.3,6.7,26.3,19.0
1613.0,33.25,8.84,196.07,73.91,89.51,Clay Loam,394,3,1.0,CoM0265,495.57,7.0,85.9,9.9,36.2,16.4
1766.42,34.0,9.11,213.83,79.5,98.66,Alluvial,409,3,0.93,CoM0265,547.04,7.08,88.4,8.7,38.3,15.7
800.0,26.5,6.8,100.0,40.63,50.0,Sandy Loam,321,5,0.07,Co0238,188.4,6.75,69.6,5.1,20.9,21.0
1217.87,31.53,7.97,155.6,56.32,71.21,Alluvial,367,3,1.0,CoM0265,448.89,7.06,80.2,15.0,31.2,17.9
1158.98,29.72,7.56,134.47,47.77,65.4,Red Soil,352,2,1.0,Co86032,347.53,6.41,91.6,15.8,26.0,17.3
1457.5,32.44,8.54,191.84,70.07,87.46,Clay Loam,381,4,0.89,Co0238,513.29,6.85,84.2,9.6,30.8,19.7
1267.87,31.33,8.16,153.48,60.47,72.39,Alluvial,366,3,0.99,CoM0265,453.15,6.66,69.1,11.3,29.9,17.0
904.65,27.13,7.09,108.64,42.0,56.13,Sandy Loam,323,4,1.0,CoM0265,289.07,6.85,74.8,11.2,20.5,21.0
1172.88,29.61,7.48,130.37,48.92,66.72,Red Soil,345,2,1.0,Co86032,342.49,6.57,81.2,11.6,29.7,19.2
1882.65,34.16,9.16,233.36,83.08,103.73,Alluvial,416,3,0.0,CoM0265,383.64,6.24,87.4,5.6,40.2,16.5
928.02,28.02,7.09,116.53,45.0,58.69,Sandy Loam,327,4,0.0,Co0238,207.2,6.37,79.8,9.8,22.2,17.7
1503.96,32.57,8.64,186.71,67.74,84.31,Clay Loam,387,3,1.0,Co86032,497.55,6.96,88.0,10.1,31.5,18.3
1208.86,31.3,8.03,156.54,55.98,73.07,Alluvial,361,3,0.94,CoM0265,444.36,6.76,77.8,9.8,32.7,22.9
1727.19,33.81,8.72,220.18,79.97,97.24,Alluvial,410,3,0.94,CoM0265,534.29,6.92,91.9,12.8,38.8,18.9
1970.0,34.94,9.24,240.65,86.0,112.0,Alluvial,422,3,0.96,Co86032,580.4,6.71,93.7,15.3,41.4,16.5
887.45,27.0,7.04,109.9,40.84,53.49,Sandy Loam,327,4,0.9,CoM0265,289.6,6.5,76.9,10.2,21.5,19.2
1671.05,32.2,8.67,196.48,73.37,88.61,Clay Loam,389,4,0.0,Co0238,336.4,6.97,82.8,11.0,36.7,17.2
1442.57,32.68,8.54,183.4,67.25,84.71,Clay Loam,384,3,0.99,Co86032,481.66,6.68,86.1,7.6,30.3,15.8
1930.3,35.19,9.22,240.91,85.14,109.21,Alluvial,421,3,1.0,Co86032,579.29,6.9,93.9,8.8,36.8,20.4
1480.08,32.54,8.56,184.02,70.07,82.64,Clay Loam,381,3,1.0,Co86032,498.92,6.62,84.9,7.1,35.7,17.1
1440.9,32.25,8.64,177.48,66.81,81.3,Alluvial,381,3,1.0,Co86032,503.99,6.67,86.0,9.0,27.9,18.1
1092.87,30.1,7.84,152.07,54.68,70.31,Clay Loam,360,4,0.99,CoM0265,419.45,7.0,77.9,12.0,35.8,16.3
1970.0,35.13,9.3,238.23,84.41,111.71,Alluvial,422,3,0.95,Co86032,580.4,6.8,88.6,5.4,42.4,16.3
1831.89,33.68,8.93,216.05,77.63,98.45,Alluvial,404,3,1.0,CoM0265,517.45,7.03,92.1,5.6,33.5,16.2
906.8,26.96,7.0,113.22,40.0,56.72,Sandy Loam,327,5,1.0,Co86032,286.8,6.61,71.9,10.1,25.0,20.3
1459.81,32.94,8.29,182.74,64.17,80.6,Alluvial,380,3,0.88,Co86032,494.2,6.81,91.2,14.8,34.3,19.3
1081.19,29.26,7.61,132.71,46.32,66.12,Red Soil,345,2,0.0,CoM0265,225.55,6.8,75.1,7.3,31.1,21.3
1715.86,32.28,8.74,195.87,73.05,87.11,Clay Loam,387,4,0.0,Co0238,351.95,6.86,87.0,8.7,41.6,15.2
869.57,27.25,6.94,103.52,41.42,52.52,Sandy Loam,322,5,1.0,Co0238,280.95,6.68,74.3,9.5,24.2,20.1
800.0,26.5,6.92,105.8,40.05,50.57,Sandy Loam,320,5,0.0,Co0238,208.17,6.75,66.9,6.0,24.8,19.4
1845.43,33.92,8.9,214.77,80.08,98.35,Alluvial,405,3,1.0,CoM0265,526.1,6.9,90.3,11.5,44.5,14.4
1667.12,33.6,8.77,207.81,75.82,91.7,Clay Loam,403,4,0.93,Co0238,524.41,6.98,94.2,7.2,42.4,17.6
1074.5,29.19,7.36,124.05,47.29,61.95,Red Soil,339,2,0.0,CoM0265,224.17,6.65,68.3,10.4,28.2,18.7
1273.06,31.19,8.3,170.12,62.78,79.12,Alluvial,379,3,0.96,CoM0265,480.06,6.25,79.2,12.9,29.7,19.7
1924.63,34.22,9.07,235.93,81.71,105.62,Alluvial,415,3,0.08,CoM0265,395.14,6.64,98.0,6.1,41.3,16.2
1103.01,30.26,7.92,147.01,56.52,70.92,Clay Loam,358,4,0.87,CoM0265,432.2,6.74,75.5,10.7,25.0,21.6
1113.09,29.63,7.7,141.9,47.43,64.01,Red Soil,344,2,0.95,Co86032,336.57,7.2,73.2,6.1,26.6,20.0
1235.52,31.63,8.33,161.35,59.76,74.63,Alluvial,373,3,0.0,Co86032,310.08,7.02,78.0,14.2,32.3,21.5
1224.78,31.33,7.84,162.99,57.6,70.88,Alluvial,370,3,0.93,CoM0265,455.36,7.1,81.4,13.0,25.8,19.4
1602.6,31.61,8.36,173.4,62.83,79.55,Clay Loam,377,3,0.87,CoM0265,471.75,6.67,88.4,9.8,32.5,16.4
1469.72,32.74,8.51,186.55,69.72,83.07,Clay Loam,376,3,0.76,Co86032,485.97,6.6,88.8,14.9,33.9,17.2
1578.18,32.27,8.34,170.66,62.74,80.34,Clay Loam,375,3,1.0,CoM0265,458.03,6.81,81.0,6.8,38.0,19.0
1242.16,31.26,8.09,167.75,60.98,75.68,Alluvial,375,3,1.0,CoM0265,468.39,6.42,78.4,3.1,28.0,17.7
1297.25,31.21,8.23,165.14,59.34,77.78,Alluvial,367,3,0.01,Co86032,307.84,6.99,78.8,14.1,29.0,18.7
1924.43,35.01,9.14,239.99,84.82,109.48,Alluvial,422,3,0.83,Co86032,548.77,7.04,92.8,10.1,44.3,14.6
1952.08,35.12,9.22,243.0,83.88,109.92,Alluvial,418,3,1.0,Co86032,566.92,6.73,97.4,9.7,31.9,16.9
1675.37,32.3,8.59,194.62,71.05,89.64,Clay Loam,391,4,0.0,Co0238,366.79,7.22,84.4,8.3,37.3,17.5
988.63,28.84,7.24,132.45,47.88,60.94,Red Soil,340,2,0.01,CoM0265,212.94,6.73,84.7,8.5,29.3,21.1
1458.28,32.78,8.62,178.82,69.78,86.24,Clay Loam,383,3,0.94,Co86032,484.9,6.91,82.7,10.5,37.8,18.4
1455.43,32.7,8.6,183.13,68.08,85.18,Clay Loam,384,3,0.93,Co86032,493.59,6.86,83.0,11.3,31.6,16.1
1722.71,33.41,8.86,206.86,74.99,95.33,Alluvial,405,3,1.0,Co86032,534.94,6.91,85.3,10.6,36.9,16.9
1177.82,31.4,8.13,160.02,60.0,77.01,Alluvial,373,3,0.0,Co86032,313.25,7.08,66.2,9.9,30.7,18.5
1342.33,30.07,7.74,144.33,49.88,65.21,Red Soil,353,2,1.0,Co0238,348.53,6.62,90.3,7.2,30.3,18.1
1110.61,30.18,7.94,152.31,54.28,70.75,Clay Loam,363,4,0.93,CoM0265,411.89,6.97,81.7,7.4,24.7,18.4
911.25,26.95,6.93,110.8,40.0,55.33,Sandy Loam,324,5,0.78,Co86032,289.16,6.85,70.9,7.2,28.2,20.2
890.15,27.27,6.92,116.12,40.44,55.97,Sandy Loam,324,5,0.94,Co86032,281.4,6.98,69.6,9.8,27.8,19.1
1693.39,32.38,8.8,193.8,72.47,88.99,Clay Loam,391,4,0.04,Co0238,346.19,6.71,88.1,9.5,32.3,16.7
1073.8,29.11,7.53,135.61,48.85,63.36,Red Soil,341,2,0.0,CoM0265,242.17,6.94,82.4,11.4,27.7,20.6
1453.8,32.19,8.76,176.51,64.53,80.85,Alluvial,381,3,0.94,Co86032,492.47,6.72,87.1,10.9,28.6,17.1
926.07,28.07,7.12,122.58,44.72,60.07,Red Soil,332,2,1.0,Co0238,318.87,6.91,76.3,14.1,27.8,22.5
1685.7,33.32,8.76,201.34,74.17,91.75,Clay Loam,395,3,0.98,CoM0265,475.28,6.61,81.2,10.9,29.4,17.3
1249.69,31.6,8.12,166.05,59.9,76.0,Alluvial,374,3,1.0,CoM0265,469.94,6.78,82.8,8.3,34.5,17.7
1270.11,31.83,8.08,160.86,62.29,74.89,Alluvial,371,3,0.94,CoM0265,466.94,6.73,78.7,4.5,33.1,19.0
1854.74,34.16,8.99,222.66,81.43,103.63,Alluvial,411,3,0.98,CoM0265,572.14,6.68,88.8,8.4,43.1,18.2
1444.37,32.27,8.62,177.66,63.98,80.26,Alluvial,375,3,0.92,Co86032,483.74,6.96,90.2,13.3,37.5,17.9
1841.25,34.75,9.29,230.13,83.89,104.58,Alluvial,418,3,0.02,CoM0265,395.68,6.88,91.5,7.1,38.5,16.3
1556.07,31.93,8.47,175.26,61.87,77.72,Clay Loam,373,3,0.93,CoM0265,457.79,6.9,91.0,8.5,34.4,17.0
1221.37,31.63,8.14,159.02,57.57,71.41,Alluvial,363,3,1.0,CoM0265,430.88,7.0,71.9,9.3,33.8,22.2
1332.89,30.65,7.83,142.98,53.3,70.11,Red Soil,359,2,0.96,Co86032,362.59,6.97,79.1,8.4,33.1,16.7
952.46,28.1,7.22,117.58,43.72,58.75,Red Soil,332,2,1.0,Co0238,315.65,6.92,81.2,11.4,27.0,22.1
920.24,27.37,7.07,109.28,44.65,56.26,Sandy Loam,327,4,1.0,CoM0265,294.22,7.29,66.5,15.0,27.4,20.9
1264.61,31.63,8.34,172.84,62.0,77.27,Alluvial,375,3,1.0,CoM0265,481.15,6.48,76.6,6.1,32.2,17.7
806.53,26.5,6.87,100.0,40.47,51.83,Sandy Loam,326,5,1.0,Co86032,277.19,6.78,76.7,11.1,27.0,18.8
1495.24,32.88,8.39,179.97,69.9,85.08,Clay Loam,379,3,0.97,Co86032,492.16,6.75,85.2,14.5,36.5,16.9
1469.62,31.35,8.14,171.11,66.9,84.66,Alluvial,385,3,1.0,Co0238,461.08,6.9,81.1,6.8,32.5,17.3
1747.11,33.58,8.74,203.9,78.04,90.98,Clay Loam,403,4,0.88,Co0238,525.5,6.88,92.4,10.6,41.4,15.4
968.54,28.03,7.17,118.91,43.95,58.05,Red Soil,336,2,1.0,Co0238,297.33,6.91,72.6,9.5,33.4,22.4
841.78,27.53,6.8,113.93,40.7,57.44,Sandy Loam,323,4,0.82,CoM0265,283.58,7.04,74.8,11.6,24.8,20.3
1855.22,34.09,8.98,223.14,81.09,102.29,Alluvial,417,3,0.93,Co86032,541.44,6.74,86.7,9.3,41.7,17.7
849.67,27.13,7.26,105.22,40.87,53.64,Sandy Loam,324,5,1.0,Co86032,287.41,6.96,77.5,4.1,29.3,19.5
1711.79,32.76,8.67,199.19,75.11,90.14,Clay Loam,397,3,0.91,CoM0265,514.85,6.93,96.2,10.2,40.5,12.6
1945.99,35.2,9.28,235.52,86.0,112.0,Alluvial,421,3,1.0,Co86032,576.87,7.1,97.7,9.3,38.0,18.7
1616.51,31.8,8.49,167.29,64.99,77.21,Clay Loam,372,3,1.0,CoM0265,463.95,6.87,90.7,10.3,37.1,18.2
1454.68,32.42,8.52,186.28,68.27,82.9,Clay Loam,380,3,0.98,Co86032,488.11,6.8,85.3,11.1,30.5,17.4
923.93,27.44,7.06,114.69,44.07,60.02,Sandy Loam,333,4,0.12,Co0238,194.61,6.79,74.3,5.9,29.3,18.8
1286.17,31.88,8.09,162.97,62.99,76.07,Alluvial,375,3,0.84,CoM0265,489.76,6.87,77.8,10.3,31.7,18.9
1195.09,31.39,8.1,164.75,59.68,74.83,Alluvial,369,3,0.05,Co86032,305.73,6.95,79.8,12.1,31.8,17.8
924.43,27.77,7.32,120.41,41.52,58.42,Sandy Loam,331,4,0.0,Co0238,188.4,6.92,69.3,9.6,26.4,19.6
844.15,26.67,7.03,109.02,41.91,54.04,Sandy Loam,324,5,1.0,Co0238,273.23,6.48,59.4,9.1,26.7,21.5
1794.42,34.09,8.92,224.82,81.09,100.9,Alluvial,409,3,1.0,Co86032,534.65,6.8,90.1,9.4,42.6,18.2
928.05,27.35,7.04,100.67,42.56,56.54,Sandy Loam,321,4,0.84,CoM0265,295.69,6.61,85.4,12.6,26.6,19.7
1322.84,29.64,7.61,137.46,49.33,64.76,Red Soil,352,2,1.0,Co0238,348.31,6.6,83.2,9.5,28.4,17.9
1507.79,32.67,8.43,191.7,70.47,83.9,Clay Loam,382,4,0.99,Co0238,491.19,6.91,78.7,10.1,35.5,17.9
1259.38,31.21,8.06,160.17,59.0,74.41,Alluvial,366,3,0.97,CoM0265,447.11,6.81,76.8,6.7,27.2,20.5
1484.43,32.31,8.51,183.17,65.87,82.27,Alluvial,378,3,0.88,Co86032,468.57,6.87,93.6,14.4,31.3,17.7
1027.82,29.15,7.38,124.89,48.3,61.05,Red Soil,343,2,0.0,CoM0265,224.9,6.93,71.5,10.0,22.8,21.0
1821.71,34.28,8.98,214.16,79.48,99.47,Alluvial,411,3,0.99,CoM0265,542.71,6.67,94.5,10.0,34.0,17.4
926.45,27.56,7.2,124.23,45.31,59.77,Sandy Loam,331,4,0.06,Co0238,188.4,6.83,76.0,12.8,21.6,19.2
1883.64,34.64,9.28,234.15,83.82,105.75,Alluvial,417,3,0.0,CoM0265,402.61,7.11,93.7,8.2,35.2,16.4
1430.97,32.13,8.65,181.01,68.81,80.42,Alluvial,381,3,0.93,Co86032,485.31,6.72,92.6,10.7,32.5,18.9
1456.12,33.02,8.85,198.31,72.19,89.6,Clay Loam,389,4,0.95,Co0238,489.43,6.67,78.6,12.4,29.8,16.5
907.63,26.98,6.96,105.08,43.11,53.45,Sandy Loam,320,5,1.0,Co86032,275.44,6.51,68.5,13.2,28.6,17.5
1311.72,29.89,7.67,141.77,49.98,64.81,Red Soil,348,2,1.0,Co0238,353.36,6.91,75.8,6.5,32.1,20.0
1124.37,30.24,7.83,155.4,55.24,69.06,Clay Loam,361,4,1.0,CoM0265,409.75,6.8,79.4,2.9,26.5,21.8
1194.26,29.69,7.7,135.21,48.87,64.8,Red Soil,346,2,0.86,Co86032,349.52,6.45,80.8,10.3,22.0,19.0
1950.02,35.2,9.3,237.16,83.51,110.73,Alluvial,419,3,1.0,Co86032,570.41,7.18,94.2,10.5,47.2,16.3
864.9,27.11,6.96,111.04,42.31,54.16,Sandy Loam,326,4,0.93,CoM0265,286.18,7.1,78.6,3.7,26.9,20.3
1776.91,33.56,8.79,210.14,79.11,95.73,Alluvial,405,3,0.91,Co86032,518.82,6.82,94.6,6.2,33.1,16.4
1501.73,33.04,8.41,191.88,68.92,83.39,Clay Loam,383,4,1.0,Co0238,477.75,6.61,90.4,13.7,32.5,16.0
1680.79,33.23,8.69,206.39,77.18,90.35,Clay Loam,400,4,0.89,Co0238,544.27,7.27,88.2,6.7,33.8,17.2
1040.47,28.78,7.5,125.71,45.72,60.79,Red Soil,336,2,1.0,Co0238,326.94,6.54,71.2,10.9,22.1,19.5
903.66,27.6,7.18,116.09,42.86,56.29,Sandy Loam,327,4,0.18,Co0238,203.65,7.09,71.1,9.6,23.8,18.0
894.22,26.88,6.8,105.0,40.0,52.02,Sandy Loam,320,5,1.0,Co86032,263.72,7.06,76.5,12.4,25.7,19.4
857.39,27.24,6.86,101.58,41.52,51.84,Sandy Loam,323,5,1.0,Co0238,280.76,6.71,75.3,12.4,28.7,18.6
950.55,27.38,7.0,111.29,41.83,54.37,Sandy Loam,327,5,0.95,Co86032,309.75,6.72,73.2,4.1,26.3,22.7
1336.03,29.45,7.62,138.73,50.16,66.14,Red Soil,352,2,0.91,Co0238,349.81,6.43,83.7,8.8,33.6,17.7
1133.16,30.29,7.93,150.78,56.97,72.03,Clay Loam,359,4,1.0,CoM0265,426.84,6.77,78.7,8.9,29.9,19.2
1744.32,33.07,8.85,203.98,77.34,95.58,Alluvial,403,3,1.0,Co86032,533.35,6.82,80.2,11.2,40.3,15.8
1657.3,32.25,8.55,197.03,73.92,91.21,Clay Loam,389,4,0.0,Co0238,368.28,6.8,85.3,7.6,37.5,18.5
1409.73,31.79,7.92,176.7,68.73,83.03,Alluvial,381,3,1.0,Co0238,477.94,6.34,84.3,13.4,28.8,17.5
1766.16,33.63,8.88,212.11,77.47,94.55,Alluvial,404,3,1.0,Co86032,535.51,6.83,83.3,13.2,36.6,17.3
1525.15,32.87,8.74,186.55,68.96,84.88,Clay Loam,388,4,1.0,Co0238,503.39,6.81,93.7,11.4,34.8,17.7
889.82,27.46,7.04,109.71,40.86,52.53,Sandy Loam,325,4,1.0,CoM0265,298.54,6.71,67.9,6.3,23.9,19.5
1218.42,31.21,7.99,157.92,60.09,73.02,Alluvial,371,3,0.9,CoM0265,467.02,6.74,82.3,12.3,36.3,18.4
1606.75,33.16,8.78,201.04,74.08,92.18,Clay Loam,394,3,0.98,CoM0265,501.07,6.84,97.4,10.5,33.7,18.6
1074.77,30.57,7.81,148.43,55.43,70.39,Clay Loam,364,4,1.0,CoM0265,434.1,6.95,79.0,7.0,26.3,18.7
1344.47,29.9,7.3,141.68,48.28,64.13,Red Soil,349,2,1.0,Co0238,341.31,6.76,90.2,10.0,26.8,16.0
836.01,27.09,6.8,105.25,40.64,55.21,Sandy Loam,323,5,0.91,Co0238,277.14,6.63,66.8,7.2,23.0,23.1
926.01,27.55,7.29,107.77,43.17,56.92,Sandy Loam,329,4,1.0,CoM0265,278.96,6.54,80.4,7.4,29.0,20.1
1710.92,32.42,8.66,189.62,71.41,86.45,Clay Loam,390,4,0.02,Co0238,344.64,6.88,98.0,10.9,41.0,16.3
1256.44,31.17,8.01,158.33,61.49,75.11,Alluvial,372,3,0.99,CoM0265,472.59,6.9,78.2,10.8,32.9,18.3
1117.85,30.0,7.65,148.22,50.54,71.02,Clay Loam,361,4,0.86,CoM0265,435.52,6.99,76.1,8.0,28.8,16.9
822.5,26.88,6.8,100.0,40.0,51.6,Sandy Loam,320,5,0.0,Co0238,190.24,6.7,71.3,10.5,22.6,20.2
1554.52,33.25,8.85,197.21,68.9,86.48,Alluvial,387,3,1.0,Co86032,504.54,6.57,79.1,7.6,34.5,19.6
1275.13,30.68,8.1,159.38,59.99,74.09,Alluvial,372,3,0.87,CoM0265,477.56,6.82,78.6,7.9,28.0,21.3
808.25,26.74,6.8,107.85,40.0,50.42,Sandy Loam,323,5,1.0,Co86032,267.36,6.94,70.8,12.6,27.9,17.8
1763.84,34.01,9.08,214.29,79.34,94.73,Alluvial,411,3,1.0,Co86032,533.46,6.77,78.1,7.7,36.8,15.4
1850.81,34.56,9.08,230.15,84.4,105.15,Alluvial,410,3,0.92,CoM0265,561.65,7.21,95.6,10.4,36.9,15.8
1137.96,30.7,7.74,153.08,56.55,69.66,Clay Loam,358,4,1.0,CoM0265,421.54,6.67,79.4,13.9,25.5,16.3
922.56,26.89,6.93,105.02,40.0,53.22,Sandy Loam,324,5,0.92,Co86032,282.59,6.86,71.1,10.1,26.6,18.7
1284.26,29.75,7.45,144.52,47.52,63.69,Red Soil,350,2,1.0,Co0238,348.48,6.77,81.1,9.8,28.2,19.1
800.0,26.5,6.82,100.0,40.0,50.99,Sandy Loam,322,5,0.86,Co86032,266.2,6.99,76.4,8.3,20.5,22.7
1731.27,33.31,8.81,212.52,78.79,97.9,Alluvial,403,3,0.99,Co86032,525.31,6.83,88.2,11.5,38.3,13.9
1542.47,32.6,8.69,192.98,70.53,85.28,Clay Loam,387,3,0.94,Co86032,516.25,6.8,86.6,12.6,36.3,16.2
1730.48,34.13,8.97,213.64,80.77,100.1,Alluvial,411,3,0.86,CoM0265,560.79,6.57,86.7,12.6,41.5,17.1
1316.13,31.03,7.96,165.98,61.58,78.35,Alluvial,374,3,1.0,CoM0265,463.57,6.88,86.1,8.7,32.4,18.1
1896.26,34.28,9.01,230.7,83.45,104.14,Alluvial,410,3,0.93,CoM0265,554.51,6.84,92.5,9.5,39.1,14.6
896.7,27.32,6.88,106.39,42.55,55.68,Sandy Loam,326,4,1.0,CoM0265,290.58,6.76,74.8,11.0,28.6,20.0
1772.0,33.62,8.97,211.71,79.11,96.16,Alluvial,412,3,1.0,CoM0265,549.99,6.68,84.8,14.5,35.1,16.4
1567.69,32.9,8.47,190.71,70.8,85.0,Clay Loam,383,3,1.0,Co86032,491.16,7.02,89.1,9.6,40.4,16.9
1201.11,29.64,7.58,133.6,49.43,65.78,Red Soil,349,2,0.98,Co86032,324.1,7.35,76.4,8.2,30.1,21.1
1422.22,32.15,8.29,179.94,69.18,85.76,Alluvial,382,3,1.0,Co0238,493.62,6.82,81.9,13.6,31.9,18.6
1404.98,31.81,8.34,174.34,67.39,82.56,Alluvial,376,3,1.0,Co0238,477.6,7.18,87.8,13.1,29.1,17.0
1467.66,32.6,8.6,182.28,70.43,82.3,Clay Loam,381,3,0.89,Co86032,492.16,7.07,84.5,6.1,27.2,18.9
896.98,27.23,6.99,107.08,40.87,54.72,Sandy Loam,324,5,1.0,Co86032,286.28,7.0,75.9,10.3,22.8,21.1
1237.11,31.75,7.98,170.59,58.55,75.39,Alluvial,369,3,0.1,Co86032,310.55,6.83,81.3,11.8,31.9,20.1
896.09,27.05,7.12,113.25,41.76,53.09,Sandy Loam,325,5,1.0,Co86032,280.36,6.78,74.3,15.6,27.5,20.1
1851.53,33.86,8.95,227.7,81.48,100.05,Alluvial,407,3,0.78,CoM0265,556.44,6.71,90.1,11.5,41.8,16.5
1191.94,29.18,7.72,134.86,52.82,61.32,Red Soil,347,2,0.93,Co86032,334.17,6.76,70.8,9.4,28.3,19.0
855.39,26.75,6.85,104.89,43.71,52.09,Sandy Loam,320,5,0.82,Co0238,277.86,6.8,80.0,10.7,29.6,19.9
944.57,27.98,7.19,118.98,45.56,59.64,Red Soil,330,2,1.0,Co0238,329.83,6.69,71.4,6.8,26.8,20.9
1872.84,34.46,9.01,230.85,82.38,101.63,Alluvial,414,3,1.0,CoM0265,556.83,6.69,91.7,6.4,43.7,17.5
1665.98,33.0,8.65,211.49,76.57,93.68,Clay Loam,396,4,1.0,Co0238,530.65,7.0,89.1,8.9,37.4,16.5
1009.84,28.26,7.38,121.13,46.1,60.18,Red Soil,336,2,0.87,Co0238,319.49,6.79,72.1,12.5,26.9,20.0
1533.4,32.97,8.59,199.76,70.73,86.36,Alluvial,387,3,1.0,Co86032,497.6,6.91,80.2,13.6,35.1,18.0
916.77,27.23,7.0,102.96,42.67,55.28,Sandy Loam,330,4,0.85,CoM0265,298.33,6.54,77.5,14.4,31.6,19.1
822.17,26.5,6.8,104.43,40.0,50.01,Sandy Loam,320,5,0.9,Co86032,262.22,6.7,75.0,11.5,19.5,21.8
945.67,28.11,7.07,122.84,46.9,62.9,Red Soil,330,2,0.88,Co0238,315.26,7.11,73.3,12.6,18.3,18.2
800.0,26.9,6.8,102.3,40.23,50.29,Sandy Loam,323,5,0.98,Co86032,271.6,6.73,77.9,11.2,26.2,18.9
1795.94,33.75,8.89,224.03,80.2,98.63,Alluvial,416,3,1.0,Co86032,535.08,7.05,95.3,9.7,41.6,18.0
1228.88,31.27,8.12,160.32,61.31,75.55,Alluvial,372,3,0.04,Co86032,296.65,6.26,72.3,8.1,31.3,18.8
1669.88,33.01,8.78,206.69,76.57,92.16,Clay Loam,399,4,1.0,Co0238,511.86,6.77,86.8,10.5,38.8,17.2
1018.44,28.88,7.37,130.11,49.5,63.44,Red Soil,344,2,0.09,CoM0265,231.61,6.96,72.0,11.1,32.8,22.1
1133.48,30.29,7.78,149.0,57.52,70.49,Clay Loam,361,4,0.99,CoM0265,414.25,7.1,86.9,8.2,33.1,18.4
1715.21,32.35,8.6,189.94,73.2,87.92,Clay Loam,389,4,0.04,Co0238,349.15,6.54,79.7,13.7,28.0,17.1
1161.91,31.34,8.01,154.74,60.83,71.5,Alluvial,363,3,0.02,Co86032,311.04,6.91,81.6,12.8,25.4,19.4
1048.02,29.03,7.4,133.41,47.02,61.09,Red Soil,343,2,0.17,CoM0265,229.51,6.65,79.0,9.5,23.7,19.2
1658.15,33.12,8.76,202.45,74.51,89.78,Clay Loam,393,3,0.94,CoM0265,515.84,6.48,89.4,10.3,34.4,18.3
1758.79,33.97,8.82,211.36,78.25,96.74,Alluvial,405,3,1.0,Co86032,520.97,7.04,89.8,10.8,36.3,16.3
1529.14,32.71,8.58,184.9,70.24,84.69,Clay Loam,384,3,1.0,Co86032,491.68,6.62,86.7,3.9,32.5,17.9
1881.76,34.3,8.88,231.77,80.17,103.78,Alluvial,409,3,1.0,CoM0265,546.16,7.09,90.7,10.3,32.7,16.9
1573.12,31.99,8.5,176.63,62.24,76.53,Clay Loam,378,3,0.88,CoM0265,469.34,6.92,87.3,7.6,38.9,18.8
1861.46,34.58,9.08,231.02,83.02,103.23,Alluvial,416,3,0.09,CoM0265,377.03,6.71,98.0,6.4,35.6,18.0
1042.55,28.77,7.42,127.75,47.12,61.48,Red Soil,339,2,0.15,CoM0265,206.08,6.68,74.8,13.7,28.6,18.9
1345.19,30.3,7.49,144.35,52.47,63.49,Red Soil,351,2,0.9,Co0238,367.22,6.99,88.1,13.1,33.0,18.8
1285.24,31.24,8.06,154.8,58.84,72.26,Alluvial,364,3,0.97,CoM0265,458.8,6.81,81.2,9.8,28.0,16.0
1703.22,33.57,8.89,211.52,77.93,95.02,Alluvial,408,3,0.95,Co86032,535.25,6.71,98.0,12.9,37.3,16.3
1744.5,33.85,9.0,218.9,78.69,98.06,Alluvial,412,3,0.75,CoM0265,545.98,6.57,88.4,11.4,36.2,18.3
1682.69,32.86,8.87,195.62,76.68,92.44,Clay Loam,390,3,0.95,CoM0265,493.72,7.11,83.8,7.3,34.6,14.6
1705.21,32.22,8.58,194.76,70.55,89.0,Clay Loam,391,4,0.0,Co0238,367.08,7.14,95.4,10.1,36.7,18.5
1126.18,30.74,7.87,151.11,56.76,72.95,Clay Loam,366,4,0.96,CoM0265,434.35,6.73,88.9,15.4,26.7,19.2
1883.75,34.66,9.03,234.04,82.56,105.21,Alluvial,418,3,0.13,CoM0265,384.42,6.81,88.0,6.6,38.2,15.8
1308.59,30.72,7.94,144.31,51.68,66.81,Red Soil,354,2,1.0,Co86032,366.52,6.87,77.1,11.1,26.5,15.2
1252.72,32.01,8.2,166.91,62.73,75.07,Alluvial,370,3,0.07,Co86032,311.17,6.78,90.1,11.9,28.0,18.2
934.42,27.36,7.07,110.68,45.75,55.29,Sandy Loam,328,4,0.18,Co0238,205.0,7.16,72.3,13.9,24.7,20.3
1609.23,31.65,8.51,172.86,62.22,79.46,Clay Loam,376,3,0.9,CoM0265,460.04,6.46,92.8,9.4,36.1,15.6
1746.04,33.65,8.62,203.45,75.21,93.06,Clay Loam,401,4,0.92,Co0238,530.06,6.92,92.3,13.9,37.5,18.6
880.51,26.88,6.82,109.5,40.97,50.79,Sandy Loam,323,5,0.97,Co86032,292.77,6.7,70.4,5.3,30.5,22.7
865.78,27.32,7.14,107.74,41.09,55.95,Sandy Loam,325,5,1.0,Co86032,291.77,6.72,70.2,12.1,25.0,20.1
834.35,26.65,6.8,103.61,40.81,50.9,Sandy Loam,320,5,0.93,Co86032,272.19,6.4,68.1,11.7,24.2,19.0
919.13,27.99,7.28,115.83,48.06,59.79,Red Soil,329,2,0.98,Co0238,316.96,6.35,66.8,8.3,27.6,19.5
1254.91,31.41,7.99,152.06,58.21,73.25,Alluvial,365,3,1.0,CoM0265,427.57,6.72,82.3,8.9,28.0,19.5
1175.28,29.51,7.69,134.44,48.23,64.51,Red Soil,349,2,0.96,Co86032,338.46,6.87,83.6,4.7,25.1,20.9
1081.4,30.94,7.67,150.48,56.71,70.53,Clay Loam,361,4,1.0,CoM0265,438.67,6.89,75.6,3.2,31.2,18.4
1888.24,34.39,9.04,219.27,81.72,103.35,Alluvial,409,3,0.93,CoM0265,551.57,6.93,90.2,6.9,46.1,16.9
1242.09,31.73,8.13,164.61,60.75,77.53,Alluvial,372,3,0.0,Co86032,309.4,6.89,76.3,3.4,33.1,18.8
1704.22,33.26,8.93,205.52,76.27,92.63,Clay Loam,399,4,0.97,Co0238,526.59,6.96,85.8,4.6,35.5,17.8
866.1,27.61,7.12,110.49,44.52,56.09,Sandy Loam,326,4,1.0,CoM0265,311.9,6.92,74.4,10.4,25.2,20.1
920.21,27.55,7.04,114.12,42.48,60.46,Sandy Loam,332,4,0.01,Co0238,188.4,6.06,80.0,17.4,29.0,19.2
1537.08,33.09,8.72,193.55,70.72,86.34,Clay Loam,386,4,0.99,Co0238,498.08,6.64,78.9,16.3,32.6,16.5
983.33,28.58,7.15,121.21,46.83,63.92,Red Soil,333,2,1.0,Co0238,326.55,6.95,72.9,14.6,22.9,17.6
1123.86,29.39,7.35,131.09,48.58,61.9,Red Soil,340,2,0.1,CoM0265,235.54,6.86,73.2,8.7,29.2,17.8
800.0,26.5,6.8,103.07,40.0,51.46,Sandy Loam,320,5,1.0,Co86032,262.61,6.96,63.7,12.5,21.6,19.1
1450.05,32.1,8.17,179.47,69.85,82.4,Alluvial,379,3,0.97,Co0238,475.6,6.73,82.4,12.1,31.2,19.1
1089.28,30.37,7.83,150.72,54.53,70.33,Clay Loam,365,4,1.0,CoM0265,404.18,6.81,80.9,11.2,29.8,18.7
944.94,27.74,7.0,107.18,42.61,54.09,Sandy Loam,325,4,0.87,CoM0265,284.99,6.68,67.4,15.1,24.9,17.7
1298.45,29.72,7.3,142.97,50.83,65.42,Red Soil,352,2,0.95,Co0238,348.76,6.55,89.7,10.2,25.5,17.5
1737.43,33.17,8.67,200.59,75.7,91.27,Clay Loam,398,4,1.0,Co0238,513.02,6.58,85.8,9.9,35.2,15.9
1622.26,33.12,8.93,196.65,73.2,87.4,Clay Loam,391,3,0.86,CoM0265,501.66,6.89,76.8,13.0,40.0,20.0
1802.52,33.44,8.85,204.9,78.18,94.86,Alluvial,406,3,1.0,Co86032,536.32,6.87,92.2,3.2,38.7,15.2
1208.77,31.61,8.16,160.66,61.49,75.74,Alluvial,375,3,0.0,Co86032,319.62,6.51,84.6,8.9,32.6,19.5
848.8,26.64,6.8,109.22,40.97,51.72,Sandy Loam,320,5,0.89,Co0238,292.33,7.14,80.6,10.7,24.0,19.3
1970.0,35.15,9.18,243.0,86.0,110.79,Alluvial,418,3,1.0,Co86032,580.4,6.77,89.6,10.8,41.4,16.4
887.23,26.66,6.85,102.2,40.72,51.6,Sandy Loam,320,5,0.0,Co0238,198.72,6.87,67.8,7.8,23.2,20.4
1852.84,34.17,8.88,223.91,83.89,102.42,Alluvial,414,3,1.0,CoM0265,547.23,7.03,96.6,9.6,44.1,17.3
1367.78,29.5,7.53,140.33,50.39,64.33,Red Soil,346,2,0.84,Co0238,354.95,6.6,73.8,10.3,38.0,17.3
1677.01,32.8,8.75,199.4,75.61,91.2,Clay Loam,399,3,1.0,CoM0265,488.92,6.88,91.0,10.1,38.6,15.6
1741.94,33.72,8.81,216.97,78.22,99.67,Alluvial,406,3,1.0,CoM0265,554.51,6.68,97.6,9.9,37.1,16.9
1692.36,33.17,8.72,201.2,73.97,91.59,Clay Loam,400,4,1.0,Co0238,525.4,6.42,94.3,12.9,38.4,12.8
1102.98,30.14,7.75,148.35,55.78,71.73,Clay Loam,354,4,1.0,CoM0265,422.54,6.81,78.5,13.7,28.6,16.9
1659.64,32.49,8.69,199.29,73.48,89.76,Clay Loam,390,4,0.0,Co0238,373.85,6.69,94.2,8.5,40.7,18.7
893.06,26.8,7.05,104.3,40.14,52.86,Sandy Loam,324,5,1.0,Co0238,296.25,7.21,67.0,14.1,26.0,21.3
895.25,27.0,7.07,109.68,44.01,55.12,Sandy Loam,325,5,1.0,Co86032,291.83,6.73,72.2,5.6,23.8,16.8
1315.61,31.47,8.18,167.05,62.95,76.03,Alluvial,374,3,0.95,CoM0265,477.14,6.87,71.0,10.1,35.7,20.6
1713.84,32.48,8.48,172.33,59.98,78.51,Clay Loam,378,3,1.0,CoM0265,464.84,6.98,80.7,7.7,38.6,15.4
1635.26,32.14,8.43,173.72,61.48,79.59,Clay Loam,376,3,0.98,CoM0265,460.16,6.96,94.8,4.4,36.1,14.8
1318.18,31.41,8.06,168.42,60.36,77.21,Alluvial,370,3,0.99,CoM0265,461.36,7.06,87.9,6.8,31.3,20.7
900.92,27.21,6.89,110.22,41.45,54.63,Sandy Loam,327,5,1.0,Co86032,270.28,6.78,75.5,12.4,29.2,20.7
1141.48,29.63,7.62,133.85,49.76,62.85,Red Soil,346,2,0.92,Co86032,341.72,6.8,77.5,13.1,30.3,17.7
1692.81,32.21,8.61,195.1,73.23,87.27,Clay Loam,386,4,0.0,Co0238,356.25,7.07,83.4,11.0,38.2,16.4
983.83,28.54,7.68,123.23,44.62,59.89,Red Soil,337,2,1.0,Co0238,336.11,6.65,73.4,12.3,25.8,18.3
1701.21,33.96,8.65,204.83,77.45,95.72,Clay Loam,400,4,0.99,Co0238,524.5,6.94,88.8,11.9,33.4,17.0
1362.54,29.98,7.68,146.18,51.51,63.64,Red Soil,351,2,0.87,Co0238,327.02,6.62,81.8,10.4,33.0,18.8
1197.38,31.23,8.13,162.29,61.57,73.84,Alluvial,369,3,0.0,Co86032,319.68,7.33,76.3,5.0,35.5,16.4
1774.58,33.96,8.96,222.88,81.38,103.93,Alluvial,405,3,1.0,Co86032,535.11,6.71,96.5,5.4,39.5,18.6
1609.65,33.33,8.82,206.03,76.88,88.88,Clay Loam,397,3,1.0,CoM0265,524.49,6.97,96.7,12.3,38.6,16.1
1582.09,32.23,8.52,169.79,63.79,74.74,Clay Loam,379,3,1.0,CoM0265,460.61,6.83,87.9,7.1,39.4,19.9
1817.96,33.94,8.97,219.79,81.12,98.11,Alluvial,405,3,0.91,Co86032,540.53,7.08,91.4,10.8,40.4,17.4
849.31,26.56,6.98,105.62,40.0,51.74,Sandy Loam,322,5,0.1,Co0238,199.62,7.01,75.4,13.8,25.9,19.2
1274.27,31.4,7.94,166.59,61.05,75.11,Alluvial,371,3,0.84,CoM0265,459.76,6.57,76.5,11.0,31.1,19.5
1058.65,28.89,7.48,129.16,48.39,63.15,Red Soil,341,2,0.08,CoM0265,213.08,7.18,74.3,11.1,24.0,22.6
1015.75,29.26,7.32,132.76,49.46,61.78,Red Soil,340,2,0.0,CoM0265,216.99,6.71,79.9,6.6,29.7,20.0
1632.72,32.33,8.44,170.74,64.91,80.58,Clay Loam,378,3,0.94,CoM0265,459.57,6.85,89.8,7.1,39.9,19.1
1242.9,31.72,8.35,161.98,60.46,74.95,Alluvial,372,3,0.0,Co86032,312.38,6.81,77.1,11.0,27.7,17.5
954.53,27.74,7.1,115.78,44.04,57.41,Sandy Loam,327,4,0.0,Co0238,191.62,6.77,71.2,13.8,24.1,18.9
1680.84,32.25,8.67,195.26,72.07,87.88,Clay Loam,391,4,0.0,Co0238,372.17,6.91,85.1,11.1,33.4,17.3
1827.99,34.06,8.94,229.84,79.26,100.89,Alluvial,412,3,1.0,CoM0265,551.91,6.99,79.3,11.0,40.4,15.0
878.59,26.99,6.87,103.94,40.99,54.66,Sandy Loam,323,5,0.78,Co0238,278.9,6.77,68.0,10.5,27.9,20.0
1314.12,30.16,7.61,140.17,49.04,66.0,Red Soil,351,2,1.0,Co0238,357.5,6.91,78.4,11.0,34.0,17.8
1674.76,33.22,8.84,197.74,74.07,88.87,Clay Loam,393,3,1.0,CoM0265,517.23,6.62,90.1,10.8,37.2,15.5
1031.47,29.09,7.5,126.37,46.5,61.52,Red Soil,339,2,0.76,Co0238,338.42,6.88,73.1,16.6,26.6,16.2
1167.48,29.8,7.59,140.26,50.21,64.34,Red Soil,343,2,1.0,Co86032,340.6,6.73,74.8,5.1,29.8,18.7
969.56,28.56,7.43,123.55,47.58,57.6,Red Soil,337,2,1.0,Co0238,322.16,7.02,73.5,12.9,23.5,19.7
1744.74,33.06,8.81,204.3,76.66,93.29,Clay Loam,403,4,0.89,Co0238,507.07,6.86,90.4,7.2,38.9,15.8
1295.14,31.59,8.23,164.01,61.42,78.55,Alluvial,374,3,0.97,CoM0265,472.84,7.23,79.0,9.0,31.8,19.5
1387.35,29.59,7.76,136.92,50.38,65.03,Red Soil,352,2,0.92,Co0238,345.41,7.42,81.7,10.5,35.1,17.9
1060.29,28.33,7.47,123.95,45.73,60.33,Red Soil,333,2,1.0,Co0238,317.95,7.07,75.1,9.2,28.0,20.1
1713.35,33.83,8.81,210.77,75.8,92.86,Clay Loam,400,4,1.0,Co0238,524.02,6.73,90.3,9.0,41.8,17.9
1574.31,33.11,8.78,189.99,70.5,85.13,Alluvial,388,3,1.0,Co86032,504.91,6.89,89.0,4.0,37.7,16.8
916.69,27.23,6.98,108.9,43.74,55.01,Sandy Loam,327,5,1.0,Co86032,269.7,6.29,71.2,13.1,27.1,19.4
1337.68,30.54,7.92,150.71,52.83,70.37,Red Soil,361,2,1.0,Co86032,359.88,7.14,78.6,13.6,28.8,19.1
1162.14,30.29,7.81,147.38,55.77,71.75,Clay Loam,360,4,1.0,CoM0265,411.94,7.02,70.2,10.8,28.9,18.5
823.73,26.5,6.8,100.94,40.85,50.0,Sandy Loam,320,5,0.11,Co0238,192.84,6.8,74.8,8.8,27.4,19.4
858.74,27.11,6.91,100.0,42.73,51.48,Sandy Loam,320,5,0.9,Co86032,248.7,6.94,77.3,11.2,25.0,19.0
1297.67,30.99,8.01,159.33,58.47,73.36,Alluvial,364,3,0.93,CoM0265,447.65,6.91,72.1,6.7,33.4,18.2
800.0,26.64,6.93,101.44,40.0,52.09,Sandy Loam,322,5,0.16,Co0238,188.4,7.03,74.8,12.1,27.1,18.7
1959.32,35.11,9.13,233.02,83.54,110.87,Alluvial,422,3,0.87,Co86032,580.4,6.55,96.3,11.7,38.7,17.0
1386.93,32.63,8.45,184.44,64.53,79.9,Alluvial,383,3,0.87,Co86032,456.78,6.79,71.5,5.3,31.5,19.1
1573.18,32.85,8.67,196.94,72.39,89.31,Alluvial,391,3,1.0,Co86032,501.91,6.8,90.0,7.9,36.4,17.2
1970.0,34.94,9.23,239.69,85.4,112.0,Alluvial,422,3,1.0,Co86032,567.71,6.81,94.8,6.4,39.1,16.7
1081.35,28.92,7.36,125.5,47.77,61.83,Red Soil,340,2,0.0,CoM0265,218.83,7.1,75.3,7.2,26.5,20.9
937.22,28.17,7.45,120.5,45.53,59.59,Red Soil,336,2,0.9,Co0238,340.59,7.01,74.5,12.5,25.7,22.4
937.91,28.03,6.95,119.05,42.42,58.61,Sandy Loam,330,4,0.05,Co0238,188.4,6.92,75.9,18.7,24.3,19.8
1076.87,29.98,7.87,154.0,57.93,70.44,Clay Loam,362,4,1.0,CoM0265,420.91,6.6,77.2,13.1,30.1,19.2
1320.36,31.22,8.11,159.45,60.43,75.88,Alluvial,372,3,0.8,CoM0265,477.4,6.72,83.3,7.6,34.4,17.6
1261.61,29.81,7.48,139.82,50.38,65.34,Red Soil,350,2,1.0,Co0238,349.35,6.87,80.2,7.9,31.2,17.9
1404.32,31.95,8.16,175.89,67.76,84.19,Alluvial,378,3,0.91,Co0238,487.28,6.62,87.8,10.4,33.8,21.6
900.79,27.58,7.07,115.32,41.64,53.55,Sandy Loam,329,4,0.94,CoM0265,314.45,6.85,72.5,11.4,27.2,21.5
840.6,26.5,6.9,103.73,40.0,51.96,Sandy Loam,323,5,1.0,Co86032,280.14,6.86,70.8,7.8,24.1,21.9
1392.77,31.76,8.18,173.17,68.83,82.42,Alluvial,383,3,1.0,Co0238,492.26,6.56,87.6,11.7,28.8,17.0
1096.48,29.94,7.93,152.7,55.12,69.33,Clay Loam,364,4,1.0,CoM0265,430.2,6.9,75.5,3.2,25.1,16.4
1501.38,32.64,8.66,185.78,67.23,84.69,Clay Loam,383,3,1.0,Co86032,487.0,6.59,83.0,10.9,35.3,16.0
1134.96,30.52,7.83,147.58,56.15,70.15,Clay Loam,368,4,0.94,CoM0265,424.38,6.75,80.9,7.7,30.8,17.6
955.81,27.54,7.11,118.02,43.5,58.3,Sandy Loam,329,4,0.0,Co0238,195.27,6.68,76.2,9.0,29.2,20.0
894.07,27.12,6.97,108.4,40.0,53.94,Sandy Loam,324,5,1.0,Co86032,289.09,7.06,70.7,4.3,30.4,18.3
1658.77,31.87,8.3,169.15,61.71,78.06,Clay Loam,375,3,0.77,CoM0265,469.89,6.59,85.7,6.4,43.4,17.2
936.49,27.72,7.29,116.1,45.01,57.37,Sandy Loam,330,4,0.0,Co0238,192.33,7.0,73.5,9.8,27.1,21.0
1469.39,32.72,8.7,189.86,68.44,85.85,Clay Loam,388,4,0.89,Co0238,492.15,6.54,86.9,11.2,32.2,15.8
972.38,27.48,7.17,113.75,44.52,59.82,Sandy Loam,328,4,0.18,Co0238,193.45,6.82,68.5,9.5,24.6,18.6
852.26,26.89,7.04,103.09,42.06,52.38,Sandy Loam,325,5,1.0,Co86032,277.65,6.99,69.5,11.5,25.1,18.8
856.17,27.07,6.98,112.29,40.14,54.25,Sandy Loam,324,5,0.99,Co86032,294.85,6.97,69.8,8.2,22.7,20.2
1606.27,32.94,8.81,205.95,75.56,91.03,Clay Loam,399,3,1.0,CoM0265,515.59,6.64,90.1,5.4,33.4,19.7
1284.27,31.68,8.23,161.71,60.79,75.99,Alluvial,369,3,0.16,Co86032,308.51,6.97,77.7,11.2,32.6,20.4
1276.59,29.5,7.61,149.27,49.36,67.23,Red Soil,351,2,1.0,Co0238,361.03,6.59,81.8,12.7,29.4,19.6
978.46,28.4,7.07,116.16,44.04,61.31,Red Soil,330,2,1.0,Co0238,328.53,6.45,73.0,2.0,28.4,21.1
911.15,27.41,7.15,120.61,44.25,57.79,Sandy Loam,327,4,0.0,Co0238,196.09,6.92,69.3,12.7,28.4,21.0
1260.56,30.93,7.9,152.16,57.07,72.42,Alluvial,367,3,1.0,CoM0265,446.25,7.02,74.9,10.7,31.2,19.9
1027.05,28.66,7.15,129.82,47.15,64.12,Red Soil,338,2,0.0,CoM0265,215.39,6.62,78.9,12.1,29.7,20.4
1817.84,34.23,9.16,221.5,79.93,100.28,Alluvial,408,3,0.96,Co86032,537.92,6.47,85.2,6.2,34.7,17.4
1790.35,34.12,9.27,214.58,80.1,99.17,Alluvial,410,3,0.85,Co86032,536.87,6.97,90.0,13.1,36.6,15.3
1830.63,34.14,8.86,224.67,81.42,101.05,Alluvial,411,3,1.0,CoM0265,544.88,6.69,85.1,9.1,39.9,17.0
1537.52,32.84,8.69,192.65,70.35,88.48,Clay Loam,387,4,1.0,Co0238,509.26,6.57,91.0,11.1,35.3,16.2
892.36,27.1,7.07,107.81,40.0,56.94,Sandy Loam,323,5,0.88,Co86032,282.29,6.81,72.2,14.5,27.5,18.3
1229.82,29.9,7.64,136.33,50.36,64.81,Red Soil,348,2,1.0,Co86032,331.46,6.65,73.8,10.0,30.4,17.8
1357.8,30.78,7.97,136.35,55.62,68.69,Red Soil,358,2,0.87,Co86032,366.25,6.58,84.2,11.7,35.4,17.6
1342.58,31.79,8.42,170.83,67.39,83.06,Alluvial,379,3,1.0,Co0238,478.62,6.71,78.8,13.3,34.2,16.9
1856.48,34.0,9.07,225.25,80.44,104.27,Alluvial,409,3,1.0,CoM0265,557.63,6.57,84.8,12.6,38.3,13.6
999.66,28.58,7.47,122.87,45.63,64.74,Red Soil,340,2,0.82,Co0238,321.21,6.67,79.3,7.8,28.4,21.7
915.15,27.52,6.98,112.12,41.37,56.03,Sandy Loam,328,4,0.77,CoM0265,298.3,6.56,70.7,4.7,24.0,21.8
1130.9,30.58,7.89,152.23,57.36,69.81,Clay Loam,361,4,1.0,CoM0265,407.32,6.5,70.0,9.6,27.9,16.6
1878.36,34.62,9.29,238.92,79.85,105.97,Alluvial,412,3,0.0,CoM0265,385.24,7.08,89.6,11.3,44.0,16.5
944.23,28.51,7.21,121.56,43.9,58.88,Red Soil,331,2,1.0,Co0238,301.5,6.55,75.4,8.4,26.2,20.3
1647.21,33.26,8.89,200.54,73.65,92.53,Clay Loam,397,3,1.0,CoM0265,498.39,6.75,98.0,11.7,38.0,17.3
826.89,27.08,6.9,105.04,42.52,52.88,Sandy Loam,327,5,1.0,Co86032,301.09,7.24,70.5,9.4,27.5,22.5
1835.61,34.01,9.1,218.53,80.25,99.83,Alluvial,410,3,1.0,CoM0265,537.25,7.13,87.7,5.9,41.3,12.7
1807.12,33.66,9.05,213.57,79.8,99.16,Alluvial,411,3,1.0,CoM0265,552.19,6.91,84.2,12.5,41.0,14.4
1758.25,34.12,9.01,218.59,79.38,96.11,Alluvial,411,3,1.0,CoM0265,542.97,7.39,96.5,9.3,33.0,15.3
1382.96,31.92,8.17,183.01,67.9,84.15,Alluvial,379,3,1.0,Co0238,483.56,6.8,82.9,10.1,29.9,18.9
816.72,26.82,6.8,102.63,40.26,50.0,Sandy Loam,322,5,0.01,Co0238,193.28,6.68,73.3,11.7,27.8,19.6
1844.08,34.1,9.19,223.41,81.5,100.55,Alluvial,412,3,0.89,CoM0265,567.78,7.1,92.6,10.2,41.7,16.7
1631.48,32.11,8.43,172.81,62.31,77.49,Clay Loam,377,3,1.0,CoM0265,469.6,6.57,83.0,14.1,34.7,17.0
1937.07,34.67,9.11,232.38,82.82,105.2,Alluvial,418,3,0.0,CoM0265,401.71,6.91,87.4,7.7,33.4,19.2
1274.79,31.43,7.85,152.99,57.53,70.84,Alluvial,366,3,0.82,CoM0265,451.08,6.66,80.6,7.3,33.4,17.1
800.0,26.5,6.8,101.45,40.41,50.0,Sandy Loam,321,5,0.0,Co0238,190.64,6.58,70.0,10.5,21.8,17.8
923.46,28.07,7.08,123.06,43.9,61.07,Red Soil,331,2,1.0,Co0238,305.25,7.09,71.5,11.3,25.4,20.7
1341.08,30.92,8.0,149.23,52.93,69.29,Red Soil,355,2,0.97,Co86032,366.34,6.58,76.8,7.9,32.1,19.3
876.52,26.91,7.29,113.44,40.88,53.81,Sandy Loam,322,5,0.92,Co86032,291.37,7.08,78.5,13.7,24.9,20.9
1310.91,29.55,7.6,132.73,48.37,67.02,Red Soil,356,2,0.88,Co0238,350.71,6.51,80.0,8.0,35.8,17.9
831.44,26.7,6.92,104.88,40.0,50.71,Sandy Loam,320,5,0.0,Co0238,203.8,6.81,76.9,3.7,22.5,21.5
860.59,27.01,6.8,101.35,40.54,51.88,Sandy Loam,321,5,1.0,Co0238,282.46,6.74,72.8,11.2,23.1,20.0
1056.87,28.97,7.36,128.5,48.53,60.87,Red Soil,340,2,0.05,CoM0265,213.75,6.58,75.2,8.8,28.1,18.1
881.36,27.18,7.0,112.53,41.96,56.33,Sandy Loam,324,4,1.0,CoM0265,291.5,6.81,69.7,10.2,25.5,19.7
1872.2,34.44,8.83,227.77,79.51,101.84,Alluvial,410,3,1.0,CoM0265,561.57,7.06,88.2,12.8,43.6,16.1
1229.32,31.01,7.87,151.47,58.44,73.54,Alluvial,363,3,0.98,CoM0265,432.56,6.71,82.9,6.9,26.4,17.7
822.05,26.5,6.8,101.85,40.0,50.0,Sandy Loam,322,5,1.0,Co86032,274.19,6.82,70.3,10.2,29.1,17.1
1137.34,30.46,7.72,155.52,57.42,71.56,Clay Loam,364,4,0.87,CoM0265,417.11,7.01,75.8,12.5,27.2,19.0
943.23,27.53,6.88,119.78,45.83,61.04,Red Soil,328,2,1.0,Co0238,317.63,6.88,78.3,7.8,24.6,18.0
1088.03,30.41,7.72,151.47,58.09,69.21,Clay Loam,361,4,0.85,CoM0265,423.17,7.01,74.3,13.0,25.3,21.3
913.59,27.71,7.15,116.37,44.45,58.26,Sandy Loam,331,4,0.0,Co0238,188.4,6.9,69.5,11.6,23.1,21.6
1243.81,31.98,7.92,156.78,59.63,76.47,Alluvial,369,3,0.0,Co86032,325.94,6.98,74.5,9.9,29.7,19.4
1738.32,33.15,8.59,213.06,77.14,94.9,Alluvial,407,3,1.0,Co86032,544.92,7.15,98.0,6.9,41.4,14.8
1193.84,29.65,7.66,135.87,48.56,64.38,Red Soil,347,2,1.0,Co86032,352.93,7.09,72.1,8.2,25.9,17.2
904.29,27.62,7.12,118.27,41.69,58.41,Sandy Loam,328,4,0.16,Co0238,188.4,6.8,63.9,14.1,23.0,17.5
1186.01,29.37,7.53,139.64,48.41,63.19,Red Soil,349,2,1.0,Co86032,350.06,6.6,83.3,3.5,30.1,17.2
949.45,28.47,7.3,122.96,46.84,60.86,Red Soil,336,2,1.0,Co0238,326.69,6.34,77.0,10.3,25.1,17.2
1735.75,33.43,8.91,205.06,77.47,94.41,Clay Loam,400,4,1.0,Co0238,542.45,6.52,87.0,10.0,37.8,16.4
1650.82,32.47,8.52,187.73,72.06,89.69,Clay Loam,388,4,0.07,Co0238,355.97,6.77,84.4,12.6,35.6,16.2
1209.77,31.49,7.99,161.41,59.47,72.73,Alluvial,370,3,0.11,Co86032,326.21,6.86,74.5,11.8,30.4,18.5
1419.27,32.4,8.44,179.88,63.92,77.35,Alluvial,381,3,0.99,Co86032,485.68,6.98,85.5,12.2,33.1,19.7
1273.33,31.14,7.96,157.81,55.8,71.23,Alluvial,365,3,0.86,CoM0265,463.04,6.8,74.3,12.3,29.8,20.1
919.69,26.98,6.85,110.36,41.53,54.24,Sandy Loam,326,5,0.93,Co86032,279.83,6.6,71.2,2.0,26.8,17.1
1789.77,34.05,9.11,215.6,81.4,99.47,Alluvial,409,3,0.79,Co86032,543.41,6.74,97.9,10.8,35.2,15.3
1754.68,33.81,9.07,218.06,79.68,101.41,Alluvial,411,3,0.86,CoM0265,546.66,6.57,92.3,13.4,36.4,15.1
1893.8,34.69,9.22,226.19,82.34,105.6,Alluvial,420,3,0.0,CoM0265,403.57,6.98,89.1,12.5,40.2,14.2
1158.93,29.51,7.58,132.34,48.79,62.84,Red Soil,344,2,0.97,Co86032,324.17,6.61,76.7,7.2,29.6,19.8
834.89,26.91,6.8,106.14,40.91,54.16,Sandy Loam,321,5,1.0,Co0238,286.25,6.83,76.5,6.2,26.2,18.1
1132.29,29.65,7.5,140.08,49.44,61.33,Red Soil,346,2,0.85,Co86032,337.86,6.83,82.8,11.2,27.0,20.6
1249.32,31.49,7.96,161.6,59.61,72.52,Alluvial,365,3,0.97,CoM0265,451.28,7.22,85.1,7.6,30.8,20.1
1370.2,30.71,7.85,143.22,54.48,69.16,Red Soil,361,2,0.96,Co86032,357.61,6.71,82.5,12.0,33.9,18.3
812.17,27.1,6.86,102.17,40.5,51.16,Sandy Loam,320,5,0.0,Co0238,198.8,6.76,68.2,13.1,25.2,16.9
1734.53,33.41,8.83,214.28,78.05,95.3,Alluvial,404,3,1.0,Co86032,529.61,7.04,96.2,10.8,38.1,16.1
1287.59,30.79,8.2,157.29,57.64,72.5,Alluvial,366,3,0.97,CoM0265,433.64,7.12,81.7,7.7,30.2,20.2
1017.05,28.71,7.47,127.39,47.41,62.57,Red Soil,341,2,1.0,Co0238,325.19,7.17,76.5,11.8,29.1,18.5
1771.89,33.37,8.98,214.02,77.92,93.93,Alluvial,408,3,1.0,Co86032,537.84,6.64,98.0,9.9,36.0,18.0
1921.87,34.13,9.09,230.37,82.64,105.55,Alluvial,414,3,0.05,CoM0265,400.14,6.68,89.5,9.6,41.9,15.7
1820.87,33.7,8.86,215.68,79.92,98.82,Alluvial,406,3,1.0,CoM0265,522.39,6.55,98.0,8.3,34.4,14.3
974.56,28.21,7.37,128.38,46.19,60.63,Red Soil,330,2,1.0,Co0238,328.07,6.61,80.0,7.5,29.5,18.0
1509.69,32.98,8.61,183.19,71.54,84.81,Clay Loam,387,3,0.82,Co86032,487.77,6.76,87.7,12.7,34.0,19.6
800.0,26.5,6.8,102.85,40.0,52.33,Sandy Loam,321,5,0.12,Co0238,193.88,6.76,67.4,11.5,21.7,18.8
1108.57,29.86,7.6,136.78,49.61,65.7,Red Soil,349,2,0.94,Co86032,320.07,7.04,80.8,8.1,35.3,17.9
1075.27,28.78,7.38,134.78,49.6,60.51,Red Soil,339,2,0.06,CoM0265,229.61,6.23,70.7,11.6,32.7,18.2
1419.57,32.15,8.36,181.2,69.01,82.52,Alluvial,378,3,0.95,Co0238,466.37,6.56,73.3,13.7,38.4,18.4
1720.26,33.56,8.83,205.58,77.16,94.15,Clay Loam,402,4,1.0,Co0238,521.66,7.05,91.6,10.3,40.3,17.6
1768.13,33.19,8.94,205.86,77.58,95.32,Clay Loam,400,4,1.0,Co0238,538.55,6.88,98.0,5.1,40.1,16.9
1673.5,32.21,8.6,193.5,74.65,87.86,Clay Loam,391,4,0.2,Co0238,355.6,6.55,84.3,12.7,37.2,18.3
1250.97,31.81,8.06,165.03,61.65,73.84,Alluvial,373,3,0.05,Co86032,309.54,6.78,80.7,5.3,25.7,19.1
1290.97,30.79,8.16,153.05,60.23,71.03,Alluvial,366,3,0.96,CoM0265,451.48,6.48,86.3,10.1,35.8,20.5
800.0,26.66,6.91,100.0,41.19,50.0,Sandy Loam,320,5,0.02,Co0238,189.81,6.86,77.5,8.5,23.1,19.2
1441.86,31.91,8.2,172.57,67.62,85.13,Alluvial,378,3,0.89,Co0238,492.91,6.8,82.3,6.1,30.7,19.6
800.0,26.63,6.8,100.39,40.0,50.51,Sandy Loam,324,5,1.0,Co86032,256.53,6.89,74.9,2.2,22.7,20.7
1610.83,32.23,8.47,175.18,65.36,77.16,Clay Loam,378,3,1.0,CoM0265,487.95,6.84,87.4,9.9,34.2,17.8
1812.32,34.08,8.94,222.89,80.11,102.88,Alluvial,411,3,1.0,CoM0265,558.8,6.78,91.5,9.9,40.7,18.5
802.22,26.85,7.02,100.41,40.0,50.0,Sandy Loam,322,5,0.0,Co0238,188.75,6.57,70.3,13.6,22.0,19.5
916.17,27.63,6.98,116.1,44.75,58.7,Sandy Loam,331,4,0.0,Co0238,204.74,7.05,71.9,13.9,25.6,19.6
1685.29,33.77,8.65,204.64,75.61,93.33,Clay Loam,407,4,0.96,Co0238,523.13,6.92,88.5,7.7,41.5,18.7
1881.42,34.33,9.16,222.45,83.62,102.4,Alluvial,406,3,0.88,Co86032,548.0,6.71,91.3,10.0,42.5,16.8
956.49,27.37,7.12,116.35,44.74,60.94,Sandy Loam,322,4,0.0,Co0238,188.4,6.63,66.8,10.9,25.5,21.2
1604.66,32.3,8.66,169.54,64.81,78.39,Clay Loam,375,3,1.0,CoM0265,462.51,6.77,85.2,7.0,37.5,17.1
1199.82,31.81,8.36,166.22,59.87,75.05,Alluvial,368,3,0.14,Co86032,309.98,6.88,74.2,4.5,34.5,16.8
1088.13,28.72,7.32,129.52,48.97,60.89,Red Soil,341,2,0.03,CoM0265,217.87,6.93,73.8,4.4,27.2,19.1
1125.6,29.42,7.5,136.05,47.63,65.45,Red Soil,344,2,1.0,Co86032,334.74,6.61,80.2,7.3,30.2,18.4
1853.64,34.65,9.08,237.38,83.63,108.1,Alluvial,414,3,0.0,CoM0265,399.97,7.13,95.8,12.6,39.7,14.3
878.96,26.81,6.94,104.77,40.0,56.18,Sandy Loam,331,5,0.99,Co86032,278.43,6.48,70.1,9.6,18.3,17.4
1729.91,33.57,8.8,201.65,76.9,93.11,Clay Loam,405,4,0.9,Co0238,512.01,7.01,86.4,10.3,32.3,19.2
1502.3,32.7,8.45,186.88,69.38,84.36,Clay Loam,382,4,1.0,Co0238,486.59,6.77,84.6,9.4,37.4,19.3
1683.79,32.96,8.74,211.52,76.04,89.56,Clay Loam,400,3,1.0,CoM0265,515.12,7.1,82.0,14.4,39.0,17.0
1210.07,31.57,8.22,163.4,59.69,74.71,Alluvial,369,3,0.0,Co86032,308.12,6.89,94.0,9.9,30.6,17.1
1870.09,34.67,9.15,225.06,83.16,105.56,Alluvial,421,3,0.07,CoM0265,395.2,6.8,92.6,8.7,41.3,14.3
835.01,27.11,7.22,107.54,41.45,54.39,Sandy Loam,325,5,0.97,Co86032,277.08,6.92,72.2,12.9,25.5,21.9
1303.18,31.41,8.21,165.26,60.5,76.19,Alluvial,370,3,0.92,CoM0265,444.03,6.73,78.6,11.8,31.7,18.3
840.16,26.5,6.8,103.62,40.0,53.02,Sandy Loam,323,5,1.0,Co86032,269.94,6.72,63.3,8.1,27.0,20.1
1705.47,32.11,8.58,191.87,72.48,89.0,Clay Loam,393,4,0.11,Co0238,339.7,6.59,92.5,11.8,38.5,14.3
1461.28,32.87,8.47,178.85,70.34,82.48,Clay Loam,384,3,0.87,Co86032,476.0,6.82,91.7,4.9,30.7,19.7
1532.74,32.54,8.57,188.54,69.41,82.09,Clay Loam,388,3,0.96,Co86032,494.3,6.75,83.8,13.5,41.7,16.7
1426.22,32.08,8.38,174.75,65.64,82.53,Alluvial,378,3,1.0,Co0238,482.12,6.82,82.4,12.5,36.7,20.4
1521.11,32.64,8.57,183.35,69.45,88.74,Clay Loam,389,3,0.98,Co86032,495.3,6.67,78.7,9.6,32.0,15.6
1259.17,31.37,8.0,157.78,59.39,75.04,Alluvial,366,3,0.96,CoM0265,446.26,6.77,83.2,7.0,34.0,18.4
1283.04,30.42,7.94,148.4,50.54,68.51,Red Soil,353,2,1.0,Co86032,342.44,6.57,73.9,9.8,32.0,19.6
1816.33,34.1,8.99,226.9,82.13,101.04,Alluvial,413,3,0.98,Co86032,537.18,6.86,93.6,9.3,37.8,19.2
1489.44,33.63,8.43,191.4,69.61,83.88,Clay Loam,387,4,1.0,Co0238,500.52,6.84,83.6,12.1,30.4,15.9
852.45,26.76,7.07,102.01,40.44,52.63,Sandy Loam,321,5,1.0,Co0238,264.71,6.69,80.2,10.7,24.7,19.3
1242.89,31.21,7.95,162.81,58.42,74.78,Alluvial,376,3,0.0,Co86032,315.59,7.23,70.4,9.6,34.9,19.1
1732.47,32.5,8.59,191.27,71.43,88.34,Clay Loam,391,4,0.09,Co0238,369.67,6.75,83.6,7.9,37.9,17.1
1071.07,30.45,7.75,152.68,58.4,68.87,Clay Loam,362,4,1.0,CoM0265,429.96,6.79,75.0,10.0,24.4,18.9
1295.45,29.94,7.43,139.71,50.47,61.84,Red Soil,352,2,1.0,Co0238,351.37,7.04,82.2,11.2,35.2,16.7
1055.66,28.79,7.2,132.22,47.97,63.21,Red Soil,340,2,0.03,CoM0265,211.77,6.83,73.1,9.4,28.1,20.3
829.84,27.06,6.95,104.85,41.23,52.37,Sandy Loam,324,5,0.85,Co0238,282.84,6.97,76.9,9.1,26.1,18.2
1922.31,34.43,9.08,232.05,82.56,102.94,Alluvial,415,3,0.96,CoM0265,554.87,6.64,92.4,16.3,39.5,16.6
1622.86,33.25,8.8,199.54,74.96,87.46,Clay Loam,397,3,1.0,CoM0265,499.72,6.73,84.1,9.1,31.8,20.4
1492.83,32.71,8.54,185.33,70.48,82.95,Clay Loam,384,3,0.99,Co86032,508.74,6.69,89.3,5.0,32.1,15.9
1559.59,32.29,8.51,189.6,69.03,83.12,Clay Loam,382,4,1.0,Co0238,484.06,7.07,85.0,7.6,36.2,16.3
1522.72,32.68,8.63,186.75,69.58,85.93,Clay Loam,382,3,1.0,Co86032,508.8,6.86,93.5,14.7,39.7,16.1
1498.46,33.04,8.57,191.11,70.68,84.48,Clay Loam,391,4,1.0,Co0238,497.62,6.96,85.9,12.4,31.3,17.8
1041.72,29.25,7.25,129.37,47.0,61.79,Red Soil,342,2,0.16,CoM0265,228.49,6.97,77.7,7.3,30.8,18.8
1947.53,34.99,9.3,242.22,84.95,112.0,Alluvial,418,3,0.85,Co86032,576.65,6.84,88.6,15.8,39.0,12.1
1315.15,29.37,7.52,141.31,47.96,64.45,Red Soil,349,2,1.0,Co0238,347.23,6.68,85.8,7.4,37.1,16.9
1560.03,31.98,8.64,177.52,62.55,79.86,Clay Loam,385,3,0.96,CoM0265,453.31,6.8,97.6,6.8,28.8,18.3
896.37,27.13,7.02,105.84,42.95,54.24,Sandy Loam,325,5,1.0,Co86032,286.05,6.81,69.0,13.4,27.4,19.6
1518.82,32.57,8.35,185.68,69.83,82.65,Clay Loam,378,3,0.95,Co86032,495.52,6.84,91.0,11.4,31.3,17.6
1768.98,34.41,8.83,216.21,79.57,96.23,Alluvial,410,3,0.96,CoM0265,539.49,6.82,89.4,13.1,35.9,16.0
1309.29,29.95,7.53,140.31,49.95,66.58,Red Soil,354,2,1.0,Co0238,335.24,6.74,80.4,8.4,36.9,18.4
1354.85,30.51,7.97,148.65,53.45,71.04,Red Soil,357,2,0.91,Co86032,357.69,7.2,75.3,12.3,36.0,19.8
832.74,26.55,6.89,100.0,40.84,52.38,Sandy Loam,320,5,1.0,Co0238,279.49,6.9,69.1,10.1,28.0,18.3
1295.67,29.91,7.63,146.24,49.68,67.5,Red Soil,351,2,0.88,Co0238,342.19,6.47,77.5,9.4,27.5,17.2
923.32,28.02,7.29,123.36,45.2,58.96,Red Soil,331,2,0.89,Co0238,323.04,7.05,69.6,6.0,22.0,18.8
1914.69,34.58,9.1,230.95,84.2,110.25,Alluvial,416,3,0.0,CoM0265,387.27,6.6,98.0,12.1,38.9,16.2
892.85,26.96,6.96,110.8,42.55,53.37,Sandy Loam,325,4,1.0,CoM0265,278.79,6.67,71.5,9.5,22.3,20.8
1603.33,32.16,8.34,172.06,62.62,77.01,Clay Loam,375,3,0.99,CoM0265,455.93,6.65,82.2,9.3,36.2,19.4
886.61,26.8,6.95,101.54,43.62,56.07,Sandy Loam,322,5,0.91,Co86032,290.3,6.93,66.2,7.1,25.3,21.9
939.07,28.45,7.34,123.01,44.02,59.49,Red Soil,327,2,1.0,Co0238,314.02,6.57,82.8,9.8,25.2,19.6
1792.02,33.82,8.81,213.42,78.07,99.23,Alluvial,404,3,1.0,Co86032,529.87,6.88,97.9,15.4,34.2,16.0
1882.21,34.4,8.95,227.46,81.54,105.14,Alluvial,416,3,0.99,CoM0265,575.38,6.89,94.0,11.9,44.1,15.1
1323.32,30.63,8.0,147.08,50.62,68.74,Red Soil,352,2,1.0,Co86032,352.85,6.81,82.3,12.1,26.0,17.2
1133.89,29.98,7.92,152.1,55.09,70.19,Clay Loam,360,4,1.0,CoM0265,421.71,6.93,78.0,9.0,22.0,22.0
831.11,27.32,6.95,105.51,40.23,54.69,Sandy Loam,327,5,1.0,Co86032,279.22,6.79,66.4,14.3,26.4,20.3
1116.96,29.13,7.7,130.73,49.99,61.97,Red Soil,344,2,1.0,Co86032,341.28,6.78,77.2,6.5,30.6,18.9
1505.21,32.69,8.59,188.03,70.84,87.42,Alluvial,387,3,0.88,Co86032,508.9,6.94,84.5,10.2,28.9,17.3
1374.12,30.65,7.9,152.12,51.31,68.87,Red Soil,357,2,0.97,Co86032,361.79,7.02,81.9,7.0,27.3,17.4
872.32,27.66,7.03,109.23,42.66,56.69,Sandy Loam,327,4,0.97,CoM0265,303.03,6.75,70.3,11.3,26.2,18.3
1325.78,31.69,8.24,170.21,61.4,75.52,Alluvial,369,3,1.0,CoM0265,454.01,6.76,74.6,9.7,28.4,19.4
1348.72,30.42,7.86,141.75,54.0,68.58,Red Soil,353,2,1.0,Co86032,365.95,6.91,86.1,10.4,34.3,17.9
1233.14,31.81,8.32,156.76,59.91,74.3,Alluvial,372,3,0.0,Co86032,312.97,6.72,73.0,6.0,34.1,21.9
1753.85,34.07,8.96,216.5,77.36,96.39,Alluvial,405,3,1.0,CoM0265,513.48,6.75,97.1,10.6,35.7,16.4
1926.57,34.74,9.17,236.07,82.93,104.07,Alluvial,415,3,0.0,CoM0265,388.0,6.48,98.0,11.2,42.0,13.6
1689.39,32.28,8.6,195.55,69.75,87.51,Clay Loam,391,4,0.0,Co0238,350.54,6.76,88.1,14.0,35.1,19.7
1753.07,32.87,8.82,209.52,79.22,96.8,Alluvial,407,3,0.98,Co86032,526.08,6.9,92.8,9.3,38.8,15.2
1061.65,28.65,7.46,126.11,47.77,59.64,Red Soil,346,2,0.0,CoM0265,219.3,6.58,80.7,5.3,29.9,17.8
1940.09,34.65,8.83,229.69,80.45,105.56,Alluvial,417,3,0.0,CoM0265,398.17,7.0,89.6,13.2,41.3,15.0
898.35,26.93,7.1,109.09,41.67,53.21,Sandy Loam,325,5,0.96,Co86032,272.12,6.97,72.7,7.2,28.6,16.8
1689.25,33.39,8.8,212.31,77.9,93.85,Clay Loam,401,4,1.0,Co0238,518.95,7.18,89.7,12.0,36.9,20.9
967.03,27.45,7.08,116.87,42.12,58.24,Sandy Loam,330,4,0.0,Co0238,198.54,6.71,65.4,11.1,26.9,20.6
1598.89,32.22,8.34,164.4,62.11,79.5,Clay Loam,375,3,0.9,CoM0265,467.08,6.75,84.4,8.2,36.3,17.3
1217.25,31.2,7.82,155.16,59.42,71.28,Alluvial,366,3,0.95,CoM0265,440.96,6.93,83.8,5.4,37.0,18.2
1818.5,34.13,9.17,227.27,81.84,100.97,Alluvial,409,3,1.0,Co86032,529.68,6.78,86.5,8.5,39.7,16.2
1185.74,31.56,8.07,161.17,57.95,76.12,Alluvial,372,3,0.02,Co86032,318.05,6.81,85.5,9.7,32.8,19.3
1896.07,34.45,9.15,237.15,80.99,102.69,Alluvial,417,3,0.0,CoM0265,391.63,7.05,93.6,3.6,40.9,16.4
1199.39,30.83,7.74,152.87,59.88,70.42,Alluvial,365,3,0.9,CoM0265,438.94,6.4,81.1,14.4,26.0,19.0
1081.87,28.65,7.35,132.28,48.26,62.19,Red Soil,342,2,0.09,CoM0265,217.07,6.95,79.0,10.7,23.3,19.8
1166.76,31.64,8.1,162.42,59.85,75.61,Alluvial,365,3,0.01,Co86032,338.16,6.83,76.1,12.6,27.5,19.8
991.5,28.26,7.28,122.13,45.19,59.79,Red Soil,333,2,1.0,Co0238,321.09,6.35,70.0,9.9,27.4,19.0
1906.1,34.56,9.02,229.12,82.96,105.48,Alluvial,414,3,0.04,CoM0265,391.42,7.02,91.3,8.4,37.0,15.7
1571.24,32.9,8.66,191.67,70.98,86.28,Alluvial,384,3,0.9,Co86032,491.93,6.65,96.0,11.2,34.5,17.5
877.98,27.11,7.23,116.25,43.19,55.21,Sandy Loam,326,4,0.99,CoM0265,295.25,6.71,73.0,11.1,30.7,19.8
1884.9,34.67,9.25,230.35,81.31,103.05,Alluvial,414,3,1.0,CoM0265,560.94,6.91,98.0,12.9,38.5,13.0
837.52,26.67,6.88,107.64,40.19,51.17,Sandy Loam,321,5,0.8,Co0238,278.83,6.37,71.7,8.2,19.7,21.4
901.57,27.58,7.17,111.35,43.0,56.23,Sandy Loam,331,4,1.0,CoM0265,294.28,6.99,71.0,9.2,28.3,18.7
838.52,26.76,6.88,102.53,40.0,51.09,Sandy Loam,322,5,1.0,Co0238,286.37,6.94,67.3,7.5,20.6,22.8
1648.75,32.27,8.44,173.23,61.49,79.81,Clay Loam,373,3,1.0,CoM0265,472.58,6.74,87.0,7.1,38.1,18.8
1586.11,33.46,8.8,199.48,75.88,87.2,Clay Loam,395,3,0.96,CoM0265,520.09,7.15,93.4,11.0,34.9,16.7
1648.04,33.27,8.85,196.13,74.05,88.59,Clay Loam,391,3,0.84,CoM0265,507.59,6.75,88.8,10.3,42.3,17.5
842.72,26.79,6.8,107.21,40.92,51.47,Sandy Loam,321,5,1.0,Co86032,267.75,6.81,69.3,8.1,26.3,18.6
1165.02,29.73,7.6,131.26,48.73,60.76,Red Soil,343,2,1.0,Co86032,332.02,6.78,82.4,14.2,26.7,17.8
985.16,28.31,7.31,127.3,48.17,63.27,Red Soil,340,2,0.95,Co0238,329.6,6.81,72.8,12.5,32.4,17.0
1143.08,30.31,7.75,154.91,57.68,69.84,Clay Loam,360,4,0.92,CoM0265,428.17,7.14,81.4,8.4,30.3,19.4
926.12,28.62,7.09,113.76,44.31,60.73,Red Soil,330,2,1.0,Co0238,320.98,6.84,74.3,10.5,23.8,20.5
1250.05,31.46,8.15,166.31,60.05,77.01,Alluvial,374,3,0.0,Co86032,308.66,6.68,86.8,7.3,30.0,18.4
1202.21,31.6,8.29,162.52,59.55,75.77,Alluvial,372,3,0.0,Co86032,324.2,6.68,82.8,11.6,25.7,18.2
832.81,27.23,6.94,104.71,40.41,53.48,Sandy Loam,325,5,0.96,Co86032,269.81,6.82,78.3,15.4,18.7,21.1
1761.43,33.1,8.93,217.45,78.47,93.04,Alluvial,403,3,0.77,Co86032,529.62,6.73,88.7,9.6,35.7,17.8
1685.31,32.17,8.45,196.7,71.76,88.0,Clay Loam,392,4,0.07,Co0238,366.61,6.55,91.9,10.8,38.8,17.4
1834.38,33.89,9.16,213.59,79.36,97.28,Alluvial,407,3,0.91,CoM0265,546.46,6.45,91.1,2.0,36.4,17.0
1695.69,33.13,8.9,198.63,75.65,90.07,Clay Loam,397,3,0.99,CoM0265,508.4,6.84,89.0,7.4,35.7,14.4
953.92,27.86,7.36,115.94,44.08,58.41,Red Soil,327,2,1.0,Co0238,305.41,6.91,77.9,9.0,21.8,21.9
1930.66,34.95,9.22,243.0,84.26,109.61,Alluvial,421,3,1.0,Co86032,574.76,6.81,98.0,7.5,38.3,15.7
915.98,26.89,6.96,107.56,41.21,53.84,Sandy Loam,325,4,0.95,CoM0265,272.95,6.64,70.3,5.9,30.1,17.3
1056.12,28.44,7.18,127.85,47.47,64.07,Red Soil,337,2,1.0,Co0238,330.79,7.06,66.3,7.9,25.2,21.4
1333.07,30.65,7.88,151.3,50.86,68.44,Red Soil,352,2,0.93,Co86032,360.74,6.72,77.5,6.9,31.9,17.6
818.14,26.5,6.84,100.35,40.85,50.0,Sandy Loam,320,5,0.07,Co0238,205.28,6.73,79.0,8.3,22.9,20.0
1952.62,35.2,9.1,238.02,85.12,108.17,Alluvial,420,3,1.0,Co86032,572.26,6.81,94.8,12.4,39.3,15.7
981.57,28.16,7.39,121.62,47.58,60.55,Red Soil,335,2,0.92,Co0238,312.15,6.53,64.4,9.6,25.2,18.1
971.51,28.52,7.52,118.92,45.95,60.03,Red Soil,333,2,1.0,Co0238,311.99,6.63,77.8,13.2,27.7,19.2
1698.46,32.24,8.66,185.88,74.38,86.57,Clay Loam,392,4,0.07,Co0238,347.69,6.73,91.0,10.0,34.3,17.5
1350.81,30.82,7.9,144.46,55.48,69.24,Red Soil,356,2,1.0,Co86032,359.13,6.78,84.2,11.2,32.3,15.3
1634.65,32.75,8.87,200.76,78.45,90.83,Clay Loam,393,3,0.95,CoM0265,505.21,6.5,91.7,5.9,37.0,16.6
1672.89,33.27,8.68,211.05,75.68,92.4,Clay Loam,398,3,0.9,CoM0265,514.04,6.69,94.7,4.0,39.7,16.3
1764.12,34.04,8.88,221.61,80.39,100.99,Alluvial,411,3,0.93,Co86032,544.01,6.71,83.3,18.7,35.1,17.1
1181.67,31.28,8.11,154.12,58.1,74.15,Alluvial,371,3,0.08,Co86032,316.49,7.04,79.7,14.2,29.5,22.2
1404.87,32.75,8.52,184.29,65.96,80.81,Alluvial,380,3,0.79,Co86032,484.6,6.75,83.1,13.4,32.3,16.9
1540.99,32.74,8.77,194.29,70.78,84.67,Clay Loam,389,4,0.89,Co0238,505.25,6.92,80.9,14.7,37.7,18.6
1082.02,28.84,7.47,138.24,47.7,61.37,Red Soil,344,2,0.12,CoM0265,244.07,6.7,84.9,11.9,32.4,18.2
1853.53,34.5,9.06,229.72,80.79,104.08,Alluvial,411,3,0.99,CoM0265,560.63,6.67,86.9,9.0,38.0,18.0
1721.98,32.59,8.43,192.75,70.44,87.94,Clay Loam,389,4,0.35,Co0238,344.94,6.68,94.8,9.6,37.3,17.1
1683.11,32.66,8.84,202.0,74.15,90.29,Clay Loam,393,4,0.0,Co0238,369.83,7.16,93.1,9.0,37.7,18.5
1491.63,32.72,8.55,190.71,66.62,85.3,Clay Loam,385,4,0.91,Co0238,514.15,6.76,89.0,8.5,35.4,15.4
1115.36,30.29,7.75,151.68,56.03,72.67,Clay Loam,367,4,1.0,CoM0265,412.01,6.71,70.2,6.0,30.5,18.6
1068.88,28.96,7.38,133.85,47.89,61.59,Red Soil,342,2,0.0,CoM0265,207.88,6.57,70.3,4.3,27.5,16.7
1701.98,33.54,8.75,205.76,75.76,94.85,Clay Loam,396,4,1.0,Co0238,513.8,6.63,88.1,13.0,39.4,16.6
962.49,28.36,7.28,119.47,46.47,59.05,Red Soil,335,2,0.97,Co0238,321.8,6.73,75.2,10.6,30.0,20.4
1548.82,33.12,8.69,194.26,74.22,86.92,Alluvial,390,3,1.0,Co86032,509.19,6.68,85.4,10.2,34.4,18.2
1389.25,31.64,8.18,176.17,64.97,81.02,Alluvial,377,3,1.0,Co0238,463.51,6.84,74.6,8.3,29.4,17.3
1549.23,33.11,8.67,200.25,70.94,86.88,Clay Loam,387,4,0.95,Co0238,508.39,7.0,76.1,9.0,38.1,16.0
1073.99,29.0,7.49,129.83,48.13,62.25,Red Soil,341,2,0.08,CoM0265,232.99,6.96,74.3,11.0,34.1,19.6
1332.34,30.82,8.01,149.96,50.98,67.98,Red Soil,355,2,0.99,Co86032,357.64,6.8,79.0,8.5,34.0,18.6
1037.95,30.52,7.84,142.16,53.62,69.22,Clay Loam,364,4,0.9,CoM0265,429.69,6.72,68.6,11.4,31.7,18.2
1311.98,30.71,8.07,170.59,61.84,76.29,Alluvial,372,3,1.0,CoM0265,443.35,6.9,80.9,10.5,25.9,18.8
1293.7,29.83,7.63,141.37,52.2,68.03,Red Soil,350,2,0.96,Co0238,358.3,6.62,81.5,9.1,34.0,16.8
1730.47,34.04,9.11,220.3,80.07,102.16,Alluvial,408,3,0.85,CoM0265,539.69,6.94,86.4,16.1,33.8,11.5
1328.4,31.46,8.06,159.79,58.37,72.91,Alluvial,371,3,1.0,CoM0265,440.45,6.75,77.2,10.9,32.4,19.1
983.88,28.76,7.22,121.16,45.45,63.4,Red Soil,328,2,1.0,Co0238,334.44,6.87,63.9,14.8,26.2,16.5
1138.31,29.32,7.5,137.2,49.17,61.39,Red Soil,348,2,1.0,Co86032,342.04,6.76,79.6,5.2,31.6,18.8
1185.6,31.47,8.17,164.37,59.39,75.39,Alluvial,369,3,0.13,Co86032,319.34,6.62,80.5,13.0,27.3,19.1
1155.89,29.72,7.5,137.81,48.2,63.6,Red Soil,343,2,1.0,Co86032,347.58,6.43,86.1,7.9,27.2,17.6
1287.85,31.03,7.94,154.57,54.44,72.35,Alluvial,364,3,1.0,CoM0265,439.55,6.75,74.4,11.0,29.1,17.6
1043.75,28.68,7.25,133.71,51.55,62.47,Red Soil,340,2,0.0,CoM0265,228.58,6.8,70.4,15.6,33.4,20.2
1157.86,30.64,7.88,152.85,56.87,67.06,Clay Loam,365,4,0.93,CoM0265,432.94,6.92,90.6,10.6,27.9,19.0
1435.61,31.73,8.36,172.19,68.72,81.86,Alluvial,381,3,0.93,Co0238,481.83,6.65,78.3,8.5,33.8,13.4
1867.2,33.9,9.06,224.23,81.92,103.55,Alluvial,415,3,1.0,CoM0265,566.19,6.81,85.0,12.7,41.2,15.8
1667.76,33.39,8.63,208.01,78.74,95.17,Clay Loam,404,4,1.0,Co0238,510.68,6.57,93.4,6.6,36.6,16.8
1609.61,32.05,8.45,173.76,62.99,79.23,Clay Loam,376,3,1.0,CoM0265,457.29,6.78,89.4,11.1,38.4,16.2
1825.66,34.55,8.93,218.61,81.3,103.17,Alluvial,411,3,1.0,Co86032,551.75,7.38,88.4,11.2,37.0,14.7
1013.76,28.42,7.29,126.78,47.93,59.14,Red Soil,338,2,1.0,Co0238,327.1,6.54,79.5,8.2,24.4,20.5
1784.81,33.16,8.87,209.72,81.31,92.82,Alluvial,404,3,0.91,Co86032,543.01,7.16,87.0,13.1,40.2,16.9
1854.21,34.48,9.0,223.33,81.46,100.8,Alluvial,409,3,0.98,Co86032,533.13,6.88,95.4,4.3,37.9,17.4
848.28,27.1,6.8,100.0,40.0,50.96,Sandy Loam,324,5,0.86,Co86032,265.29,6.84,75.6,9.9,22.6,21.2
1357.7,30.32,7.99,144.72,53.19,67.85,Red Soil,351,2,1.0,Co86032,370.18,6.53,89.1,13.1,30.3,17.9
1546.46,32.32,8.34,176.66,62.4,78.01,Clay Loam,380,3,1.0,CoM0265,464.37,6.86,89.4,9.4,40.0,15.6
1640.77,32.92,8.84,199.6,75.86,89.86,Clay Loam,397,3,0.92,CoM0265,488.27,6.77,85.5,11.0,37.4,16.2
1238.43,31.52,8.07,158.1,59.18,77.62,Alluvial,377,3,0.12,Co86032,318.04,6.7,74.8,11.3,26.3,22.3
1219.41,31.62,7.88,158.79,60.15,73.77,Alluvial,368,3,0.07,Co86032,313.77,6.88,81.7,6.7,26.9,18.2
1900.01,33.92,9.15,235.21,82.48,105.53,Alluvial,415,3,0.0,CoM0265,400.83,6.74,97.9,12.0,40.6,15.1
1790.48,33.47,8.86,209.53,78.42,95.92,Alluvial,405,3,1.0,Co86032,525.71,6.82,89.9,9.8,39.2,16.8
1359.07,30.32,7.85,144.24,51.98,70.39,Red Soil,355,2,1.0,Co86032,379.66,6.89,78.8,10.5,29.8,16.5
956.29,27.46,7.14,110.44,44.04,53.3,Sandy Loam,327,4,1.0,CoM0265,283.75,6.82,71.5,11.5,27.5,18.7
993.98,28.44,7.27,124.31,43.76,63.11,Red Soil,338,2,1.0,Co0238,320.15,6.98,81.5,12.8,31.7,20.7
830.38,26.52,6.9,110.94,43.11,52.02,Sandy Loam,323,5,1.0,Co86032,269.31,6.61,76.4,10.7,26.3,19.5
1112.94,30.51,7.75,153.7,53.97,71.41,Clay Loam,365,4,1.0,CoM0265,405.95,7.08,84.6,7.2,27.4,21.4
1116.18,29.18,7.08,128.86,47.95,63.36,Red Soil,341,2,0.04,CoM0265,222.65,6.93,74.7,11.4,34.0,16.0
1813.02,34.31,9.03,216.29,81.25,97.67,Alluvial,406,3,0.96,CoM0265,536.55,6.74,98.0,13.3,34.1,16.7
875.2,26.84,6.87,107.26,40.58,54.92,Sandy Loam,324,5,1.0,Co86032,276.64,6.6,83.6,9.8,24.8,22.0
1654.43,31.96,8.37,170.66,62.83,78.26,Clay Loam,373,3,1.0,CoM0265,452.57,6.74,92.5,10.5,36.1,14.9
1258.74,31.46,8.12,170.98,60.01,76.25,Alluvial,376,3,0.87,CoM0265,470.85,6.44,83.4,4.1,31.5,20.5
1149.61,29.51,7.47,132.46,49.57,64.84,Red Soil,343,2,0.9,Co86032,327.56,6.65,74.6,10.7,26.7,18.9
1444.81,31.96,8.31,174.57,65.22,83.07,Alluvial,378,3,0.95,Co0238,481.63,7.05,84.7,6.7,30.9,18.9
886.72,27.06,6.9,101.66,43.17,55.39,Sandy Loam,322,5,0.99,Co0238,279.85,6.97,61.5,10.9,20.8,17.7
1398.73,30.81,7.75,149.0,52.05,67.2,Red Soil,348,2,1.0,Co86032,356.22,6.62,81.4,12.1,36.8,16.5
1316.75,29.92,7.74,145.53,51.26,65.97,Red Soil,353,2,0.99,Co0238,360.03,6.93,73.8,14.0,31.1,16.4
830.9,26.63,6.8,100.0,40.0,50.74,Sandy Loam,321,5,1.0,Co86032,292.15,6.89,71.7,8.3,26.5,19.8
1636.12,31.8,8.38,171.51,62.53,78.82,Clay Loam,376,3,0.93,CoM0265,454.21,7.12,96.3,8.7,40.0,16.6
1454.91,33.16,8.67,191.67,71.26,87.04,Clay Loam,386,4,1.0,Co0238,503.01,6.52,85.2,11.5,33.5,17.2
1561.49,32.82,8.95,199.71,69.66,87.69,Alluvial,388,3,1.0,Co86032,496.64,6.71,81.5,12.6,37.3,20.2
1241.87,31.66,8.39,162.59,59.79,77.13,Alluvial,373,3,0.02,Co86032,313.7,6.76,80.7,6.1,29.2,19.5
1834.76,34.24,9.09,229.38,82.84,100.93,Alluvial,409,3,1.0,CoM0265,555.25,6.74,94.3,8.8,39.5,16.3
931.5,28.12,7.11,117.41,44.07,59.27,Red Soil,330,2,1.0,Co0238,299.12,6.88,66.1,2.0,27.2,20.0
1679.38,33.14,8.81,201.95,75.06,90.09,Clay Loam,393,3,0.93,CoM0265,507.3,6.74,98.0,11.2,41.4,19.1
1853.68,33.96,8.97,218.88,79.94,100.19,Alluvial,414,3,1.0,Co86032,529.55,6.93,91.8,10.4,42.7,16.6
1854.49,34.87,9.17,231.15,82.07,104.99,Alluvial,414,3,0.0,CoM0265,397.96,6.73,87.6,8.8,36.9,20.0
1736.36,33.89,8.75,218.46,78.39,96.59,Alluvial,404,3,0.88,Co86032,532.85,7.19,84.0,10.6,33.0,18.5
1909.4,34.41,9.0,233.21,83.27,103.89,Alluvial,412,3,0.13,CoM0265,410.27,6.67,81.8,5.5,34.7,16.5
1784.9,33.58,8.91,207.25,78.17,94.75,Alluvial,401,3,1.0,Co86032,527.76,6.83,98.0,10.8,39.5,16.7
1711.09,33.16,8.97,206.58,75.25,90.09,Clay Loam,396,3,0.85,CoM0265,516.19,6.48,82.0,5.2,35.2,15.2
1470.16,32.55,8.44,181.32,68.49,83.59,Clay Loam,382,3,1.0,Co86032,473.16,6.71,91.3,9.8,32.7,17.7
1958.9,34.51,9.06,230.98,83.43,105.18,Alluvial,418,3,0.14,CoM0265,381.21,6.55,92.8,8.7,36.0,14.0
839.41,26.72,6.9,105.99,40.78,52.07,Sandy Loam,324,5,0.95,Co86032,270.28,6.84,80.7,12.9,22.4,22.8
1473.27,32.95,8.52,183.04,70.99,85.06,Clay Loam,387,3,1.0,Co86032,496.44,6.85,94.3,13.7,36.9,16.3
1556.79,32.92,8.67,196.66,70.02,85.85,Clay Loam,385,4,1.0,Co0238,491.37,7.02,89.6,7.1,30.5,16.8
1290.39,31.3,7.93,167.24,58.8,76.66,Alluvial,373,3,0.9,CoM0265,463.01,6.79,85.1,11.3,32.7,20.3
832.27,26.96,6.84,100.0,40.0,51.43,Sandy Loam,320,5,0.98,Co86032,278.27,7.01,70.0,18.4,23.6,20.3
955.74,27.87,7.27,112.78,43.86,58.71,Sandy Loam,331,4,0.01,Co0238,193.89,6.84,79.7,12.0,24.9,17.8
1883.58,34.48,9.06,233.09,85.19,105.82,Alluvial,410,3,0.0,CoM0265,386.76,6.79,91.4,6.9,41.2,13.1
1161.14,29.51,7.64,135.55,46.75,60.66,Red Soil,348,2,0.89,Co86032,341.3,6.93,70.7,13.3,27.4,16.6
1291.14,30.11,7.31,146.01,49.2,65.75,Red Soil,352,2,1.0,Co0238,354.21,6.79,76.1,14.4,32.4,20.0
1832.59,34.41,8.8,229.48,80.31,104.01,Alluvial,416,3,0.0,CoM0265,387.39,6.52,91.7,12.1,41.3,15.5
1713.23,33.14,8.5,203.81,75.08,91.61,Clay Loam,402,4,1.0,Co0238,508.03,6.72,85.4,10.4,35.9,18.0
1805.54,34.28,8.92,219.89,80.54,102.2,Alluvial,413,3,1.0,Co86032,538.93,6.65,94.5,10.2,41.5,14.9
939.59,27.13,7.07,105.45,41.28,57.21,Sandy Loam,320,5,1.0,Co86032,268.06,6.8,62.4,9.5,27.1,19.9
1940.46,34.5,9.14,238.96,82.71,110.0,Alluvial,418,3,0.09,CoM0265,384.97,6.71,89.9,12.0,44.0,15.9
1901.89,34.68,9.22,234.03,84.98,105.16,Alluvial,419,3,0.0,CoM0265,405.0,6.78,92.6,10.9,38.5,17.0
1838.54,34.22,8.9,227.95,82.35,101.57,Alluvial,410,3,1.0,CoM0265,566.57,6.79,88.1,4.0,42.6,14.0
1615.33,32.79,8.59,197.35,73.87,85.96,Alluvial,394,3,0.86,Co86032,498.12,6.79,85.7,7.4,28.9,17.1
1593.55,32.22,8.47,167.65,62.02,79.93,Clay Loam,374,3,0.85,CoM0265,463.9,6.72,89.5,7.5,36.5,16.6
1659.85,33.03,8.93,201.96,73.89,91.15,Clay Loam,400,3,1.0,CoM0265,500.03,6.95,88.2,7.8,38.7,16.6
1388.08,30.54,7.74,146.38,55.15,70.85,Red Soil,358,2,0.89,Co86032,364.5,7.22,80.1,5.3,35.4,16.7
1366.34,31.91,8.3,180.28,67.48,82.51,Alluvial,385,3,1.0,Co0238,474.33,6.92,88.1,7.5,28.4,19.0
1183.29,29.34,7.49,141.92,50.93,65.89,Red Soil,344,2,0.98,Co86032,338.85,6.97,85.0,11.6,33.9,18.7
1359.31,30.31,7.82,143.18,51.76,66.84,Red Soil,356,2,1.0,Co86032,346.16,6.98,87.2,16.5,37.2,17.1
1618.0,31.98,8.6,173.86,62.6,78.27,Clay Loam,373,3,1.0,CoM0265,464.71,6.71,94.9,10.3,38.1,17.1
934.05,27.31,7.08,113.36,41.23,56.59,Sandy Loam,329,4,0.02,Co0238,189.71,7.02,67.9,8.2,18.8,20.5
1184.74,29.86,7.5,133.39,48.95,64.56,Red Soil,343,2,1.0,Co86032,346.41,6.9,69.7,7.0,26.9,18.0
877.92,26.5,6.92,100.11,40.0,53.11,Sandy Loam,320,5,0.82,Co86032,273.87,6.72,71.2,9.7,22.0,21.7
1165.43,30.56,7.94,160.31,56.45,72.16,Clay Loam,364,4,1.0,CoM0265,434.87,6.65,79.2,8.6,26.4,18.7
1940.29,35.2,9.3,243.0,86.0,112.0,Alluvial,422,3,1.0,Co86032,580.4,6.79,98.0,7.7,42.7,15.3
847.84,26.5,6.82,106.38,40.0,50.0,Sandy Loam,321,5,0.94,Co86032,278.84,6.89,80.6,5.0,20.8,19.3
1438.09,33.1,8.62,195.21,70.34,85.36,Clay Loam,386,4,0.95,Co0238,507.71,6.85,90.2,16.2,28.3,16.6
1377.75,30.19,8.16,146.52,53.96,69.15,Red Soil,356,2,1.0,Co86032,361.17,6.73,87.1,6.1,33.8,19.6
1022.29,29.02,7.31,132.52,48.48,60.4,Red Soil,339,2,0.0,CoM0265,228.45,7.09,76.6,8.8,23.0,18.7
1847.34,34.04,9.16,229.74,81.28,103.76,Alluvial,412,3,0.91,Co86032,557.98,6.3,86.1,6.8,39.1,14.9
836.26,26.5,6.85,104.24,40.53,50.0,Sandy Loam,323,5,1.0,Co86032,281.2,6.69,66.7,7.8,25.4,21.5
1504.78,32.18,8.73,185.13,68.26,82.86,Clay Loam,388,3,1.0,Co86032,495.91,7.07,84.9,10.2,33.5,19.5
1715.21,33.17,8.96,207.68,76.29,90.13,Clay Loam,400,3,1.0,CoM0265,515.86,6.73,92.4,7.4,34.9,19.0
1244.51,29.57,7.79,133.47,49.62,62.28,Red Soil,349,2,1.0,Co86032,336.36,6.54,77.6,10.7,28.8,17.8
1606.61,33.05,8.73,200.21,73.59,91.62,Clay Loam,394,3,1.0,CoM0265,503.14,6.51,94.5,15.6,33.8,15.3
1840.66,34.15,8.93,222.41,81.03,98.47,Alluvial,412,3,0.77,Co86032,550.76,6.82,90.7,10.9,35.6,15.9
1674.8,32.18,8.72,195.9,74.95,88.36,Clay Loam,392,4,0.03,Co0238,371.75,6.85,86.1,4.3,38.3,18.7
1559.45,33.17,8.77,194.58,72.85,87.71,Alluvial,386,3,0.98,Co86032,518.82,6.72,88.6,13.9,32.1,17.9
1407.27,32.12,8.19,179.11,67.9,81.29,Alluvial,380,3,0.99,Co0238,486.54,6.83,83.2,7.3,34.2,16.7
1853.29,34.09,9.18,220.5,81.04,99.72,Alluvial,405,3,0.91,CoM0265,563.83,6.61,97.4,11.2,41.7,16.8
1301.59,29.5,7.5,142.33,49.97,66.65,Red Soil,349,2,1.0,Co0238,354.6,6.49,88.8,9.5,32.5,19.4
1771.65,33.88,9.06,219.69,77.95,100.47,Alluvial,413,3,1.0,CoM0265,536.48,7.01,84.7,9.9,41.7,18.3
908.89,27.38,6.84,105.39,40.91,52.3,Sandy Loam,324,5,0.84,Co0238,287.12,7.23,78.4,5.4,22.9,19.0
1724.88,33.91,8.98,212.47,79.81,96.81,Alluvial,406,3,1.0,Co86032,543.09,7.04,85.5,9.7,32.9,17.6
846.64,26.5,6.96,106.85,40.0,53.15,Sandy Loam,320,5,0.22,Co0238,188.4,6.36,74.9,12.9,23.8,19.6
1271.78,31.26,7.83,151.1,59.12,70.37,Alluvial,368,3,0.84,CoM0265,433.1,6.89,82.9,14.7,31.0,18.2
1305.62,30.88,8.07,159.26,59.07,71.89,Alluvial,361,3,0.83,CoM0265,440.09,6.78,80.7,8.8,27.0,18.0
1264.96,31.29,7.86,158.6,59.88,73.8,Alluvial,371,3,1.0,CoM0265,471.82,7.11,86.6,11.8,31.2,18.9
1702.33,32.35,8.58,194.47,73.49,90.21,Clay Loam,390,4,0.0,Co0238,359.05,6.81,93.6,12.9,36.7,14.6
1238.91,31.21,8.07,161.95,59.05,74.37,Alluvial,370,3,0.0,Co86032,318.25,6.45,81.4,9.3,29.7,17.1
1375.29,30.59,7.84,147.0,50.94,69.05,Red Soil,356,2,1.0,Co86032,359.69,6.82,77.7,11.2,35.6,17.9
1709.88,32.4,8.72,202.47,72.7,90.19,Clay Loam,391,4,0.0,Co0238,361.33,6.77,86.4,11.6,36.1,15.8
1247.1,30.96,7.92,155.56,56.86,71.09,Alluvial,366,3,1.0,CoM0265,449.49,6.5,80.5,10.2,33.1,18.1
1299.94,29.73,7.69,142.33,51.87,65.43,Red Soil,353,2,1.0,Co0238,360.12,6.69,91.1,8.3,31.8,20.3
1703.7,32.8,8.99,195.23,74.89,89.49,Clay Loam,393,3,1.0,CoM0265,497.16,6.55,95.6,7.7,33.3,16.3
1426.32,32.15,8.41,176.27,66.93,81.67,Alluvial,384,3,1.0,Co0238,464.0,6.93,83.0,12.4,32.3,17.8
1947.15,34.85,9.11,238.77,83.58,110.15,Alluvial,422,3,1.0,Co86032,564.97,6.54,98.0,10.9,39.9,16.7
1041.81,28.81,7.28,131.39,50.94,63.91,Red Soil,339,2,0.0,CoM0265,227.2,6.64,76.7,10.6,24.6,18.4
1775.57,34.25,9.03,217.63,78.94,98.39,Alluvial,407,3,0.96,Co86032,529.91,6.7,89.8,13.5,35.9,17.5
1926.09,34.62,9.23,232.09,80.94,105.84,Alluvial,420,3,0.0,CoM0265,407.0,6.76,98.0,7.9,37.7,14.6
977.98,27.98,7.02,116.91,42.99,60.33,Sandy Loam,331,4,0.06,Co0238,188.4,6.71,76.1,7.3,25.8,20.2
1066.78,29.07,7.37,130.2,46.59,60.33,Red Soil,337,2,0.06,CoM0265,216.21,6.98,84.4,11.2,24.3,19.3
1686.56,33.17,8.71,202.84,76.06,92.73,Clay Loam,401,4,1.0,Co0238,535.2,7.02,86.6,10.9,36.8,15.7
979.2,28.15,7.45,127.45,45.91,60.54,Red Soil,334,2,0.98,Co0238,335.33,6.31,69.6,15.2,29.6,17.5
864.52,27.06,7.13,112.94,41.53,52.37,Sandy Loam,321,5,1.0,Co0238,267.14,6.92,63.2,10.5,22.7,19.4
1676.81,33.22,9.08,204.73,76.55,91.38,Clay Loam,390,3,1.0,CoM0265,521.69,6.79,81.4,9.1,32.2,18.9
800.0,26.5,6.85,100.0,40.0,50.43,Sandy Loam,320,5,0.0,Co0238,197.22,6.51,84.7,11.3,25.7,19.4
976.17,28.41,7.25,114.41,45.78,63.4,Red Soil,335,2,1.0,Co0238,310.97,6.75,76.8,9.3,30.9,17.4
1617.11,31.95,8.47,174.1,60.78,78.75,Clay Loam,371,3,1.0,CoM0265,469.21,6.71,89.3,8.8,44.1,17.2
1049.57,29.11,7.16,133.16,47.65,61.17,Red Soil,341,2,0.0,CoM0265,222.09,6.48,80.0,6.7,28.5,18.7
1185.32,31.75,8.16,160.96,62.46,75.82,Alluvial,374,3,0.0,Co86032,312.21,6.8,82.2,9.4,30.2,19.1
904.17,27.32,7.08,122.03,44.31,56.52,Sandy Loam,327,4,0.07,Co0238,188.4,6.89,73.0,8.8,25.0,19.4
978.72,28.19,7.21,123.19,46.52,61.35,Red Soil,329,2,1.0,Co0238,303.13,6.89,75.8,4.9,24.1,19.4
1820.97,33.87,8.97,218.44,79.21,99.58,Alluvial,408,3,0.9,Co86032,549.53,6.95,93.6,8.6,38.9,16.1
1424.0,31.89,8.29,172.89,67.57,82.0,Alluvial,379,3,0.91,Co0238,466.19,6.98,89.1,15.1,31.9,16.1
1791.98,33.54,8.87,217.79,80.5,96.13,Alluvial,405,3,1.0,CoM0265,534.03,6.8,90.0,10.4,39.4,17.2
1221.16,31.78,8.12,164.42,59.1,77.07,Alluvial,368,3,0.03,Co86032,316.99,6.73,76.9,13.8,30.4,18.3
1690.44,33.02,8.73,205.35,76.59,92.82,Clay Loam,399,4,0.91,Co0238,509.21,6.88,89.9,7.6,34.4,17.4
1343.34,29.88,7.62,140.04,49.08,64.9,Red Soil,354,2,1.0,Co0238,336.18,6.93,76.6,7.8,27.0,17.8
1590.11,32.06,8.4,174.94,63.54,79.56,Clay Loam,376,3,0.98,CoM0265,478.14,6.98,85.1,7.9,34.1,16.6
1397.16,31.52,8.09,172.96,67.51,81.66,Alluvial,374,3,1.0,Co0238,461.58,6.9,67.5,6.5,29.2,19.1
1071.65,30.15,7.6,150.67,54.94,67.76,Clay Loam,362,4,1.0,CoM0265,417.77,6.84,71.9,5.8,27.7,17.1
1312.16,29.96,7.56,140.29,51.32,63.1,Red Soil,349,2,0.8,Co0238,345.38,6.66,83.2,12.4,33.8,17.9
1150.89,29.62,7.63,135.35,49.29,64.47,Red Soil,345,2,0.93,Co86032,327.25,6.49,77.8,6.1,28.9,20.3
953.27,27.37,7.14,117.33,45.51,59.12,Sandy Loam,332,4,0.12,Co0238,191.26,6.99,73.7,12.7,25.7,20.1
1268.58,31.21,8.16,152.44,58.73,74.07,Alluvial,364,3,1.0,CoM0265,464.74,6.71,84.7,14.7,29.5,19.8
1773.08,33.86,8.89,213.69,80.43,99.38,Alluvial,410,3,1.0,CoM0265,534.98,6.89,97.7,13.9,40.4,16.6
1451.32,32.66,8.45,176.31,67.4,78.26,Alluvial,377,3,1.0,Co86032,482.06,6.69,83.7,6.5,34.3,19.1
1965.31,34.94,9.3,231.37,83.14,111.09,Alluvial,422,3,1.0,Co86032,568.52,6.91,98.0,12.2,40.9,17.3
1788.8,34.06,8.8,218.56,77.53,98.76,Alluvial,409,3,0.69,CoM0265,536.41,6.79,94.5,10.8,35.0,14.6
1724.42,33.78,8.86,214.04,78.38,95.3,Alluvial,404,3,1.0,Co86032,532.21,6.72,92.0,8.8,34.7,15.7
1806.0,34.41,8.91,221.2,79.67,100.41,Alluvial,413,3,1.0,Co86032,566.22,6.68,91.9,8.8,40.7,16.5
1466.98,32.48,8.49,182.95,69.17,84.59,Clay Loam,381,3,0.91,Co86032,482.17,6.87,80.7,8.5,36.1,16.6
935.85,27.63,7.06,119.85,42.45,60.96,Sandy Loam,329,4,0.0,Co0238,188.4,6.44,71.9,12.0,21.9,18.9
1801.19,34.22,9.04,212.47,80.6,96.88,Alluvial,409,3,1.0,CoM0265,531.18,7.27,92.8,10.0,35.8,17.2
1830.7,34.14,9.28,227.88,80.42,100.24,Alluvial,410,3,0.87,Co86032,554.05,6.69,98.0,12.3,36.0,16.2
1453.21,32.83,8.26,185.4,68.33,82.06,Clay Loam,385,3,1.0,Co86032,478.03,7.01,80.2,4.1,32.1,18.7
1074.09,30.55,7.87,151.43,55.48,70.44,Clay Loam,358,4,0.93,CoM0265,424.13,6.83,75.8,10.0,27.6,19.8
1244.65,31.31,7.9,159.67,63.28,75.81,Alluvial,369,3,0.97,CoM0265,480.83,6.79,82.5,7.7,28.0,18.8
1844.15,34.05,8.96,228.29,80.44,102.25,Alluvial,412,3,0.93,CoM0265,542.56,6.69,89.8,8.8,37.2,16.5
1051.25,28.21,7.35,123.35,46.2,61.27,Red Soil,332,2,1.0,Co0238,327.12,6.66,65.8,10.5,25.4,20.5
1237.18,31.2,7.83,156.13,60.35,73.51,Alluvial,367,3,0.97,CoM0265,451.83,6.94,76.5,8.6,33.9,17.6
1618.29,33.32,8.69,205.39,74.87,92.17,Clay Loam,389,3,0.98,CoM0265,503.46,6.63,86.3,11.0,32.8,15.8
1409.4,31.71,8.32,173.33,68.48,79.29,Alluvial,376,3,0.89,Co0238,467.93,6.95,76.2,10.7,36.6,19.5
807.77,26.6,6.83,101.93,40.0,53.04,Sandy Loam,324,5,0.95,Co86032,274.38,6.56,76.5,11.5,22.8,20.3
1589.75,32.98,8.74,198.48,71.09,85.71,Alluvial,388,3,1.0,Co86032,488.07,6.87,94.4,10.0,42.2,16.7
1620.15,33.09,8.83,202.35,75.15,88.21,Clay Loam,398,3,0.88,CoM0265,509.5,6.96,82.3,6.4,39.1,13.2
1869.16,34.59,9.17,233.72,83.71,105.55,Alluvial,417,3,0.17,CoM0265,401.66,7.25,93.7,7.7,43.4,13.9
1073.73,28.92,7.34,130.62,48.3,63.84,Red Soil,340,2,0.0,CoM0265,225.75,6.84,75.2,12.8,29.1,20.1
1747.01,34.52,8.92,219.27,79.53,98.63,Alluvial,408,3,0.81,Co86032,543.74,6.99,89.6,14.3,35.4,16.9
965.56,28.22,7.22,126.84,45.94,61.2,Red Soil,331,2,1.0,Co0238,314.42,6.96,78.4,8.5,24.0,18.4
800.0,27.0,6.88,100.94,40.0,52.9,Sandy Loam,320,5,0.83,Co0238,279.66,7.0,66.3,8.2,19.8,19.7
1661.9,32.41,8.66,192.36,72.21,90.41,Clay Loam,390,4,0.0,Co0238,377.44,6.33,93.3,10.8,31.9,16.5
1164.43,31.72,8.16,162.6,60.56,73.76,Alluvial,369,3,0.0,Co86032,310.81,6.93,73.3,5.3,27.3,18.4
1828.16,33.94,8.9,223.5,86.0,103.25,Alluvial,412,3,1.0,CoM0265,559.56,6.82,97.4,17.0,37.5,13.6
1720.48,33.56,8.84,210.73,78.18,95.63,Alluvial,408,3,1.0,Co86032,542.27,6.77,89.3,6.6,35.6,13.7
1086.87,29.12,7.44,126.71,47.3,63.95,Red Soil,343,2,0.15,CoM0265,214.47,6.9,75.4,8.7,35.7,16.8
809.75,26.74,6.8,100.0,40.0,51.07,Sandy Loam,320,5,0.01,Co0238,188.4,7.24,64.4,14.2,25.8,21.9
862.29,27.31,6.96,112.94,40.65,56.48,Sandy Loam,322,5,0.96,Co86032,289.27,6.93,63.3,7.1,26.2,19.0
1091.28,30.48,7.46,151.64,53.85,73.18,Clay Loam,367,4,0.96,CoM0265,422.12,6.68,72.9,10.7,30.3,19.4
1691.59,32.15,8.67,189.99,75.2,91.23,Clay Loam,392,4,0.0,Co0238,364.17,6.6,78.8,15.7,36.6,17.2
809.4,26.5,6.89,100.63,40.0,52.88,Sandy Loam,322,5,0.13,Co0238,188.4,7.19,66.8,7.7,23.4,21.5
870.08,26.71,7.09,107.03,41.4,54.36,Sandy Loam,325,5,0.95,Co86032,300.65,6.78,68.3,6.0,20.7,25.0
1925.15,34.67,9.3,233.73,83.01,106.55,Alluvial,419,3,0.0,CoM0265,390.96,6.94,91.1,9.1,41.8,17.5
1869.65,33.99,8.99,226.32,81.49,103.03,Alluvial,411,3,0.87,CoM0265,570.02,6.98,83.8,12.1,36.8,14.2
1170.02,30.36,7.74,158.37,55.85,71.83,Clay Loam,366,4,1.0,CoM0265,421.46,6.84,86.4,10.8,30.2,18.1
1334.59,29.91,7.35,140.06,49.8,64.53,Red Soil,345,2,0.93,Co0238,338.52,7.02,85.2,10.9,29.9,19.9
872.53,26.5,6.8,104.0,40.0,53.89,Sandy Loam,320,5,1.0,Co86032,274.14,6.75,72.2,9.8,27.4,18.8
1296.22,31.18,8.04,167.45,60.62,75.46,Alluvial,367,3,1.0,CoM0265,484.38,6.58,84.3,12.9,31.9,21.0
941.97,27.65,7.16,114.93,43.4,58.03,Sandy Loam,327,4,0.0,Co0238,198.3,6.7,71.6,4.5,24.8,19.8
836.67,26.87,6.83,109.12,41.32,52.65,Sandy Loam,327,5,0.95,Co0238,270.52,7.02,67.0,11.9,17.7,20.0
1964.39,34.75,9.0,232.61,83.73,106.83,Alluvial,421,3,0.0,CoM0265,391.77,6.8,91.1,6.3,39.8,17.2
970.81,28.01,7.19,122.33,43.19,56.08,Red Soil,328,2,1.0,Co0238,298.68,6.65,74.9,9.1,28.3,20.3
1844.14,33.94,9.19,226.21,79.11,103.2,Alluvial,413,3,0.87,Co86032,528.96,7.06,83.6,9.2,41.2,17.5
1843.07,34.26,8.82,212.54,78.29,99.61,Alluvial,412,3,0.94,CoM0265,526.92,7.05,95.2,11.3,37.2,16.8
1683.26,33.72,8.63,209.15,76.18,92.19,Clay Loam,399,4,1.0,Co0238,526.75,6.53,83.7,11.1,38.7,18.0
1063.85,29.23,7.31,129.64,47.83,61.56,Red Soil,340,2,0.0,CoM0265,220.9,6.57,65.7,13.5,27.5,17.5
929.17,27.39,6.89,109.28,42.09,54.9,Sandy Loam,324,4,0.9,CoM0265,294.64,6.78,68.6,8.2,18.0,21.4
1640.91,31.98,8.54,165.89,64.09,77.9,Clay Loam,372,3,0.87,CoM0265,465.36,6.88,90.1,4.1,37.9,17.5
1287.78,30.1,7.55,135.4,50.18,64.87,Red Soil,353,2,0.96,Co0238,338.75,6.53,74.6,8.7,36.2,18.2
1308.54,31.54,8.04,163.88,61.21,77.61,Alluvial,371,3,0.93,CoM0265,457.97,6.49,82.2,7.9,30.9,17.7
1849.55,34.39,8.79,222.47,82.81,100.36,Alluvial,409,3,1.0,CoM0265,559.29,6.59,91.6,8.9,40.6,16.1
1586.78,32.31,8.4,167.57,62.3,77.56,Clay Loam,372,3,1.0,CoM0265,457.73,7.02,76.8,9.4,39.7,18.3
1318.36,29.44,7.59,147.08,51.22,63.78,Red Soil,348,2,1.0,Co0238,350.51,6.43,82.5,11.3,33.7,17.8
1329.46,29.66,7.56,136.2,50.65,65.28,Red Soil,350,2,0.9,Co0238,348.29,6.57,80.8,8.0,35.2,15.4
1935.63,35.2,9.19,243.0,83.74,110.48,Alluvial,421,3,1.0,Co86032,580.4,6.55,95.1,7.0,38.6,16.3
1227.02,29.97,7.69,134.4,50.4,66.27,Red Soil,346,2,0.9,Co86032,331.99,6.74,77.9,7.8,28.3,20.4
1136.4,30.57,7.9,153.25,57.84,72.83,Clay Loam,362,4,1.0,CoM0265,425.29,7.02,74.3,5.9,23.0,21.1
1357.85,29.87,7.53,135.47,49.62,64.25,Red Soil,350,2,0.94,Co0238,343.8,6.58,85.1,12.4,33.8,19.1
1582.66,33.09,8.49,199.0,71.74,89.83,Alluvial,390,3,1.0,Co86032,506.87,6.79,96.1,7.2,38.9,17.3
1895.93,34.67,9.21,227.43,83.63,108.39,Alluvial,419,3,0.0,CoM0265,388.55,6.97,95.8,11.8,42.3,15.5
881.1,27.03,7.22,106.55,41.39,54.46,Sandy Loam,327,5,1.0,Co86032,285.98,6.47,76.7,11.1,26.3,20.3
1005.8,28.1,7.5,126.94,46.93,60.34,Red Soil,333,2,0.92,Co0238,304.76,6.89,74.1,13.3,23.2,19.9
1487.64,32.43,8.74,180.98,65.38,79.32,Alluvial,380,3,1.0,Co86032,487.74,6.91,79.7,9.4,39.1,18.5
1940.06,34.41,9.19,230.49,83.23,106.74,Alluvial,413,3,0.02,CoM0265,379.97,6.57,98.0,13.9,43.7,15.0
919.22,27.56,7.19,115.46,45.65,59.16,Sandy Loam,327,4,0.0,Co0238,188.44,6.61,77.1,11.8,25.1,21.6
822.76,26.69,6.8,103.77,40.0,51.03,Sandy Loam,328,5,1.0,Co0238,271.1,6.99,70.2,13.7,25.5,22.2
1829.96,34.06,9.02,213.78,80.06,97.45,Alluvial,412,3,1.0,CoM0265,541.48,7.01,88.3,11.4,33.5,17.2
1111.99,29.47,7.64,138.58,48.08,61.89,Red Soil,349,2,0.97,Co86032,344.49,6.47,71.2,14.2,26.8,18.3
1737.03,33.48,9.04,209.03,76.24,94.53,Alluvial,409,3,1.0,Co86032,529.89,6.76,87.1,10.9,32.9,16.8
1516.06,32.5,8.57,195.75,70.44,85.9,Clay Loam,388,4,1.0,Co0238,494.96,6.69,83.3,13.9,38.9,15.3
1802.57,33.58,9.07,216.25,80.71,98.66,Alluvial,407,3,1.0,CoM0265,541.82,6.74,98.0,17.9,36.3,16.5
1490.59,32.66,8.51,182.83,69.13,84.93,Clay Loam,385,3,0.95,Co86032,488.83,6.83,85.1,11.1,32.3,16.3
999.44,28.55,7.44,120.66,47.66,60.12,Red Soil,333,2,0.97,Co0238,321.94,6.95,78.2,8.5,32.4,24.9
1157.57,29.15,7.45,136.37,50.23,63.36,Red Soil,346,2,0.96,Co86032,330.49,6.96,76.7,9.1,25.9,20.5
1233.16,31.36,8.06,164.12,59.3,74.36,Alluvial,370,3,0.0,Co86032,312.22,6.6,81.3,6.3,29.0,19.3
971.08,28.39,7.31,124.6,45.71,59.23,Red Soil,336,2,0.8,Co0238,323.74,6.81,68.2,11.9,29.0,19.6
1243.73,31.58,8.23,156.91,58.45,75.14,Alluvial,371,3,0.0,Co86032,309.0,6.56,81.4,10.6,34.4,18.9
1548.29,32.94,8.7,192.85,69.78,84.23,Clay Loam,383,4,0.84,Co0238,505.03,6.69,91.6,10.0,30.9,17.9
1858.76,34.1,9.09,223.93,81.22,101.38,Alluvial,417,3,0.93,CoM0265,562.06,6.75,98.0,14.1,40.1,15.8
1658.61,33.11,8.75,200.52,74.91,89.32,Clay Loam,397,3,1.0,CoM0265,502.15,6.91,84.9,13.2,37.3,17.5
1253.5,31.29,8.22,163.29,59.89,75.88,Alluvial,370,3,0.0,Co86032,320.29,6.68,83.3,10.6,29.8,19.9
1751.58,33.9,8.9,211.46,77.68,97.03,Alluvial,407,3,1.0,CoM0265,534.41,6.54,87.2,12.8,38.9,15.4
818.35,26.58,6.8,102.05,40.0,50.84,Sandy Loam,326,5,0.0,Co0238,206.15,6.81,65.5,11.0,25.2,19.1
1076.71,30.13,7.78,149.58,55.97,71.39,Clay Loam,365,4,1.0,CoM0265,432.75,6.56,68.0,7.3,27.5,17.3
839.58,26.83,6.8,106.81,43.29,52.26,Sandy Loam,324,5,0.94,Co86032,279.87,6.55,74.4,6.7,27.4,18.2
1017.41,28.43,7.18,129.89,47.78,61.82,Red Soil,331,2,1.0,Co0238,310.22,6.73,71.7,10.3,28.6,20.5
1296.18,30.1,7.52,135.99,51.27,65.29,Red Soil,352,2,0.78,Co0238,350.12,6.58,78.4,8.3,31.6,18.6
885.99,26.62,7.12,112.64,40.0,54.39,Sandy Loam,325,5,1.0,Co86032,270.88,6.72,67.7,8.4,22.0,17.3
1754.76,32.15,8.32,195.28,71.65,89.59,Clay Loam,392,4,0.04,Co0238,345.1,6.81,94.9,13.2,38.0,15.9
1218.95,29.45,7.62,132.86,48.42,64.67,Red Soil,349,2,0.92,Co86032,329.51,6.48,87.3,14.0,31.6,19.5
1617.87,32.1,8.38,168.91,62.1,80.1,Clay Loam,374,3,1.0,CoM0265,480.51,6.63,87.5,6.1,34.0,16.6
1109.42,30.18,7.84,147.45,55.79,71.66,Clay Loam,361,4,1.0,CoM0265,423.51,6.7,83.2,8.2,29.2,17.8
1424.24,31.78,8.14,175.22,65.06,82.5,Alluvial,380,3,1.0,Co0238,469.12,6.82,78.5,10.1,32.3,16.0
1768.24,33.71,8.83,211.39,76.84,93.14,Alluvial,408,3,1.0,Co86032,543.67,6.44,93.6,9.9,37.8,16.6
1910.5,34.62,9.1,219.4,81.99,108.71,Alluvial,411,3,0.0,CoM0265,401.73,6.81,98.0,4.1,42.2,18.7
1749.25,33.65,8.87,217.07,78.1,95.09,Alluvial,403,3,1.0,Co86032,539.58,6.71,90.9,14.5,43.7,18.4
1419.98,31.67,8.08,175.09,68.11,79.6,Alluvial,379,3,0.84,Co0238,493.6,7.17,90.5,7.3,27.8,16.2
803.43,26.79,6.8,100.0,40.0,51.19,Sandy Loam,321,5,1.0,Co86032,267.38,6.77,72.3,9.8,22.7,20.2
1805.13,33.85,9.0,212.85,80.25,98.91,Alluvial,405,3,0.83,CoM0265,528.46,6.86,86.2,8.2,38.3,17.6
1555.6,31.96,8.45,163.89,60.38,77.53,Clay Loam,372,3,0.98,CoM0265,465.02,6.92,83.4,12.6,31.3,15.9
807.94,27.15,7.01,111.46,42.45,54.12,Sandy Loam,328,5,1.0,Co86032,271.23,6.73,78.9,6.8,22.0,22.8
1153.9,29.9,7.78,138.94,49.25,64.81,Red Soil,345,2,0.74,Co86032,348.72,7.15,79.2,5.3,28.5,19.1
1050.46,28.75,7.28,133.37,49.47,62.78,Red Soil,342,2,0.11,CoM0265,238.63,6.58,79.7,16.8,23.2,21.6
1030.08,28.47,7.43,129.39,46.97,61.45,Red Soil,330,2,0.83,Co0238,311.57,6.33,84.9,8.1,27.7,16.8
885.89,26.98,7.1,109.03,40.0,55.34,Sandy Loam,328,5,1.0,Co86032,289.46,7.0,64.7,12.8,23.4,19.2
1137.6,29.58,7.64,135.07,50.25,64.37,Red Soil,349,2,0.94,Co86032,340.59,6.81,76.8,8.4,29.3,21.1
1562.05,32.51,8.66,177.7,64.31,78.4,Clay Loam,376,3,1.0,CoM0265,485.99,7.01,81.0,6.9,35.7,15.5
1138.17,29.7,7.61,135.98,51.98,63.34,Red Soil,347,2,0.9,Co86032,332.03,6.74,78.4,12.6,25.7,19.0
1174.29,31.08,7.93,151.14,57.53,71.13,Alluvial,364,3,1.0,CoM0265,451.72,6.63,78.4,9.9,31.2,19.3
1243.79,31.01,8.21,163.25,59.18,75.18,Alluvial,366,3,0.98,CoM0265,444.02,6.33,78.3,13.9,31.2,19.9
1521.34,32.91,8.64,186.24,70.52,83.41,Clay Loam,382,4,0.98,Co0238,502.86,7.05,84.3,7.6,30.0,19.1
800.0,26.53,6.83,101.39,40.0,50.0,Sandy Loam,320,5,0.0,Co0238,195.61,7.22,72.9,14.8,25.1,19.5
1359.36,30.68,7.93,144.79,53.36,67.97,Red Soil,356,2,1.0,Co86032,366.09,6.96,81.1,13.3,35.1,17.7
1334.94,30.83,7.93,143.86,52.61,69.43,Red Soil,358,2,0.92,Co86032,370.69,6.79,85.6,13.2,40.9,20.1
918.64,27.45,7.05,117.14,44.75,52.66,Sandy Loam,329,4,0.89,CoM0265,292.32,6.99,71.5,8.1,25.9,19.9
945.0,27.47,7.32,114.88,45.85,59.86,Sandy Loam,328,4,0.13,Co0238,188.4,6.7,75.6,13.3,25.9,20.2
1089.39,28.89,7.49,138.14,49.44,61.04,Red Soil,337,2,0.0,CoM0265,218.9,7.04,74.7,10.9,27.2,18.1
1026.34,28.52,7.58,132.75,47.21,61.25,Red Soil,337,2,0.97,Co0238,335.22,6.77,66.3,14.6,28.4,21.0
1508.72,32.84,8.37,193.57,69.68,84.73,Clay Loam,384,4,0.92,Co0238,514.87,6.82,81.8,7.8,33.1,18.4
1705.53,32.17,8.59,199.1,73.81,88.61,Clay Loam,389,4,0.03,Co0238,366.93,6.9,83.6,11.9,32.7,19.0
1749.99,32.34,8.77,193.94,71.71,89.49,Clay Loam,391,4,0.07,Co0238,357.3,6.6,83.4,9.9,36.5,17.6
800.0,26.67,6.85,100.0,40.0,50.0,Sandy Loam,321,5,0.02,Co0238,203.58,6.79,77.9,4.0,20.3,22.9
1938.53,35.2,9.3,239.73,84.0,111.7,Alluvial,419,3,1.0,Co86032,568.93,6.85,90.2,8.4,42.1,16.4
1676.12,32.03,8.66,194.67,71.6,88.89,Clay Loam,391,4,0.09,Co0238,362.41,6.73,78.0,8.6,36.8,19.5
1120.95,29.63,7.77,132.69,48.47,64.38,Red Soil,345,2,0.93,Co86032,335.34,6.71,79.3,7.3,26.5,17.2
1411.23,31.9,8.2,178.86,67.57,82.47,Alluvial,382,3,0.92,Co0238,480.85,6.89,89.3,14.9,31.9,17.8
1002.11,28.63,7.51,117.02,44.64,59.02,Red Soil,331,2,0.91,Co0238,327.27,6.89,76.4,8.3,24.6,18.3
1699.06,33.14,8.57,204.39,75.31,90.99,Clay Loam,397,4,0.85,Co0238,523.1,6.88,92.9,11.2,34.9,17.8
1444.08,32.61,8.65,185.24,69.79,83.48,Clay Loam,386,3,0.88,Co86032,487.84,6.57,78.4,6.1,29.9,18.0
1286.39,29.56,7.69,149.5,50.8,61.92,Red Soil,351,2,1.0,Co0238,354.71,6.88,79.9,11.0,28.6,18.2
1650.91,33.01,8.86,199.76,76.57,91.32,Clay Loam,401,3,1.0,CoM0265,519.18,6.5,95.2,5.3,40.6,17.6
1316.89,31.7,8.16,165.66,63.61,78.63,Alluvial,375,3,0.95,CoM0265,474.68,6.58,87.4,10.7,31.5,20.6
1646.87,33.28,8.98,202.66,75.44,92.51,Clay Loam,396,3,1.0,CoM0265,506.69,6.79,87.1,8.3,34.6,18.7
1646.07,32.91,8.82,202.76,73.86,89.17,Clay Loam,391,3,0.98,CoM0265,508.97,6.85,88.9,8.3,38.8,17.9
911.75,27.59,7.07,117.95,41.45,56.69,Sandy Loam,330,4,0.88,CoM0265,290.63,6.91,83.3,8.5,19.6,20.2
1665.48,33.17,8.87,197.64,74.28,91.35,Clay Loam,388,3,1.0,CoM0265,489.85,6.71,88.1,8.3,37.4,17.3
878.93,27.02,7.08,104.31,40.45,53.21,Sandy Loam,327,5,1.0,Co86032,288.8,7.02,63.9,4.6,22.7,18.0
954.69,28.46,7.45,123.64,47.11,62.93,Red Soil,334,2,1.0,Co0238,304.82,6.85,76.4,3.5,20.3,20.9
950.44,28.47,7.37,127.17,47.32,62.46,Red Soil,338,2,1.0,Co0238,301.51,7.07,73.6,4.7,27.1,21.4
1560.01,32.83,8.82,190.17,71.62,88.47,Alluvial,389,3,1.0,Co86032,516.37,6.23,90.5,10.7,36.9,18.6
1440.48,32.64,8.61,187.31,67.46,83.7,Clay Loam,384,4,1.0,Co0238,500.01,6.8,89.6,5.3,37.9,20.5
891.97,27.22,6.9,105.18,40.0,54.55,Sandy Loam,321,5,1.0,Co86032,281.09,6.91,69.8,15.4,26.1,20.6
1879.9,34.3,9.11,226.98,82.07,101.11,Alluvial,413,3,1.0,CoM0265,559.72,6.79,95.6,10.1,41.0,15.9
1384.35,30.14,7.81,144.09,50.08,66.35,Red Soil,355,2,0.98,Co86032,359.28,7.03,76.7,10.1,32.4,18.9
1376.69,31.76,8.33,178.86,65.92,82.74,Alluvial,379,3,0.91,Co0238,486.3,6.86,91.4,16.6,34.7,17.8
945.65,28.21,7.21,119.09,44.75,60.93,Red Soil,332,2,1.0,Co0238,321.63,6.84,68.8,11.3,28.3,20.2
1778.05,34.08,8.92,220.62,80.43,99.38,Alluvial,412,3,1.0,CoM0265,541.95,6.81,87.3,6.8,34.7,14.7
1681.21,32.4,8.65,199.74,74.88,89.06,Clay Loam,391,4,0.04,Co0238,366.81,7.12,90.5,9.1,35.7,16.1
1527.73,32.73,8.63,191.05,67.02,85.91,Clay Loam,390,4,0.99,Co0238,506.49,6.94,86.4,12.3,36.9,15.8
1381.62,32.87,8.63,179.37,64.07,78.42,Alluvial,380,3,1.0,Co86032,485.82,7.17,75.0,11.4,34.5,18.1
1021.23,28.29,7.08,115.89,45.77,59.01,Red Soil,334,2,0.82,Co0238,317.73,6.65,74.4,13.1,31.3,21.2
917.93,27.8,7.18,108.46,42.82,54.94,Sandy Loam,330,4,0.94,CoM0265,287.81,6.71,69.2,9.1,29.0,20.2
1963.54,34.9,9.26,235.51,86.0,110.17,Alluvial,417,3,0.95,Co86032,565.5,6.89,98.0,15.6,41.4,14.6
910.59,27.68,7.18,121.35,44.52,57.81,Sandy Loam,327,4,0.0,Co0238,188.4,6.67,77.6,5.1,29.9,19.9
845.08,27.11,7.02,112.25,41.22,55.61,Sandy Loam,321,5,1.0,Co86032,285.8,7.08,75.4,4.5,25.9,20.1
1725.38,33.49,8.87,212.16,79.74,96.04,Alluvial,405,3,1.0,Co86032,512.5,6.7,91.3,6.7,37.1,17.7
1738.71,33.67,8.83,204.84,78.35,93.49,Clay Loam,401,4,1.0,Co0238,528.04,7.01,86.1,7.5,36.9,16.6
1817.4,33.79,9.13,219.83,78.48,103.35,Alluvial,412,3,1.0,CoM0265,537.83,6.78,92.7,10.7,38.0,19.2
1516.25,32.81,8.64,185.41,69.87,84.83,Clay Loam,390,4,0.81,Co0238,503.44,6.79,83.1,5.7,31.6,16.8
1287.21,31.25,7.99,154.14,58.44,72.74,Alluvial,362,3,1.0,CoM0265,453.2,7.08,73.9,11.7,31.7,20.0
1805.46,33.98,8.94,219.08,79.21,100.82,Alluvial,412,3,0.99,CoM0265,562.31,6.57,98.0,13.4,40.7,17.9
1475.82,32.79,8.61,186.7,71.46,86.43,Clay Loam,379,3,1.0,Co86032,499.78,7.05,85.3,2.6,37.4,18.4
1426.62,32.78,8.53,179.94,65.86,79.76,Alluvial,384,3,0.97,Co86032,479.83,6.83,82.9,12.1,33.8,18.2
1103.0,30.58,7.83,157.24,53.0,68.54,Clay Loam,365,4,1.0,CoM0265,421.31,6.72,70.7,3.0,28.8,21.4
1955.17,35.13,9.3,242.2,86.0,111.94,Alluvial,421,3,0.97,Co86032,580.4,6.67,93.0,9.9,38.4,13.5
951.74,27.96,7.24,120.5,44.75,58.43,Red Soil,328,2,0.88,Co0238,311.38,6.85,79.5,9.6,26.5,18.5
858.05,27.3,6.95,106.48,42.95,54.54,Sandy Loam,322,5,1.0,Co0238,279.24,6.58,70.1,11.1,26.1,17.6
1908.35,34.83,8.93,229.0,83.36,105.57,Alluvial,417,3,0.0,CoM0265,388.67,6.85,96.2,11.3,43.0,16.1
1189.78,31.3,8.16,160.73,59.31,73.87,Alluvial,371,3,0.0,Co86032,306.95,6.75,80.7,6.9,28.3,18.2
1037.25,28.55,7.35,123.09,46.22,59.48,Red Soil,334,2,0.93,Co0238,316.38,6.63,88.5,15.1,26.7,17.8
914.42,28.61,7.35,122.02,47.17,60.11,Red Soil,340,2,1.0,Co0238,312.78,6.32,70.9,5.5,25.2,21.0
800.0,26.5,6.95,100.0,40.0,50.24,Sandy Loam,320,5,0.0,Co0238,195.61,6.79,71.8,14.5,26.4,18.6
1238.12,31.93,8.32,163.08,60.41,75.0,Alluvial,370,3,0.06,Co86032,312.75,6.83,81.4,6.8,30.6,16.8
1225.35,31.21,8.09,150.04,59.42,71.7,Alluvial,370,3,0.91,CoM0265,454.06,6.66,67.8,9.2,35.1,17.6
1900.39,35.1,9.26,237.09,84.76,111.41,Alluvial,418,3,1.0,Co86032,572.83,6.94,93.4,13.1,40.7,15.2
1713.64,32.32,8.52,194.12,71.35,87.52,Clay Loam,389,4,0.0,Co0238,355.97,6.78,89.6,10.5,38.7,18.3
1543.26,32.72,8.61,185.73,68.76,86.38,Clay Loam,385,4,1.0,Co0238,482.16,6.86,83.6,12.4,34.4,16.0
1072.94,30.37,7.68,146.02,53.39,73.27,Clay Loam,359,4,1.0,CoM0265,427.47,7.09,86.0,13.6,29.5,18.7
1027.52,28.79,7.34,128.74,46.64,59.74,Red Soil,333,2,1.0,Co0238,315.05,6.48,79.6,2.0,28.5,21.1
1953.14,34.41,9.3,238.34,85.45,111.42,Alluvial,422,3,1.0,Co86032,580.4,6.74,95.2,6.8,39.3,16.3
1362.59,29.95,7.58,137.49,51.3,67.42,Red Soil,348,2,1.0,Co0238,340.56,6.69,80.8,12.5,28.2,17.4
1551.23,32.8,8.55,189.02,71.25,85.73,Clay Loam,386,3,1.0,Co86032,498.1,7.08,84.6,14.1,39.7,18.8
1180.5,29.52,7.6,130.29,51.68,61.93,Red Soil,347,2,0.89,Co86032,345.87,7.11,80.9,12.4,25.9,19.7
1852.73,34.31,8.97,231.24,79.55,100.05,Alluvial,413,3,1.0,Co86032,524.44,6.82,86.0,9.1,39.1,15.9
822.86,26.95,6.97,105.2,41.26,54.63,Sandy Loam,326,5,0.84,Co0238,281.72,6.49,73.5,13.1,22.4,20.1
1356.14,29.77,7.5,139.65,48.48,63.98,Red Soil,346,2,0.9,Co0238,342.22,6.62,79.5,10.3,30.0,17.8
1526.64,32.43,8.42,184.96,68.64,84.3,Clay Loam,380,3,0.99,Co86032,495.09,7.09,90.9,9.8,29.7,16.7
1435.03,31.45,8.15,178.4,68.02,80.44,Alluvial,377,3,1.0,Co0238,474.21,6.58,88.3,8.3,39.7,16.7
903.68,27.01,6.97,114.02,43.29,56.11,Sandy Loam,326,5,1.0,Co86032,282.4,7.02,71.4,2.0,27.4,19.3
1088.12,29.04,7.36,132.71,47.89,61.97,Red Soil,340,2,0.0,CoM0265,210.63,6.69,88.6,12.9,26.7,16.2
1774.95,33.75,8.93,206.44,79.76,94.01,Alluvial,409,3,1.0,Co86032,526.98,6.73,90.5,6.1,39.8,16.0
1243.65,31.11,8.09,170.46,62.21,76.61,Alluvial,371,3,0.86,CoM0265,489.37,6.87,90.0,9.0,29.6,19.2
1325.72,30.13,7.59,140.81,50.11,64.64,Red Soil,352,2,0.95,Co0238,350.72,6.58,82.5,7.3,39.6,17.7
1017.3,28.86,7.2,129.76,48.98,64.46,Red Soil,336,2,0.07,CoM0265,217.97,6.68,72.4,4.4,29.7,18.2
1851.87,34.15,8.95,230.14,82.48,104.84,Alluvial,413,3,0.19,CoM0265,390.91,6.74,93.7,4.1,41.3,14.7
800.0,26.5,6.8,101.8,40.0,50.0,Sandy Loam,320,5,1.0,Co86032,267.78,6.85,69.9,14.5,25.0,19.9
1755.54,33.3,8.83,210.51,81.17,98.26,Alluvial,406,3,0.84,CoM0265,545.91,7.06,87.4,9.6,36.1,17.0
1970.0,35.2,9.23,243.0,84.7,111.77,Alluvial,417,3,1.0,Co86032,574.33,6.74,94.4,13.3,41.5,14.7
1654.86,32.93,8.81,199.18,76.04,89.73,Clay Loam,388,3,0.85,CoM0265,511.3,6.7,87.6,13.9,37.0,17.0
1761.55,33.76,9.07,214.55,79.94,95.22,Alluvial,408,3,1.0,Co86032,524.03,6.53,93.7,13.0,39.1,19.4
1876.29,34.29,9.09,228.0,81.15,104.3,Alluvial,411,3,0.0,CoM0265,395.12,6.89,88.6,9.6,43.7,15.1
1968.14,35.2,9.27,242.21,85.49,110.71,Alluvial,417,3,0.94,Co86032,572.67,6.91,95.1,6.6,40.7,15.1
1509.19,32.74,8.81,187.54,69.1,86.5,Clay Loam,380,4,0.83,Co0238,481.37,6.75,75.2,6.6,31.9,19.3
1538.46,33.37,8.83,185.9,72.07,87.44,Clay Loam,390,4,1.0,Co0238,498.35,6.75,88.5,6.7,35.7,16.3
1032.76,30.62,7.85,143.32,55.13,69.98,Clay Loam,359,4,1.0,CoM0265,430.2,6.62,71.2,9.0,32.6,19.2
861.34,26.85,7.05,115.33,40.31,53.39,Sandy Loam,323,5,0.93,Co86032,271.94,6.86,65.9,8.0,29.9,19.4
1736.65,33.87,8.95,217.16,79.12,99.0,Alluvial,409,3,1.0,Co86032,536.3,6.74,90.6,7.8,45.8,16.5
1334.31,30.17,7.9,144.49,53.21,68.5,Red Soil,353,2,1.0,Co86032,353.43,7.13,85.5,19.3,34.8,18.2
1970.0,34.96,9.3,242.56,84.95,111.83,Alluvial,422,3,0.99,Co86032,579.6,6.43,95.8,9.2,40.6,15.0
1107.65,30.17,7.84,154.07,55.12,73.21,Clay Loam,361,4,0.94,CoM0265,430.37,6.83,75.0,13.5,27.9,19.0
1372.94,30.29,7.86,148.55,53.69,68.55,Red Soil,354,2,0.95,Co86032,357.09,6.66,75.5,11.8,32.6,18.8
1257.57,31.04,7.76,153.68,57.73,72.18,Alluvial,366,3,1.0,CoM0265,437.08,6.64,79.1,17.6,29.4,16.6
1299.82,31.36,8.12,169.05,62.79,77.82,Alluvial,371,3,1.0,CoM0265,464.89,6.59,77.5,9.8,32.0,17.6
1318.42,30.81,7.79,144.7,52.59,68.5,Red Soil,355,2,1.0,Co86032,358.35,6.85,88.4,10.7,27.8,19.6
831.21,26.7,6.87,102.22,40.0,50.14,Sandy Loam,326,5,0.94,Co86032,261.54,6.91,69.5,9.7,24.4,17.5
1542.22,32.53,8.72,193.77,70.34,86.4,Clay Loam,391,4,0.94,Co0238,510.27,6.61,91.7,11.5,43.3,18.8
1153.59,30.7,7.88,150.95,55.77,69.39,Clay Loam,364,4,0.93,CoM0265,420.27,7.19,78.5,5.4,25.1,21.6
1475.54,32.87,8.47,189.93,70.0,84.94,Clay Loam,381,3,0.79,Co86032,498.22,7.0,80.6,9.4,31.5,16.6
1191.83,31.31,8.23,162.54,58.6,74.63,Alluvial,369,3,0.18,Co86032,296.78,6.78,73.9,7.9,32.6,19.1
